2026-08-10 12:11:25,http://63.141.230.178:82/gslb/zbdq5.m3u8?id=cctv1hd
文化精品,https://live.264788.xyz/channel/yangshiwenhuajingpin?streamid=bc185d1ef1e528922e83efd845006277&livekey=01WgOR41rriMmMkzNsd0UoaxJRwetZdxIvtVk
文化精品,http://38.75.136.137:98/gslb/dsdqpub/ysjp.m3u8?auth=%2A%2A%2A
文化精品,https://hls-gateway.vpstv.net/streams/708832.m3u8
央视台球,http://63.141.230.178:82/gslb/zbdq5.m3u8?id=ystq
央视台球,http://107.150.60.122/live/ystq.m3u8
央视台球,http://38.75.136.137:98/gslb/dsdqpub/ystq.m3u8?auth=%2A%2A%2A
央视台球,http://207.56.13.146:81/cdnlive/ystq.m3u8
央视台球,https://hls-gateway.vpstv.net/streams/708855.m3u8
风云音乐,https://live.264788.xyz/channel/fengyunyinyue?streamid=1b41fb9153cba3ee19bd5d1b323da27e&livekey=01WgOR41rriMmMkzNsd0UoaxJRwetZdxIvtVk
风云音乐,https://live.264788.xyz/channel/fengyunyinyue?streamid=be37d16b874e7ba11dd383d7ecd75752&livekey=01WgOR41rriMmMkzNsd0UoaxJRwetZdxIvtVk
风云音乐,http://63.141.230.178:82/gslb/zbdq5.m3u8?id=fyyy
风云音乐,http://38.75.136.137:98/gslb/dsdqpub/fyyy.m3u8?auth=%2A%2A%2A
风云音乐,http://207.56.13.146:81/cdnlive/fyyy.m3u8
高尔夫网球,http://104.152.209.49:8181/720p/gefwq.m3u8
高尔夫网球,http://207.56.13.146:81/cdnlive/gefwq.m3u8
高尔夫网球,https://hls-gateway.vpstv.net/streams/708857.m3u8
电视指南,http://iptv.666230.xyz/iptv/jsyd.php/G_DIANSHIZN-CQ
兵器科技,https://live.264788.xyz/channel/bingqikeji?streamid=6fc55a0966bdad1e1cdf39a4d37dd776&livekey=01WgOR41rriMmMkzNsd0UoaxJRwetZdxIvtVk
兵器科技,https://live.264788.xyz/channel/bingqikeji?streamid=530cb4e58bbc48b7fc26f5e0a2e47966&livekey=01WgOR41rriMmMkzNsd0UoaxJRwetZdxIvtVk
兵器科技,http://63.141.230.178:82/gslb/zbdq5.m3u8?id=gfjs
兵器科技,http://38.75.136.137:98/gslb/dsdqpub/gfjs.m3u8?auth=%2A%2A%2A
兵器科技,http://173.208.212.130:8181/720p/gfjs.m3u8
浙江钱江,https://stream1.freetv.fun/zhe-jiang-qian-jiang-du-shi-4.ctv
浙江钱江,https://stream1.freetv.fun/zhe-jiang-qian-jiang-du-shi-3.ctv
浙江钱江,https://stream1.freetv.fun/zhe-jiang-qian-jiang-du-shi-5.ctv
浙江钱江,http://l.cztvcloud.com/channels/lantian/SXyuyao2/720p.m3u8
浙江钱江都市,https://t.freetv.fun/live/zhe-jiang-qian-jiang-du-shi-1.m3u8
浙江钱江都市,https://t.freetv.fun/live/zhe-jiang-qian-jiang-du-shi-2.m3u8
浙江钱江都市,https://t.freetv.fun/live/zhe-jiang-qian-jiang-du-shi-3.m3u8
浙江钱江都市,http://ali-xwl.cztv.com/live/channel021080Plxw.m3u8
浙江钱江都市,http://ali-xwl.cztv.com/live/channel02720Plxw.m3u8
浙江生活,http://ls.qingting.fm/live/1099.m3u8
浙江经济生活,https://ali-m-l.cztv.com/channels/lantian/channel003/1080p.m3u8
浙江教育,http://ali-m-l.cztv.com/channels/lantian/channel04/720p.m3u8
浙江民生,https://ali-m-l.cztv.com/channels/lantian/channel006/1080p.m3u8
浙江民生,https://ali-m-l.cztv.com/channels/lantian/channel006/1080p.m3u8
浙江民生,http://ali-m-l.cztv.com/channels/lantian/channel06/720p.m3u8
浙江新闻,http://ali-m-l.cztv.com/channels/lantian/channel07/720p.m3u8
浙江少儿,https://stream1.freetv.fun/zhe-jiang-shao-er-4.m3u8
浙江少儿,https://stream1.freetv.fun/zhe-jiang-shao-er-4.ctv
浙江少儿,https://stream1.freetv.fun/zhe-jiang-shao-er-6.ctv
浙江少儿,https://stream1.freetv.fun/zhe-jiang-shao-er-9.ctv
杭州综合,https://stream1.freetv.fun/hang-zhou-zong-he-3.ctv
杭州综合,https://stream1.freetv.fun/hang-zhou-zong-he-2.ctv
杭州明珠,https://stream1.freetv.fun/hang-zhou-ming-zhu-2.ctv
杭州明珠,https://stream1.freetv.fun/hang-zhou-ming-zhu-1.ctv
杭州生活,https://stream1.freetv.fun/hang-zhou-sheng-huo-1.ctv
杭州生活,https://stream1.freetv.fun/hang-zhou-sheng-huo-2.ctv
杭州生活,https://stream1.freetv.fun/hang-zhou-sheng-huo-3.ctv
杭州影视,https://stream1.freetv.fun/hang-zhou-ying-shi-2.ctv
浙江教科,https://ali-m-l.cztv.com/channels/lantian/channel004/1080p.m3u8
浙江经济,http://ali-m-l.cztv.com/channels/lantian/channel03/720p.m3u8
之江纪录,https://ali-m-l.cztv.com/channels/lantian/channel012/1080p.m3u8
之江纪录,https://ali-m-l.cztv.com/channels/lantian/channel12/720p.m3u8
浙江国际,http://ali-m-l.cztv.com/channels/lantian/channel010/1080p.m3u8?zzhed=
嘉兴新闻综合,http://live.zohi.tv/video/s10001-fztv-1/index.m3u8
湖州公共,https://stream1.freetv.fun/hu-zhou-gong-gong-9.m3u8
湖州公共,https://stream1.freetv.fun/hu-zhou-gong-gong-3.m3u8
湖州公共,https://stream1.freetv.fun/hu-zhou-gong-gong-1.m3u8
湖州公共,https://t.freetv.fun/live/hu-zhou-gong-gong-1.m3u8
湖州公共,https://t.freetv.fun/live/hu-zhou-gong-gong-2.m3u8
湖州新闻综合,http://hzcm-live.media.hugd.com/3f5fa7d64c7c46a38c6bd8ad35e836cc/65128273761b4731ae53729ea6dcf932.m3u8?auth_key=%2A%2A%2A
湖州文化娱乐,http://hzcm-live.media.hugd.com/613c47f0ab0d4eaa98b21378d0db6ded/0051d31c9dd543a7825eea4e49675b2a.m3u8?auth_key=%2A%2A%2A
浙江经视,http://ali-m-l.cztv.com/channels/lantian/channel003/720p.m3u8
浙江民生休闲,https://stream1.freetv.fun/zhe-jiang-min-sheng-10.m3u8
浙江民生休闲,https://stream1.freetv.fun/zhe-jiang-min-sheng-2.m3u8
浙江民生休闲,https://stream1.freetv.fun/zhe-jiang-min-sheng-5.m3u8
浙江民生休闲,https://stream1.freetv.fun/zhe-jiang-min-sheng-9.m3u8
浙江民生休闲,https://stream1.freetv.fun/zhe-jiang-min-sheng-8.m3u8
浙江数码时代,http://ali-m-l.cztv.com/channels/lantian/channel12/720p.m3u8
浙江教科影视,http://ali-xwl.cztv.com/live/channel041080Plxw.m3u8
浙江公共新闻,http://ali-m-l.cztv.com/channels/lantian/channel07/1080p.m3u8
浙江休闲台,http://ali-m-l.cztv.com/channels/lantian/channel006/720p.m3u8
浙江遂昌,http://l.cztvcloud.com/channels/lantian/SXsuichang1/720p.m3u8
诸暨新闻综合,https://l.cztvcloud.com/channels/lantian/SXzhuji3/720p.m3u8
诸暨新闻综合,http://l.cztvcloud.com/channels/lantian/SXzhuji3/720p.m3u8?zzhed=
龙游生活娱乐,http://l.cztvcloud.com/channels/lantian/SXlongyou2/720p.m3u8?zzhed=
龙游新闻综合,http://l.cztvcloud.com/channels/lantian/SXlongyou1/720p.m3u8?zzhed=
龙泉新闻综合,http://l.cztvcloud.com/channels/lantian/SXlongquan1/720p.m3u8
青田电视台,http://l.cztvcloud.com/channels/lantian/SXqingtian1/720p.m3u8
遂昌综合,http://l.cztvcloud.com/channels/lantian/SXsuichang1/720p.m3u8?zzhed=
象山综合,http://play-sh13.quklive.com/live/1702360350551252.m3u8?auth_key=%2A%2A%2A
象山新闻综合,http://l.cztvcloud.com/channels/lantian/SXxiangshan1/720p.m3u8
衢江新闻综合,https://stream1.freetv.fun/qu-jiang-xin-wen-zong-he-1.m3u8
衢江新闻综合,https://stream1.freetv.fun/qu-jiang-xin-wen-zong-he-1.ctv
衢江新闻综合,https://stream1.freetv.fun/qu-jiang-xin-wen-zong-he-2.m3u8
衢江新闻综合,https://stream1.freetv.fun/qu-jiang-xin-wen-zong-he-3.m3u8
衢江新闻综合,https://t.freetv.fun/live/qu-jiang-xin-wen-zong-he.m3u8
萧山生活,http://l.cztvcloud.com/channels/lantian/SXxiaoshan2/720p.m3u8
萧山生活,https://l.cztvcloud.com/channels/lantian/SXxiaoshan2/720p.m3u8
萧山生活,http://l.cztvcloud.com/channels/lantian/SXxiaoshan2/720p.m3u8?zzhed=
萧山生活,http://l.cztvcloud.com/channels/lantian/SXxiaoshan2/720p.m3u8?zzhed%3F=
萧山新闻综合,https://stream1.freetv.fun/xiao-shan-xin-wen-zong-he-6.m3u8
萧山新闻综合,https://stream1.freetv.fun/xiao-shan-xin-wen-zong-he-2.m3u8
萧山新闻综合,https://stream1.freetv.fun/xiao-shan-xin-wen-zong-he-8.m3u8
萧山新闻综合,https://stream1.freetv.fun/xiao-shan-xin-wen-zong-he-9.m3u8
萧山新闻综合,https://stream1.freetv.fun/xiao-shan-xin-wen-zong-he-4.m3u8
苍南新闻综合,https://stream1.freetv.fun/cang-nan-xin-wen-zong-he-5.m3u8
苍南新闻综合,https://stream1.freetv.fun/cang-nan-xin-wen-zong-he-1.m3u8
苍南新闻综合,https://stream1.freetv.fun/cang-nan-xin-wen-zong-he-4.ctv
苍南新闻综合,https://stream1.freetv.fun/cang-nan-xin-wen-zong-he-3.m3u8
苍南新闻综合,https://t.freetv.fun/live/cang-nan-xin-wen-zong-he-1.m3u8
缙云综合,http://l.cztvcloud.com/channels/lantian/SXjinyun1/720p.m3u8?zzhed%3F=
缙云综合,http://l.cztvcloud.com/channels/lantian/SXjinyun1/720p.m3u8?zzhed=
缙云新闻综合,http://l.cztvcloud.com/channels/lantian/SXjinyun1/720p.m3u8
绍兴电视台公共,http://live.shaoxing.com.cn/video/s10001-sxtv2/index.m3u8?%E5%85%B3%E6%B3%A8%E5%BE%AE%E4%BF%A1%E5%85%AC%E4%BC%97%E5%8F%B7%5B%E6%99%B4%E5%9B%AD%5D=
绍兴新闻综合,https://stream1.freetv.fun/shao-xing-xin-wen-zong-he-4.m3u8
绍兴新闻综合,https://stream1.freetv.fun/shao-xing-xin-wen-zong-he-3.m3u8
绍兴新闻综合,https://stream1.freetv.fun/shao-xing-xin-wen-zong-he-2.m3u8
绍兴新闻综合,https://t.freetv.fun/live/shao-xing-xin-wen-zong-he-2.m3u8
绍兴新闻综合,https://t.freetv.fun/live/shao-xing-xin-wen-zong-he-3-1.m3u8
绍兴文化影院,https://stream1.freetv.fun/shao-xing-wen-hua-ying-yuan-1.m3u8
绍兴文化影院,https://stream1.freetv.fun/shao-xing-wen-hua-ying-yuan-4.m3u8
绍兴文化影院,https://stream1.freetv.fun/shao-xing-wen-hua-ying-yuan-3.m3u8
绍兴文化影院,https://stream1.freetv.fun/shao-xing-wen-hua-ying-yuan-2.m3u8
绍兴文化影院,https://t.freetv.fun/live/shao-xing-wen-hua-ying-yuan-2.m3u8
绍兴文化影视,https://stream1.freetv.fun/shao-xing-wen-hua-ying-shi-1.m3u8
绍兴文化影视,https://t.freetv.fun/live/shao-xing-wen-hua-ying-shi-1.m3u8
绍兴公共,https://stream1.freetv.fun/shao-xing-gong-gong-2.m3u8
绍兴公共,https://stream1.freetv.fun/shao-xing-gong-gong-3.m3u8
绍兴公共,https://stream1.freetv.fun/shao-xing-gong-gong-7.m3u8
绍兴公共,https://stream1.freetv.fun/shao-xing-gong-gong-8.m3u8
绍兴公共,https://stream1.freetv.fun/shao-xing-gong-gong-1.m3u8
湖州公共民生,http://hzcm-live.media.hugd.com/1e6b554b9ab74513958c0e1ffe664d22/9acaa7634309494cb29a85eb12136607.m3u8?auth_key=%2A%2A%2A
海宁新闻综合,https://p2hs.vzan.com/slowlive/317913155078575177/live.m3u8
洞头综合,http://l.cztvcloud.com/channels/lantian/SXdongtou1/720p.m3u8
洞头综合,http://l.cztvcloud.com/channels/lantian/SXdongtou1/720p.m3u8?zzhed%3F=
永嘉新闻综合,https://stream1.freetv.fun/yong-jia-xin-wen-zong-he-4.m3u8
永嘉新闻综合,https://stream1.freetv.fun/yong-jia-xin-wen-zong-he-2.m3u8
永嘉新闻综合,https://stream1.freetv.fun/yong-jia-xin-wen-zong-he-3.ctv
永嘉新闻综合,https://t.freetv.fun/live/yong-jia-xin-wen-zong-he-1.m3u8
永嘉新闻综合,https://t.freetv.fun/live/yong-jia-xin-wen-zong-he.m3u8
武义新闻综合,https://stream1.freetv.fun/wu-yi-xin-wen-zong-he-3.m3u8
武义新闻综合,http://l.cztvcloud.com/channels/lantian/SXwuyi1/720p.m3u8
武义新闻综合,http://l.cztvcloud.com/channels/lantian/SXwuyi1/720p.m3u8?zzhed=
松阳综合,http://l.cztvcloud.com/channels/lantian/SXsongyang1/720p.m3u8?zzhed%3F=
松阳综合,http://l.cztvcloud.com/channels/lantian/SXsongyang1/720p.m3u8
普陀电视台,https://l.cztvcloud.com/channels/lantian/SXputuo1/720p.m3u8
普陀新闻综合,http://l.cztvcloud.com/channels/lantian/SXputuo1/720p.m3u8
新昌生活,http://l.cztvcloud.com/channels/lantian/SXxinchang2/720p.m3u8
新昌新闻综合,https://stream1.freetv.fun/xin-chang-xin-wen-zong-he-4.m3u8
新昌新闻综合,https://stream1.freetv.fun/xin-chang-xin-wen-zong-he-5.ctv
新昌新闻综合,https://t.freetv.fun/live/xin-chang-xin-wen-zong-he.m3u8
新昌新闻综合,https://l.cztvcloud.com/channels/lantian/SXxinchang1/720p.m3u8
文成综合,http://l.cztvcloud.com/channels/lantian/SXwencheng1/720p.m3u8?zzhed=
文成综合,http://l.cztvcloud.com/channels/lantian/SXwencheng1/720p.m3u8?zzhed%3F=
文成新闻综合,http://l.cztvcloud.com/channels/lantian/SXwencheng1/720p.m3u8
数码时代,http://ali-m-l.cztv.com/channels/lantian/channel12/720p.m3u8?zzhed=
开化新闻综合,https://stream1.freetv.fun/kai-hua-xin-wen-zong-he-1.m3u8
开化新闻综合,https://stream1.freetv.fun/kai-hua-xin-wen-zong-he-2.ctv
开化新闻综合,http://l.cztvcloud.com/channels/lantian/SXkaihua1/720p.m3u8?zzhed=
开化国家公园,http://l.cztvcloud.com/channels/lantian/SXkaihua2/720p.m3u8zzhed
开化国家公园,http://l.cztvcloud.com/channels/lantian/SXkaihua2/720p.m3u8?zzhed=
开化国家公园,http://l.cztvcloud.com/channels/lantian/SXkaihua2/720p.m3u8
开化国家公园,http://l.cztvcloud.com/channels/lantian/SXkaihua2/720p.m3u8?zzhed=#http://l.cztvcloud.com/channels/lantian/SXkaihua2/720p.m3u8zzhed#http://l.cztvcloud.com/channels/lantian/SXkaihua2/720p.m3u8
庆元综合,http://l.cztvcloud.com/channels/lantian/SXqingyuan1/720p.m3u8?zzhed%3F=
庆元综合,http://l.cztvcloud.com/channels/lantian/SXqingyuan1/720p.m3u8
庆元新闻综合,http://l.cztvcloud.com/channels/lantian/SXqingyuan1/720p.m3u8?fbl=
平湖民生休闲,http://l.cztvcloud.com/channels/lantian/SXpinghu2/720p.m3u8
平湖民生休闲,http://l.cztvcloud.com/channels/lantian/SXpinghu2/720p.m3u8?zzhed=
平湖新闻综合,https://stream1.freetv.fun/ping-hu-xin-wen-zong-he-2.m3u8
平湖新闻综合,https://stream1.freetv.fun/ping-hu-xin-wen-zong-he-1.m3u8
平湖新闻综合,https://stream1.freetv.fun/ping-hu-xin-wen-zong-he-3.m3u8
平湖新闻综合,https://stream1.freetv.fun/ping-hu-xin-wen-zong-he-5.m3u8
平湖新闻综合,https://t.freetv.fun/live/ping-hu-xin-wen-zong-he-1.m3u8
嵊泗综合,https://stream1.freetv.fun/sheng-zhou-xin-wen-zong-he-2.ctv
嵊泗综合,https://stream1.freetv.fun/sheng-zhou-xin-wen-zong-he-1.m3u8
嵊泗综合,http://l.cztvcloud.com/channels/lantian/SXshengsi1/720p.m3u8
嵊泗综合,http://l.cztvcloud.com/channels/lantian/SXshengzhou1/720p.m3u8?zzhed=
嵊州新闻综合,https://stream1.freetv.fun/sheng-zhou-xin-wen-zong-he-1.m3u8
嵊州新闻综合,http://l.cztvcloud.com/channels/lantian/SXshengzhou1/720p.m3u8?zzhed=
嵊州新闻综合,http://l.cztvcloud.com/channels/lantian/SXshengzhou1/720p.m3u8?zzhed=#http://l.cztvcloud.com/channels/lantian/SXshengzhou1/720p.m3u8
兰溪新闻综合,https://stream1.freetv.fun/lan-xi-xin-wen-zong-he-1.m3u8
兰溪新闻综合,https://stream1.freetv.fun/lan-xi-xin-wen-zong-he-3.m3u8
兰溪新闻综合,https://t.freetv.fun/live/lan-xi-xin-wen-zong-he-1.m3u8
兰溪新闻综合,https://t.freetv.fun/live/lan-xi-xin-wen-zong-he.m3u8
兰溪新闻综合,http://l.cztvcloud.com/channels/lantian/SXlanxi1/720p.m3u8
余杭综合,http://l.cztvcloud.com/channels/lantian/SXyuhang1/720p.m3u8?zzhed=
余杭综合,http://l.cztvcloud.com/channels/lantian/SXyuhang1/720p.m3u8
余杭未来E,http://l.cztvcloud.com/channels/lantian/SXyuhang3/720p.m3u8?zzhed=
余杭未来E,http://l.cztvcloud.com/channels/lantian/SXyuhang3/720p.m3u8
余姚综合,https://l.cztvcloud.com/channels/lantian/SXyuyao1/720p.m3u8
余姚综合,http://l.cztvcloud.com/channels/lantian/SXyuyao1/720p.m3u8?zzhed=
余姚综合,http://l.cztvcloud.com/channels/lantian/SXyuyao1/720p.m3u8
余姚新闻综合,http://l.cztvcloud.com/channels/lantian/SXyuyao1/720p.m3u8
余姚新闻综合,http://l.cztvcloud.com/channels/lantian/SXyuyao1/720p.m3u8?cWlkPSZzPTg3OWMwYmMyZDMzYTFhZGY3NDQxMjgyYTg1MmUzNTY0JmVzPTE3MDY2Nzc4NzMmdXVpZD0yMjdiY2MzNGNiNGY0MThlYjRiY2IxYzcwNmZjODNkMS02NzQ3NDY2NyZ2PTImYXM9MCZjZG5leF9pZD10eF9waG9uZV9saXZl=
余姚姚江文化,https://l.cztvcloud.com/channels/lantian/SXyuyao3/720p.m3u8
余姚姚江文化,http://l.cztvcloud.com/channels/lantian/SXyuyao3/720p.m3u8?zzhed=
云和新闻综合,http://l.cztvcloud.com/channels/lantian/SXyunhe1/720p.m3u8?zzhed=
云和新闻综合,http://l.cztvcloud.com/channels/lantian/SXyunhe1/720p.m3u8
东阳影视生活,http://l.cztvcloud.com/channels/lantian/SXdongyang1/720p.m3u8
上虞新闻综合,http://l.cztvcloud.com/channels/lantian/SXshangyu1/720p.m3u8?zzhed=
上虞新商都,https://stream1.freetv.fun/shang-yu-xin-shang-du-4.m3u8
上虞新商都,https://stream1.freetv.fun/shang-yu-xin-shang-du-2.m3u8
上虞新商都,https://stream1.freetv.fun/shang-yu-xin-shang-du-3.m3u8
上虞新商都,https://stream1.freetv.fun/shang-yu-xin-shang-du-5.m3u8
上虞新商都,https://stream1.freetv.fun/shang-yu-xin-shang-du-1.m3u8
上虞文化影院,https://stream1.freetv.fun/shang-yu-wen-hua-ying-yuan-2.ctv
上虞文化影院,https://stream1.freetv.fun/shang-yu-wen-hua-ying-yuan-1.m3u8
上虞文化影院,https://stream1.freetv.fun/shang-yu-wen-hua-ying-yuan-3.ctv
上虞文化影院,https://stream1.freetv.fun/shang-yu-wen-hua-ying-yuan-4.ctv
上虞文化影院,https://t.freetv.fun/live/shang-yu-wen-hua-ying-yuan.m3u8
北京卡酷少儿,https://zby.130519.xyz/PLTV/11/224/3221226019/index.m3u8
北京卡酷少儿,http://[2409:8087:1a15:10d1::33]/ottrrs.hl.chinamobile.com/PLTV/88888888/224/3221225654/index.m3u8
北京卡酷少儿,http://[2409:8087:5e08:25::16]:6610/200000001898/460000089800010081/1.m3u8
北京卡酷少儿,https://migu.188766.xyz/?migutoken=%2A%2A%2A&id=%E5%8C%97%E4%BA%AC%E5%8D%A1%E9%85%B7%E5%B0%91%E5%84%BF&type=yy
北京卡酷少儿,https://migu.188766.xyz/?migutoken=%2A%2A%2A&id=%E5%8C%97%E4%BA%AC%E5%8D%A1%E9%85%B7%E5%B0%91%E5%84%BF&type=yy
北京新闻,https://satellitepull.cnr.cn/live/wxbjxwgb/playlist.m3u8
北京新闻,http://iptv.huuc.edu.cn/hls/btv9hd.m3u8
北京生活,https://migu.188766.xyz/?migutoken=%2A%2A%2A&id=%E5%8C%97%E4%BA%ACi%E7%94%9F%E6%B4%BB&type=yy
北京生活,https://migu.188766.xyz/?migutoken=%2A%2A%2A&id=%E5%8C%97%E4%BA%ACi%E7%94%9F%E6%B4%BB&type=yy
北京生活,https://migu.188766.xyz/?migutoken=%2A%2A%2A&id=%E5%8C%97%E4%BA%ACi%E7%94%9F%E6%B4%BB&type=yy
北京生活,https://migu.188766.xyz/?migutoken=%2A%2A%2A&id=%E5%8C%97%E4%BA%ACi%E7%94%9F%E6%B4%BB&type=yy
北京生活,https://migu.188766.xyz/?migutoken=%2A%2A%2A&id=%E5%8C%97%E4%BA%ACi%E7%94%9F%E6%B4%BB&type=yy
北京财经,https://migu.188766.xyz/?migutoken=%2A%2A%2A&id=%E5%8C%97%E4%BA%AC%E8%B4%A2%E7%BB%8F&type=yy
北京财经,https://migu.188766.xyz/?migutoken=%2A%2A%2A&id=%E5%8C%97%E4%BA%AC%E8%B4%A2%E7%BB%8F&type=yy
北京财经,https://migu.188766.xyz/?migutoken=%2A%2A%2A&id=%E5%8C%97%E4%BA%AC%E8%B4%A2%E7%BB%8F&type=yy
北京财经,https://migu.188766.xyz/?migutoken=%2A%2A%2A&id=%E5%8C%97%E4%BA%AC%E8%B4%A2%E7%BB%8F&type=yy
北京财经,https://migu.188766.xyz/?migutoken=%2A%2A%2A&id=%E5%8C%97%E4%BA%AC%E8%B4%A2%E7%BB%8F&type=yy
上海新闻综合,https://migu.188766.xyz/?migutoken=%2A%2A%2A&id=%E4%B8%8A%E6%B5%B7%E6%96%B0%E9%97%BB%E7%BB%BC%E5%90%88&type=yy
上海新闻综合,https://stream1.freetv.fun/shang-hai-xin-wen-zong-he-3.m3u8
上海新闻综合,https://mgtv.ottiptv.cc/migu/651632657.m3u8?migutoken=%2A%2A%2A
上海新闻综合,http://gslbmgsplive.miguvideo.com/wd_r4/dfl/xinwenzonghehd/1200/index.m3u8?msisdn=20250919080134d0a4f61e680b4d1b8d2460b858ff1fec&mdspid=&spid=699212&netType=0&sid=5500002275&pid=2028597139&timestamp=20250919080134&Channel_ID=0116_2600000900-99000-201600010010027&ProgramID=651632657&ParentNodeID=-99&assertID=5500002275&client_ip=106.13.250.88&SecurityKey=20250919080134&promotionId=&mvid=5100001716&mcid=500020&playurlVersion=WX-A1-8.9.1-RELEASE&userid=&jmhm=&videocodec=h264&bean=mgspad&tid=android&conFee=0&puData=c6e37e6787e81aeb250c874ff8533137&ddCalcu=7c36e1e13313705e86f7f8477e88c10a5e2b
上海新闻综合,http://gslbmgsplive.miguvideo.com/wd_r4/dfl/xinwenzonghehd/1200/index.m3u8?msisdn=20251023080141ea171d5993054ddd94612bf653be3cfa&mdspid=&spid=699212&netType=0&sid=5500002275&pid=2028597139&timestamp=20251023080141&Channel_ID=0116_2600000900-99000-201600010010027&ProgramID=651632657&ParentNodeID=-99&assertID=5500002275&client_ip=106.13.250.83&SecurityKey=20251023080141&promotionId=&mvid=5100001716&mcid=500020&playurlVersion=WX-A1-8.9.2-RELEASE&userid=&jmhm=&videocodec=h264&bean=mgspad&tid=android&conFee=0&puData=4757c0d2f0cd0feb69bcfc7ea14ddd49&ddCalcu=9447ed52d71dc0401da2ef70ccfdc0bf9e6b
上海第一财经,https://satellitepull.cnr.cn/live/wx32dycjgb/playlist.m3u8
上海都市,https://zby.130519.xyz/PLTV/11/224/3221225749/index.m3u8
上海都市,https://migu.188766.xyz/?migutoken=%2A%2A%2A&id=shds&type=sz
上海都市,https://stream1.freetv.fun/ipv6-shang-hai-du-shi-3.m3u8
上海都市,https://stream1.freetv.fun/ipv6-shang-hai-du-shi-8.m3u8
上海都市,https://stream1.freetv.fun/ipv6-shang-hai-du-shi-4.m3u8
东方影视,https://zby.130519.xyz/PLTV/11/224/3221225744/index.m3u8
东方影视,https://stream1.freetv.fun/dong-fang-ying-shi-12.m3u8
东方影视,https://stream1.freetv.fun/ipv6-dong-fang-ying-shi-8.m3u8
东方影视,https://www.freetv.top/migu/617290047.m3u8?migutoken=%2A%2A%2A
东方影视,https://stream1.freetv.fun/ipv6-dong-fang-ying-shi-9.m3u8
东方财经,https://zby.130519.xyz/PLTV/11/224/3221226134/index.m3u8
动漫秀场,https://zby.130519.xyz/PLTV/11/224/3221225764/index.m3u8
动漫秀场,http://php.jdshipin.com/itv6.php?cid=bestzb&id=5000000011000031113
动漫秀场,https://stream1.freetv.fun/dong-man-xiu-chang-11.m3u8
动漫秀场,https://stream1.freetv.fun/ipv6-dong-man-xiu-chang-11.m3u8
动漫秀场,https://stream1.freetv.fun/dong-man-xiu-chang-9.ctv
崇明电视台,https://pili-live-hls.wdit.com.cn/wditlive/c038f4fafbdf4f97ba74c74ad67259b931ee.m3u8
新闻综合,https://m3u8channel.yunxya.com/nmip-media/channellive/channel100028/playlist.m3u8
新闻综合,https://zby.130519.xyz/PLTV/11/224/3221226136/index.m3u8
新闻综合,https://stream1.freetv.fun/xin-wen-zong-he-11.ctv
新闻综合,https://stream1.freetv.fun/ipv6-xin-wen-zong-he-7.m3u8
新闻综合,https://stream1.freetv.fun/xin-wen-zong-he-5.m3u8
欢笑剧场,https://zby.130519.xyz/PLTV/11/224/3221225771/index.m3u8
欢笑剧场,http://z.b.bkpcp.top/m.php?id=hxjc
欢笑剧场,http://gat.bkpcp.top/ymg.php?id=hxjc
欢笑剧场,http://goo.bkpcp.top/mg/hxjc
欢笑剧场,http://iptv.cdn.ha.chinamobile.com/PLTV/88888888/224/3221226704/index.m3u8
法治天地,https://zby.130519.xyz/PLTV/11/224/3221225994/index.m3u8
法治天地,http://php.jdshipin.com/itv6.php?cid=bestzb&id=9001547084732463424
法治天地,http://z.b.bkpcp.top/m.php?id=fztd
法治天地,http://iptv.cdn.ha.chinamobile.com/PLTV/88888888/224/3221226655/index.m3u8
法治天地,http://[2409:8087:5e01:24::16]:6610/000000001000/2000000002000000014/index.m3u8?stbId=3&livemode=1&HlsProfileId=&channel-id=hnbblive&Contentid=2000000002000000014&IASHttpSessionId=OTT19019320240419154124000281
生活时尚,https://zby.130519.xyz/PLTV/11/224/3221225768/index.m3u8
生活时尚,https://stream1.freetv.fun/sheng-huo-shi-shang-13.m3u8
生活时尚,https://stream1.freetv.fun/sheng-huo-shi-shang-17.ctv
生活时尚,https://stream1.freetv.fun/sheng-huo-shi-shang-9.ctv
生活时尚,https://stream1.freetv.fun/sheng-huo-shi-shang-29.m3u8
第一财经,http://satellitepull.cnr.cn/live/wx32dycjgb/playlist.m3u8
第一财经,https://zby.130519.xyz/PLTV/11/224/3221225737/index.m3u8
第一财经,https://stream1.freetv.fun/ipv6-di-yi-cai-jing-8.m3u8
第一财经,https://stream1.freetv.fun/di-yi-cai-jing-13.m3u8
第一财经,https://stream1.freetv.fun/ipv6-di-yi-cai-jing-11.m3u8
都市剧场,https://satellitepull.cnr.cn/live/wxcqxwgb/playlist.m3u8
都市剧场,https://zby.130519.xyz/PLTV/11/224/3221225762/index.m3u8
都市剧场,https://zby.130519.xyz/PLTV/11/224/3221226155/index.m3u8
都市剧场,https://hls-gateway.vpstv.net/streams/708845.m3u8
都市剧场,http://[2409:8087:5e00:24::1e]:6060/000000001000/5000000011000031111/1.m3u8
万源新闻综合,http://live.wanyuannews.com/wytv/hd/live.m3u8?zsicd=
重庆新闻,http://38.75.136.137:98/gslb/dsdqpub/cqxw.m3u8?auth=%2A%2A%2A
东海新闻,http://iptv.666230.xyz/iptv/jsyd.php/jsdonghaixinwen
六合新闻综合,http://p2hs.vzan.com/720020/432453820030502236/live.m3u8
南京十八,https://mgtv.ottiptv.cc/migu/838151753.m3u8?migutoken=%2A%2A%2A
南京十八,http://gslbmgsplive.miguvideo.com/migu/kailu/nanjingsb/50/20230719/index.m3u8?msisdn=202509190801349730ff2fd0254ae4ad096d68d3fc7f35&mdspid=&spid=699067&netType=0&sid=5910021864&pid=2028597139&timestamp=20250919080134&Channel_ID=0116_2600000900-99000-201600010010027&ProgramID=838151753&ParentNodeID=-99&assertID=5910021864&client_ip=106.13.250.88&SecurityKey=20250919080134&promotionId=&mvid=5900006207&mcid=500020&playurlVersion=WX-A1-8.9.1-RELEASE&userid=&jmhm=&videocodec=h264&bean=mgspad&tid=android&conFee=0&puData=b0d57eedc76b6ea1b6b460ea0a8ac2d3&ddCalcu=3bd0e2d1c58a708eae0dace7066b46be6ab1
南京十八,http://gslbmgsplive.miguvideo.com/migu/kailu/nanjingsb/50/20230719/index.m3u8?msisdn=2025102308014162d44288f10c4a84b8b27a5f80ee99fd&mdspid=&spid=699067&netType=0&sid=5910021864&pid=2028597139&timestamp=20251023080141&Channel_ID=0116_2600000900-99000-201600010010027&ProgramID=838151753&ParentNodeID=-99&assertID=5910021864&client_ip=106.13.250.83&SecurityKey=20251023080141&promotionId=&mvid=5900006207&mcid=500020&playurlVersion=WX-A1-8.9.2-RELEASE&userid=&jmhm=&videocodec=h264&bean=mgspad&tid=android&conFee=0&puData=5a6e4ed4765e04fdb8e8bd37c3607a6c&ddCalcu=c56aea627e80406e3dc47736d5be80e48fbd
南京少儿,http://nklive.nbs.cn/hls/e0981f3f-1a20-4a59-b8d1-17feb83a4610/index.m3u8
南京教科,https://mgtv.ottiptv.cc/migu/838153729.m3u8?migutoken=%2A%2A%2A
南京教科,http://gslbmgsplive.miguvideo.com/migu/kailu/nanjingkj/50/20230719/index.m3u8?msisdn=2025091908013422d2a0f4ed5e4511b896d3d3645248f2&mdspid=&spid=699067&netType=0&sid=5910021865&pid=2028597139&timestamp=20250919080134&Channel_ID=0116_2600000900-99000-201600010010027&ProgramID=838153729&ParentNodeID=-99&assertID=5910021865&client_ip=106.13.250.88&SecurityKey=20250919080134&promotionId=&mvid=5900006205&mcid=500020&playurlVersion=WX-A1-8.9.1-RELEASE&userid=&jmhm=&videocodec=h264&bean=mgspad&tid=android&conFee=0&puData=52692ec9c72414583509ce0cd575172e&ddCalcu=e522e7611985207e5cd9cc07e2c491045538
南京教科,http://gslbmgsplive.miguvideo.com/migu/kailu/nanjingkj/50/20230719/index.m3u8?msisdn=20251023080141d50925a1117343ecb53b23bb6266f888&mdspid=&spid=699067&netType=0&sid=5910021865&pid=2028597139&timestamp=20251023080141&Channel_ID=0116_2600000900-99000-201600010010027&ProgramID=838153729&ParentNodeID=-99&assertID=5910021865&client_ip=106.13.250.83&SecurityKey=20251023080141&promotionId=&mvid=5900006205&mcid=500020&playurlVersion=WX-A1-8.9.2-RELEASE&userid=&jmhm=&videocodec=h264&bean=mgspad&tid=android&conFee=0&puData=b2b216d53c7175e66065d308271343c9&ddCalcu=9bc2e3b2428310167d25830c37d157650e66
南京教科,http://nklive.nbs.cn/hls/75b3c462-b831-4de7-a34b-5d3221db2069/index.m3u8
南京新闻综合,https://mgtv.ottiptv.cc/migu/838109047.m3u8?migutoken=%2A%2A%2A
南京新闻综合,http://gslbmgsplive.miguvideo.com/migu/kailu/nanjingxwzh/50/20230719/index.m3u8?msisdn=202509190801346040f34e796a43e3821e1db9273c556a&mdspid=&spid=699067&netType=0&sid=5910021863&pid=2028597139&timestamp=20250919080134&Channel_ID=0116_2600000900-99000-201600010010027&ProgramID=838109047&ParentNodeID=-99&assertID=5910021863&client_ip=106.13.250.88&SecurityKey=20250919080134&promotionId=&mvid=5900006203&mcid=500020&playurlVersion=WX-A1-8.9.1-RELEASE&userid=&jmhm=&videocodec=h264&bean=mgspad&tid=android&conFee=0&puData=de89fe41d47757280f2c68af5d15033a&ddCalcu=ad3ee3810985f01ed451fda48767c527f208
南京新闻综合,http://gslbmgsplive.miguvideo.com/migu/kailu/nanjingxwzh/50/20230719/index.m3u8?msisdn=20251023080141b90781bc871243ca9ccefdd19990364a&mdspid=&spid=699067&netType=0&sid=5910021863&pid=2028597139&timestamp=20251023080141&Channel_ID=0116_2600000900-99000-201600010010027&ProgramID=838109047&ParentNodeID=-99&assertID=5910021863&client_ip=106.13.250.83&SecurityKey=20251023080141&promotionId=&mvid=5900006203&mcid=500020&playurlVersion=WX-A1-8.9.2-RELEASE&userid=&jmhm=&videocodec=h264&bean=mgspad&tid=android&conFee=0&puData=147e2c56380633b791b7bb2fc8bdccc9&ddCalcu=91c4ec72ce8d20bc85c6f328b0b673b31b97
南京新闻综合,http://nklive.nbs.cn/hls/d511bc9d-a694-4453-b3a2-4fc842cc97a1/index.m3u8
南通新闻综合,https://mgtv.ottiptv.cc/migu/955227985.m3u8?migutoken=%2A%2A%2A
南通新闻综合,http://gslbmgsplive.miguvideo.com/migu/kailu/ntxwzh/51/20250604/index.m3u8?msisdn=202509190801352ef9ff3bad3f4a65b064683f87e439c3&mdspid=&spid=699067&netType=0&sid=5910022178&pid=2028597139&timestamp=20250919080135&Channel_ID=0116_2600000900-99000-201600010010027&ProgramID=955227985&ParentNodeID=-99&assertID=5910022178&client_ip=106.13.250.88&SecurityKey=20250919080135&promotionId=&mvid=5900006706&mcid=500020&playurlVersion=WX-A1-8.9.1-RELEASE&userid=&jmhm=&videocodec=h264&bean=mgspad&tid=android&conFee=0&puData=98aea868da861defcb53a7c9f1ba5a81&ddCalcu=1988eaa15e5aa0b816f89dca78a6315dbecf
南通新闻综合,http://gslbmgsplive.miguvideo.com/migu/kailu/ntxwzh/51/20250604/index.m3u8?msisdn=202510230801432bba200bfb354535b9886f031208cce3&mdspid=&spid=699067&netType=0&sid=5910022178&pid=2028597139&timestamp=20251023080143&Channel_ID=0116_2600000900-99000-201600010010027&ProgramID=955227985&ParentNodeID=-99&assertID=5910022178&client_ip=106.13.250.83&SecurityKey=20251023080143&promotionId=&mvid=5900006706&mcid=500020&playurlVersion=WX-A1-8.9.2-RELEASE&userid=&jmhm=&videocodec=h264&bean=mgspad&tid=android&conFee=0&puData=2e507c0ae7d1d63de0a405794c6b1217&ddCalcu=721ee252105b706cc04a9e775d014da603ed
南通新闻综合,http://gslbmgsplive.miguvideo.com/migu/kailu/ntxwzh/51/20250604/index.m3u8?msisdn=202510240800592b66efbec2f342349068cf9b89987f0e&mdspid=&spid=699067&netType=0&sid=5910022178&pid=2028597139&timestamp=20251024080059&Channel_ID=0116_2600000900-99000-201600010010027&ProgramID=955227985&ParentNodeID=-99&assertID=5910022178&client_ip=106.13.250.88&SecurityKey=20251024080059&promotionId=&mvid=5900006706&mcid=500020&playurlVersion=WX-A1-8.9.2-RELEASE&userid=&jmhm=&videocodec=h264&bean=mgspad&tid=android&conFee=0&puData=c30e235addfb289fd6b4a087caa89b23&ddCalcu=3c23eb029e5820a3a5ca7d8d0fab42b869df
南通新闻综合,http://gslbmgsplive.miguvideo.com/migu/kailu/ntxwzh/51/20250604/index.m3u8?msisdn=20251025080102df5bfd8079f1495a93b5db8970ebcd80&mdspid=&spid=699067&netType=0&sid=5910022178&pid=2028597139&timestamp=20251025080102&Channel_ID=0116_2600000900-99000-201600010010027&ProgramID=955227985&ParentNodeID=-99&assertID=5910022178&client_ip=106.13.250.90&SecurityKey=20251025080102&promotionId=&mvid=5900006706&mcid=500020&playurlVersion=WX-A1-8.9.2-RELEASE&userid=&jmhm=&videocodec=h264&bean=mgspad&tid=android&conFee=0&puData=bce85213974cffcdcc52779b9d090656&ddCalcu=6b5ce6e208595002d193b997747c2f5fcccd
宜兴新闻,https://stream1.freetv.fun/yi-xing-xin-wen-1.m3u8
宜兴新闻,https://stream1.freetv.fun/yi-xing-xin-wen-2.m3u8
宜兴新闻,https://t.freetv.fun/live/yi-xing-xin-wen-1.m3u8
宜兴新闻,http://gslbmgsplive.miguvideo.com/migu/kailu/yxxwzh/51/20250604/index.m3u8?msisdn=1d653a4080d206d7b4b399c6a7606355&mdspid=&spid=699067&netType=0&sid=5910022179&pid=2028597139&timestamp=20260516053937&Channel_ID=0116_2600034600-99000-201600010010028&ProgramID=955227996&ParentNodeID=-99&assertID=5910022179&client_ip=39.98.171.74&SecurityKey=20260516053937&promotionId=&mvid=5900006707&mcid=500020&playurlVersion=ZQ-A1-9.5.1-RELEASE&userid=&jmhm=&videocodec=h264&appCode=miguvideo_android&bean=mgspad&tid=android&conFee=0&puData=c9036845f793ec4b3d44b18c2d62822d&ddCalcu=dc29v20a83l26a68d425cf8719b34e4cd43b&sv=10004&ct=android
宜兴新闻,http://hlszymgsplive.miguvideo.com:8080/migu/kailu/yxxwzh/51/20250604/index.m3u8?msisdn=2be6b2ec9fcf10d2c2457e2c710e172c&mdspid=&spid=699067&netType=0&sid=5910022179&pid=2028597139&timestamp=20260710040233&Channel_ID=0116_2600034600-99000-201600010010028&ProgramID=955227996&ParentNodeID=-99&assertID=5910022179&client_ip=171.8.79.254&SecurityKey=20260710040233&promotionId=&mvid=5900006707&mcid=500020&playurlVersion=WX-A1-9.6.1.6-SNAPSHOT&userid=&jmhm=&videocodec=h264&appCode=miguvideo_android&bean=mgspad&tid=android&conFee=0&encrypt=9f3b0d684e4e01505a59d4ea6c5a04e3&sv=10004&ct=android
宿迁公共,http://iptv.666230.xyz/iptv/jsyd.php/G_SQGG
常州公共,http://iptv.666230.xyz/iptv/jsyd.php/jsczgonggong
常州生活,http://iptv.666230.xyz/iptv/jsyd.php/jsczshenghuo
常州都市,http://iptv.666230.xyz/iptv/jsyd.php/jsczdushi
徐州公共,http://iptv.666230.xyz/iptv/jsyd.php/xzgg
新沂新闻,http://live.xysrmt.cn/xwzh/sd/live.m3u8?zjiangsd%22=
新沂生活,http://live.xysrmt.cn/shpd/sd/live.m3u8?zjiangsd=
无锡娱乐,http://stream.thmz.com/wxtv2/playlist.m3u8?_upt=5ff4061f1706166872
无锡娱乐,http://stream.thmz.com/wxtv2/sd/live.m3u8?_upt=acffe97a1704940314
无锡娱乐,https://stream.thmz.com/wxtv2/playlist.m3u8
无锡娱乐,http://stream.thmz.com/wxtv2/sd/live.m3u8
无锡娱乐,http://stream.thmz.com/wxtv2/sd/live.m3u8?_upt=978cd8731706199708
无锡新闻综合,http://stream.thmz.com/wxtv1/playlist.m3u8
无锡新闻综合,http://stream.thmz.com/wxtv1/playlist.m3u8?_upt=156143371706166361
无锡新闻综合,http://stream.thmz.com/wxtv1/sd/live.m3u8?_upt=4ba3ab191698644028
无锡新闻综合,http://stream.thmz.com/wxtv1/sd/live.m3u8
无锡新闻综合,http://stream.thmz.com/wxtv1/sd/live.m3u8?zjiangsd=#http://stream.thmz.com/wxtv1/playlist.m3u8?_upt=156143371706166361#http://stream.thmz.com/wxtv1/sd/live.m3u8?_upt=4ba3ab191698644028#http://stream.thmz.com/wxtv1/playlist.m3u8
无锡生活,http://stream.thmz.com/wxtv4/playlist.m3u8?_upt=8c51357c1707362770
无锡生活,https://stream.thmz.com/wxtv4/playlist.m3u8
无锡生活,http://stream.thmz.com/wxtv4/sd/live.m3u8
无锡生活,http://stream.thmz.com/wxtv4/sd/live.m3u8?_upt=978cd8731706199708
无锡经济,https://stream.thmz.com/wxtv5/playlist.m3u8
无锡经济,http://stream.thmz.com/wxtv5/sd/live.m3u8?zjiangsd=
无锡经济,http://stream.thmz.com/wxtv5/playlist.m3u8?_upt=10155d141706166867
无锡经济,http://stream.thmz.com/wxtv5/playlist.m3u8
无锡经济,http://stream.thmz.com/wxtv5/sd/live.m3u8?_upt=cfacd5221704890772
无锡都市资讯,http://stream.thmz.com/wxtv3/playlist.m3u8
无锡都市资讯,http://stream.thmz.com/wxtv3/playlist.m3u8?_upt=1758133b1706166861
无锡都市资讯,http://stream.thmz.com/wxtv3/sd/live.m3u8?_upt=978cd8731706199708
无锡都市资讯,http://stream.thmz.com/wxtv3/sd/live.m3u8
无锡都市资讯,http://stream.thmz.com/wxtv3/sd/live.m3u8?zjiangsd=#http://stream.thmz.com/wxtv3/sd/live.m3u8?_upt=978cd8731706199708#http://stream.thmz.com/wxtv3/playlist.m3u8#http://stream.thmz.com/wxtv3/playlist.m3u8?_upt=1758133b1706166861
武进生活,http://43.251.226.89:8080/play/522.m3u8
江宁新闻,https://migu.188766.xyz/?migutoken=%2A%2A%2A&id=%E4%BD%93%E8%82%B2%E4%BC%91%E9%97%B2%E9%A2%91%E9%81%93&type=yy
江苏公共,http://iptv.666230.xyz/iptv/jsyd.php/G_JSGG
江苏城市,https://stream1.freetv.fun/675206b8446ce719bfb293b5a5296db3aa26521c9810de7c996838247cc56964.ctv
江苏城市,http://z.b.bkpcp.top/m.php?id=jscs
江苏城市,http://gslbmgsplive.miguvideo.com/wd_r2/jstv/jschengshi/600/index.m3u8?msisdn=202509030900312c5ad926e30449e5b9405f27a3fde9a6&mdspid=&spid=699067&netType=0&sid=5500260508&pid=2028597139&timestamp=20250903090031&Channel_ID=0116_2600037000-99000-200300220100002&ProgramID=626064714&ParentNodeID=-99&assertID=5500260508&client_ip=106.13.250.83&SecurityKey=20250903090031&promotionId=&mvid=5100186409&mcid=500020&playurlVersion=WX-A1-8.8.1-RELEASE&userid=&jmhm=&videocodec=h264&bean=mgspad&tid=android&conFee=0&puData=3712225a575d903704881b6443f50a06&ddCalcu=6307va1a02x52af2354a4567b51d89804307&sv=10004&ct=android
江苏城市,https://mgtv.ottiptv.cc/migu/626064714.m3u8?migutoken=%2A%2A%2A
江苏城市,http://gslbmgsplive.miguvideo.com/wd_r2/jstv/jschengshi/600/index.m3u8?msisdn=2025102308014130dd0a5e627f42499c11a2ab2361d34e&mdspid=&spid=699067&netType=0&sid=5500260508&pid=2028597139&timestamp=20251023080141&Channel_ID=0116_2600000900-99000-201600010010027&ProgramID=626064714&ParentNodeID=-99&assertID=5500260508&client_ip=106.13.250.83&SecurityKey=20251023080141&promotionId=&mvid=5100186409&mcid=500020&playurlVersion=WX-A1-8.9.2-RELEASE&userid=&jmhm=&videocodec=h264&bean=mgspad&tid=android&conFee=0&puData=5d7ae839a5e5f0b92b0a6b3471204437&ddCalcu=753de4724a60e02813794a35be65af00bb29
江苏影视,https://stream1.freetv.fun/a89dd489fa013bc4f36bcc4afe388f1783e2251c276e2566a9359d68a61c6d91.ctv
江苏影视,http://z.b.bkpcp.top/m.php?id=jsys
江苏影视,https://migu.188766.xyz/?migutoken=%2A%2A%2A&id=%E6%B1%9F%E8%8B%8F%E5%BD%B1%E8%A7%86%E9%A2%91%E9%81%93&type=yy
江苏影视,http://gslbmgsplive.miguvideo.com/wd_r2/jstv/jsyingshi/600/index.m3u8?msisdn=2025090309003105f41cc73cf04c92833c2265c0140111&mdspid=&spid=699067&netType=0&sid=5500260517&pid=2028597139&timestamp=20250903090031&Channel_ID=0116_2600037000-99000-200300220100002&ProgramID=626064697&ParentNodeID=-99&assertID=5500260517&client_ip=106.13.250.83&SecurityKey=20250903090031&promotionId=&mvid=5100186424&mcid=500020&playurlVersion=WX-A1-8.8.1-RELEASE&userid=&jmhm=&videocodec=h264&bean=mgspad&tid=android&conFee=0&puData=6814112e9248d0d7b2bc482bd82b9897&ddCalcu=7698v81a94wb1a2182deb9228448cdb02db7&sv=10004&ct=android
江苏影视,https://mgtv.ottiptv.cc/migu/626064697.m3u8?migutoken=%2A%2A%2A
江苏教育,https://stream1.freetv.fun/7174b4fd66ddb2a7456b7040105dc27a1e57c166593870bb773cb5f6b4546c54.ctv
江苏教育,http://z.b.bkpcp.top/m.php?id=jsjy
江苏教育,http://goo.bkpcp.top/mg/jsjy
江苏教育,https://migu.188766.xyz/?migutoken=%2A%2A%2A&id=%E6%B1%9F%E8%8B%8F%E6%95%99%E8%82%B2&type=yy
江苏教育,http://gslbmgsplive.miguvideo.com/wd_r2/jstv/jsjiaoyu/600/index.m3u8?msisdn=20250903090031d7e536b9e78c4a42b0841922e44a4a36&mdspid=&spid=699067&netType=0&sid=5500287493&pid=2028597139&timestamp=20250903090031&Channel_ID=0116_2600037000-99000-200300220100002&ProgramID=628008321&ParentNodeID=-99&assertID=5500287493&client_ip=106.13.250.83&SecurityKey=20250903090031&promotionId=&mvid=5101012819&mcid=500020&playurlVersion=WX-A1-8.8.1-RELEASE&userid=&jmhm=&videocodec=h264&bean=mgspad&tid=android&conFee=0&puData=d3e3bd992ebf554d360ba9b83b9b179d&ddCalcu=dd93v7ea13bbba9db93982be9bafb505643d&sv=10004&ct=android
沭阳综合,http://shuyang-tv-hls.cm.jstv.com/shuyang-tv/shuyangzh.m3u8
泗洪新闻综合,http://live1.habctv.com/ggpdsl/sd/live.m3u8?zjiangsd=#http://live1.habctv.com/ggpdsl/sd/live.m3u8
泗阳资讯,http://43.251.226.89:8080/play/530.m3u8
泰州一套新闻综合,https://stream1.freetv.fun/tai-zhou-yi-tao-xin-wen-zong-he-4.m3u8
涟水电视台综合,rtmp://lianshui-tv-hls.cm.jstv.com/lianshui-tv/lsxw
涟水电视台综合,https://lianshui-tv-hls.cm.jstv.com:443/lianshui-tv/lsxw.m3u8
涟水电视台综合,http://lianshui-tv-hls.cm.jstv.com/lianshui-tv/lsxw.m3u8?zjiangsd=
涟水电视台综合,http://live1.habctv.com/ggpdsl/sd/live.m3u8?zjiangsd=
涟水电视台综合,http://live1.habctv.com/ggpdsl/sd/live.m3u8
涟水综合,http://lianshui-tv-hls.cm.jstv.com/lianshui-tv/lsxw.m3u8
淮安影院娱乐,http://live1.habctv.com/ysylsl/sd/live.m3u8?zjiangsd=
淮安影院娱乐,http://live1.habctv.com/ysylsl/sd/live.m3u8
淮安新闻综合,https://mgtv.ottiptv.cc/migu/639731826.m3u8?migutoken=%2A%2A%2A
淮安新闻综合,http://gslbmgsplive.miguvideo.com/wd_r2/jstv/haxinwenzonghe/600/index.m3u8?msisdn=2025091908013583ce7f12af754a16ba29f7c2626810f0&mdspid=&spid=699067&netType=0&sid=5500469363&pid=2028597139&timestamp=20250919080135&Channel_ID=0116_2600000900-99000-201600010010027&ProgramID=639731826&ParentNodeID=-99&assertID=5500469363&client_ip=106.13.250.88&SecurityKey=20250919080135&promotionId=&mvid=5102012618&mcid=500020&playurlVersion=WX-A1-8.9.1-RELEASE&userid=&jmhm=&videocodec=h264&bean=mgspad&tid=android&conFee=0&puData=8f83667dfa073a4952557e51d015d22c&ddCalcu=c82fe281d395601607dd1f5ae077535a2459
淮安新闻综合,http://gslbmgsplive.miguvideo.com/wd_r2/jstv/haxinwenzonghe/600/index.m3u8?msisdn=20251023080142941c175264e346bdb28fc24a4c0fff92&mdspid=&spid=699067&netType=0&sid=5500469363&pid=2028597139&timestamp=20251023080142&Channel_ID=0116_2600000900-99000-201600010010027&ProgramID=639731826&ParentNodeID=-99&assertID=5500469363&client_ip=106.13.250.83&SecurityKey=20251023080142&promotionId=&mvid=5102012618&mcid=500020&playurlVersion=WX-A1-8.9.2-RELEASE&userid=&jmhm=&videocodec=h264&bean=mgspad&tid=android&conFee=0&puData=228f78becdd3f1c2f4ea311cb51557e2&ddCalcu=22e2e7825f9570185bbecc1d1d33afe14cf2
淮安新闻综合,http://gslbmgsplive.miguvideo.com/wd_r2/jstv/haxinwenzonghe/600/index.m3u8?msisdn=2025102408005841cc8f9eb2074fbabaeaef4617e0ca47&mdspid=&spid=699067&netType=0&sid=5500469363&pid=2028597139&timestamp=20251024080058&Channel_ID=0116_2600000900-99000-201600010010027&ProgramID=639731826&ParentNodeID=-99&assertID=5500469363&client_ip=106.13.250.88&SecurityKey=20251024080058&promotionId=&mvid=5102012618&mcid=500020&playurlVersion=WX-A1-8.9.2-RELEASE&userid=&jmhm=&videocodec=h264&bean=mgspad&tid=android&conFee=0&puData=d70ba06f67ad26900d75c4f6652b7fa4&ddCalcu=4da7ef027b9ba020566f66f74acd5276d900
淮阴综合,https://huaiyin-tv-replay.cm.jstv.com/huaiyin-tv/huaiyinf.m3u8
溧水新闻综合,https://mgtv.ottiptv.cc/migu/639737327.m3u8?migutoken=%2A%2A%2A
溧水新闻综合,http://gslbmgsplive.miguvideo.com/migu/kailu/wxxwzh/51/20250604/index.m3u8?msisdn=202509190801368edab7fc3daa499fa4e273d73d8b9f2d&mdspid=&spid=699067&netType=0&sid=5500469349&pid=2028597139&timestamp=20250919080136&Channel_ID=0116_2600000900-99000-201600010010027&ProgramID=639737327&ParentNodeID=-99&assertID=5500469349&client_ip=106.13.250.88&SecurityKey=20250919080136&promotionId=&mvid=5102012612&mcid=500020&playurlVersion=WX-A1-8.9.1-RELEASE&userid=&jmhm=&videocodec=h264&bean=mgspad&tid=android&conFee=0&puData=c3e71707790a9a58ff5c4df8b135c614&ddCalcu=4c13e6e1c795103710b787f9d04ac95af5f8
溧水新闻综合,http://gslbmgsplive.miguvideo.com/migu/kailu/wxxwzh/51/20250604/index.m3u8?msisdn=20251023080144558f016a4098437fa4b5f82b16dbaeb4&mdspid=&spid=699067&netType=0&sid=5500469349&pid=2028597139&timestamp=20251023080144&Channel_ID=0116_2600000900-99000-201600010010027&ProgramID=639737327&ParentNodeID=-99&assertID=5500469349&client_ip=106.13.250.83&SecurityKey=20251023080144&promotionId=&mvid=5102012612&mcid=500020&playurlVersion=WX-A1-8.9.2-RELEASE&userid=&jmhm=&videocodec=h264&bean=mgspad&tid=android&conFee=0&puData=d70adf995324060624c3825a44083d19&ddCalcu=9d17ed023a98d00f4949a553228430c64026
溧水新闻综合,http://gslbmgsplive.miguvideo.com/migu/kailu/wxxwzh/51/20250604/index.m3u8?msisdn=202510240800594a9687dbd7324f45ae45174f1227d3ad&mdspid=&spid=699067&netType=0&sid=5500469349&pid=2028597139&timestamp=20251024080059&Channel_ID=0116_2600000900-99000-201600010010027&ProgramID=639737327&ParentNodeID=-99&assertID=5500469349&client_ip=106.13.250.88&SecurityKey=20251024080059&promotionId=&mvid=5102012612&mcid=500020&playurlVersion=WX-A1-8.9.2-RELEASE&userid=&jmhm=&videocodec=h264&bean=mgspad&tid=android&conFee=0&puData=287022ec4f8292e91b2eca7dd26993d3&ddCalcu=32d8e372909920622edcd47fa8c2e922be19
溧水新闻综合,http://gslbmgsplive.miguvideo.com/migu/kailu/wxxwzh/51/20250604/index.m3u8?msisdn=20251025080102f85a6abac0d64c679ab538b375a256e3&mdspid=&spid=699067&netType=0&sid=5500469349&pid=2028597139&timestamp=20251025080102&Channel_ID=0116_2600000900-99000-201600010010027&ProgramID=639737327&ParentNodeID=-99&assertID=5500469349&client_ip=106.13.250.90&SecurityKey=20251025080102&promotionId=&mvid=5102012612&mcid=500020&playurlVersion=WX-A1-8.9.2-RELEASE&userid=&jmhm=&videocodec=h264&bean=mgspad&tid=android&conFee=0&puData=c4c759517172dc16ebdc0de9d4416c8c&ddCalcu=cc84ecc26791504945d197e1d702cddcb1e6
滨海新闻综合,http://traffic.jbh.tjbh.com/live/bhtv10/playlist.m3u8
睢宁三农,http://iptv.666230.xyz/iptv/jsyd.php/xzsnsn
睢宁综合,http://iptv.666230.xyz/iptv/jsyd.php/xzsnzh
睢宁资讯,http://iptv.666230.xyz/iptv/jsyd.php/xzsnzx
苏州文化生活,https://live-auth.51kandianshi.com/szgd/csztv3.m3u8
苏州新闻综合,https://live-auth.51kandianshi.com/szgd/csztv1.m3u8
苏州生活资讯,https://live-auth.51kandianshi.com/szgd/csztv5.m3u8
苏州社会经济,https://live-auth.51kandianshi.com/szgd/csztv2.m3u8
连云港公共,http://iptv.666230.xyz/iptv/jsyd.php/jslyggonggongpd
连云港新闻综合,http://z.b.bkpcp.top/m.php?id=lygxwzh
连云港新闻综合,https://migu.188766.xyz/?migutoken=%2A%2A%2A&id=%E8%BF%9E%E4%BA%91%E6%B8%AF%E6%96%B0%E9%97%BB%E7%BB%BC%E5%90%88&type=yy
连云港新闻综合,https://stream1.freetv.fun/lian-yun-gang-xin-wen-zong-he-3.ctv
连云港新闻综合,http://gslbmgsplive.miguvideo.com/wd_r2/jstv/lygxinwenzonghe/600/index.m3u8?msisdn=20250903090032646047095bc64a1c968e703401c7fec1&mdspid=&spid=699067&netType=0&sid=5500469369&pid=2028597139&timestamp=20250903090032&Channel_ID=0116_2600037000-99000-200300220100002&ProgramID=639731715&ParentNodeID=-99&assertID=5500469369&client_ip=106.13.250.83&SecurityKey=20250903090032&promotionId=&mvid=5102012621&mcid=500020&playurlVersion=WX-A1-8.8.1-RELEASE&userid=&jmhm=&videocodec=h264&bean=mgspad&tid=android&conFee=0&puData=c19beb3ac61dd99e40036c371af55211&ddCalcu=1c11v29a5bx5eafba31a7c36c16d3d09094e&sv=10004&ct=android
连云港新闻综合,https://mgtv.ottiptv.cc/migu/639731715.m3u8?migutoken=%2A%2A%2A
镇江二套社会民生,http://zjtv-wshls.homecdn.com/live/2aa16.m3u8
镇江新闻综合,http://gslbmgsplive.miguvideo.com/migu/kailu/zjxwzh/50/20251127/index.m3u8?msisdn=20251206080345c6b198548f7a4137bc34f4fc1877f2c2&mdspid=&spid=699067&netType=0&sid=5500469365&pid=2028597139&timestamp=20251206080345&Channel_ID=0116_2600037000-99000-200300220100002&ProgramID=639731783&ParentNodeID=-99&assertID=5500469365&client_ip=218.28.233.106&SecurityKey=20251206080345&promotionId=&mvid=5102012619&mcid=500020&playurlVersion=WX-A1-8.11.2-RELEASE&userid=&jmhm=&videocodec=h264&appCode=miguvideo_android&bean=mgspad&tid=android&conFee=0&puData=5d35d17d8948be41fe9df1c12a69cc94&ddCalcu=459dvc3ac5x9da61a72d18c914f8db9ee4f1&sv=10004&ct=android
镇江新闻综合,http://gslbmgsplive.miguvideo.com/migu/kailu/zjxwzh/50/20251127/index.m3u8?msisdn=202512070804180dc971d1028249d9ba74a7370ff6b1c3&mdspid=&spid=699067&netType=0&sid=5500469365&pid=2028597139&timestamp=20251207080418&Channel_ID=0116_2600037000-99000-200300220100002&ProgramID=639731783&ParentNodeID=-99&assertID=5500469365&client_ip=218.28.233.106&SecurityKey=20251207080418&promotionId=&mvid=5102012619&mcid=500020&playurlVersion=WX-A1-8.11.2-RELEASE&userid=&jmhm=&videocodec=h264&appCode=miguvideo_android&bean=mgspad&tid=android&conFee=0&puData=7b7c75694c990bae0016294382e20c45&ddCalcu=574bvc7a0cx27ae52689344c9929601b0a0e&sv=10004&ct=android
镇江新闻综合,http://gslbmgsplive.miguvideo.com/migu/kailu/zjxwzh/50/20251127/index.m3u8?msisdn=20251208080341313571580fa8460da91165977ac1e06f&mdspid=&spid=699067&netType=0&sid=5500469365&pid=2028597139&timestamp=20251208080341&Channel_ID=0116_2600037000-99000-200300220100002&ProgramID=639731783&ParentNodeID=-99&assertID=5500469365&client_ip=218.28.233.106&SecurityKey=20251208080341&promotionId=&mvid=5102012619&mcid=500020&playurlVersion=WX-A1-8.11.2-RELEASE&userid=&jmhm=&videocodec=h264&appCode=miguvideo_android&bean=mgspad&tid=android&conFee=0&puData=2c7a0ae2fd26eca75203005af08c49b5&ddCalcu=52bcv97a4axc0a8a0ef2af5d02063e0c2a57&sv=10004&ct=android
镇江新闻综合,http://gslbmgsplive.miguvideo.com/migu/kailu/zjxwzh/50/20251127/index.m3u8?msisdn=202512090804173580256011aa4d078a2137bc1a9d5136&mdspid=&spid=699067&netType=0&sid=5500469365&pid=2028597139&timestamp=20251209080417&Channel_ID=0116_2600037000-99000-200300220100002&ProgramID=639731783&ParentNodeID=-99&assertID=5500469365&client_ip=218.28.233.106&SecurityKey=20251209080417&promotionId=&mvid=5102012619&mcid=500020&playurlVersion=WX-A1-8.11.2-RELEASE&userid=&jmhm=&videocodec=h264&appCode=miguvideo_android&bean=mgspad&tid=android&conFee=0&puData=f6e47246808c5e75188d4c264e6ec6a4&ddCalcu=4fa6v6eac4xe7a62e4466820c84cd58e8715&sv=10004&ct=android
镇江新闻综合,http://gslbmgsplive.miguvideo.com/migu/kailu/zjxwzh/50/20251127/index.m3u8?msisdn=20251210080338fedb59e067a84538b38a89a13b30f943&mdspid=&spid=699067&netType=0&sid=5500469365&pid=2028597139&timestamp=20251210080338&Channel_ID=0116_2600037000-99000-200300220100002&ProgramID=639731783&ParentNodeID=-99&assertID=5500469365&client_ip=218.28.233.106&SecurityKey=20251210080338&promotionId=&mvid=5102012619&mcid=500020&playurlVersion=WX-A1-8.11.2-RELEASE&userid=&jmhm=&videocodec=h264&appCode=miguvideo_android&bean=mgspad&tid=android&conFee=0&puData=c898ea8575b0bdd86e9726753a6ba64c&ddCalcu=cc48v69aa8xbea6aa83557756b207b9ded68&sv=10004&ct=android
靖江新闻综合,http://ls.qingting.fm/live/23797.m3u8
靖江新闻综合,https://stream1.freetv.fun/jing-jiang-xin-wen-zong-he-7.m3u8
靖江新闻综合,https://stream1.freetv.fun/jing-jiang-xin-wen-zong-he-1.m3u8
朝阳新闻综合,http://120.76.248.139/live/bfgd/4200000282.m3u8
辽宁北方,https://stream1.freetv.fun/liao-zhu-bei-fang-3.m3u8
辽宁影视剧,http://120.76.248.139/live/bfgd/4200000070.m3u8
辽宁教育青少,http://120.76.248.139/live/bfgd/4200000075.m3u8
辽宁生活,http://120.76.248.139/live/bfgd/4200000073.m3u8
辽宁经济,http://120.76.248.139/live/bfgd/4200000480.m3u8
辽宁经济,http://120.76.248.139/live/bfgd/4200000076.m3u8
辽宁都市,https://ls.qingting.fm/live/1099/64k.m3u8
湖南都市,https://stream1.freetv.fun/hu-nan-du-shi-13.m3u8
湖南都市,https://stream1.freetv.fun/hu-nan-du-shi-4.m3u8
湖南都市,https://stream1.freetv.fun/hu-nan-du-shi-8.m3u8
湖南都市,https://stream1.freetv.fun/hu-nan-du-shi-9.m3u8
湖南都市,https://stream1.freetv.fun/hu-nan-du-shi-6.ctv
湖南经视,https://stream1.freetv.fun/hu-nan-jing-shi-6.m3u8
湖南经视,https://stream1.freetv.fun/hu-nan-jing-shi-1.m3u8
湖南经视,https://stream1.freetv.fun/hu-nan-jing-shi-15.ctv
湖南经视,https://stream1.freetv.fun/hu-nan-jing-shi-5.m3u8
湖南经视,https://stream1.freetv.fun/hu-nan-jing-shi-2.m3u8
湖南电视剧,https://stream1.freetv.fun/hu-nan-dian-shi-ju-2.m3u8
湖南电视剧,https://stream1.freetv.fun/hu-nan-dian-shi-ju-12.m3u8
湖南电视剧,https://stream1.freetv.fun/hu-nan-dian-shi-ju-14.ctv
湖南电视剧,https://stream1.freetv.fun/hu-nan-dian-shi-ju-7.m3u8
湖南电视剧,https://stream1.freetv.fun/hu-nan-dian-shi-ju-3.m3u8
湖南电影,http://php.jdshipin.com:8880/iptv.php
湖南电影,https://stream1.freetv.fun/hu-nan-dian-ying-2.ctv
湖南爱晚,http://php.jdshipin.com:8880/iptv.php?id=hngg
湖南教育,https://stream1.freetv.fun/hu-nan-jiao-yu-6.ctv
湖南娱乐,https://stream1.freetv.fun/hu-nan-yu-le-9.ctv
湖南娱乐,https://stream1.freetv.fun/hu-nan-yu-le-3.m3u8
湖南国际,https://stream1.freetv.fun/hu-nan-guo-ji-2.ctv
湖南国际,https://stream1.freetv.fun/hu-nan-guo-ji-4.ctv
湖南公共,https://stream1.freetv.fun/hu-nan-gong-gong-7.m3u8
湖南公共,https://stream1.freetv.fun/hu-nan-gong-gong-5.ctv
湖南公共,https://stream1.freetv.fun/hu-nan-gong-gong-2.ctv
湖南公共,https://stream1.freetv.fun/hu-nan-gong-gong-7.ctv
金鹰纪实,http://iptv.huuc.edu.cn/hls/gedocu.m3u8
金鹰纪实,http://rrs01.hw.gmcc.net:8088/PLTV/81/224/3221226667/1.m3u8
金鹰纪实,https://hls-gateway.vpstv.net/streams/708834.m3u8
金鹰纪实,https://stream1.freetv.fun/jin-ying-ji-shi-35.m3u8
金鹰纪实,https://stream1.freetv.fun/jin-ying-ji-shi-22.ctv
长沙新闻综合,http://ls.qingting.fm/live/4877.m3u8
长沙新闻,http://ls.qingting.fm/live/4877.m3u8
娄底综合,http://iptv.666230.xyz/iptv/hnyx.php/ldxw
湖北综合,http://[2409:8087:4c0a:22:1::11]:6410/170000001115/UmaiCHAN638072216f7da/index.m3u8?AuthInfo=%2A%2A%2A
湖北综合,https://stream1.freetv.fun/hu-bei-zong-he-4.ctv
湖北综合,https://stream1.freetv.fun/hu-bei-zong-he-6.ctv
湖北经视,https://stream1.freetv.fun/hu-bei-jing-shi-2.ctv
湖北经视,https://stream1.freetv.fun/hu-bei-jing-shi-24.m3u8
湖北经视,https://t.freetv.fun/live/hu-bei-jing-shi-1.m3u8
湖北生活,http://[2409:8087:4c0a:22:1::11]:6410/170000001115/UmaiCHAN638072c62e405/index.m3u8?AuthInfo=%2A%2A%2A
湖北生活,https://stream1.freetv.fun/hu-bei-sheng-huo-3.ctv
湖北生活,https://stream1.freetv.fun/hu-bei-sheng-huo-2.m3u8
湖北生活,https://stream1.freetv.fun/hu-bei-sheng-huo-4.ctv
湖北生活,https://t.freetv.fun/live/hu-bei-sheng-huo.m3u8
湖北教育,http://[2409:8087:4c0a:22:1::11]:6410/170000001115/UmaiCHAN638072a6cbbf6/index.m3u8?AuthInfo=%2A%2A%2A
湖北教育,https://stream1.freetv.fun/hu-bei-jiao-yu-4.ctv
湖北教育,https://stream1.freetv.fun/hu-bei-jiao-yu-1.ctv
湖北教育,https://t.freetv.fun/live/hu-bei-jiao-yu.m3u8
湖北影视,https://stream1.freetv.fun/hu-bei-ying-shi-1.m3u8
湖北影视,https://stream1.freetv.fun/hu-bei-ying-shi-1.ctv
湖北影视,https://stream1.freetv.fun/hu-bei-ying-shi-14.m3u8
湖北公共,https://stream1.freetv.fun/hu-bei-gong-gong-5.ctv
湖北垄上,http://[2409:8087:4c0a:22:1::11]:6410/170000001115/UmaiCHAN638072463c333/index.m3u8?AuthInfo=%2A%2A%2A
湖北垄上,https://stream1.freetv.fun/hu-bei-long-shang-1.ctv
湖北垄上,https://t.freetv.fun/live/hu-bei-long-shang.m3u8
武汉一台新闻综合,https://ls.qingting.fm/live/20198/64k.m3u8
武汉一台新闻综合,https://stream1.freetv.fun/wu-yi-xin-wen-zong-he-1.m3u8
武汉一台新闻综合,https://stream1.freetv.fun/wu-yi-xin-wen-zong-he-7.m3u8
武汉二台电视剧,https://stream1.freetv.fun/wu-yi-2dian-shi-ju-1.m3u8
武汉四台经济,https://stream1.freetv.fun/wu-yi-jing-ji-1.m3u8
武汉教育,https://stream1.freetv.fun/wu-yi-jiao-yu-4.m3u8
武汉教育,https://stream1.freetv.fun/wu-yi-jiao-yu-6.m3u8
武汉教育,https://stream1.freetv.fun/wu-yi-jiao-yu-8.m3u8
武汉教育,https://stream1.freetv.fun/wu-yi-jiao-yu-13.ctv
武汉教育,https://stream1.freetv.fun/wu-yi-jiao-yu-1.m3u8
武汉文体,http://www.hiliu.myds.me:18088/rtp/239.69.1.147:10518
十堰新闻,https://stream1.freetv.fun/shi-yan-xin-wen-1.m3u8
十堰新闻,https://stream1.freetv.fun/shi-yan-xin-wen-2.m3u8
十堰新闻,https://stream1.freetv.fun/shi-yan-xin-wen-3.m3u8
十堰新闻,https://stream1.freetv.fun/shi-yan-xin-wen-4.m3u8
荆门新闻综合,http://stream.jmtv.com.cn/xwzh/sd/live.m3u8
荆门新闻综合,https://stream.jmtv.com.cn/xwzh/playlist.m3u8?_upt=3e28e7271664278691
荆门新闻综合,https://stream1.freetv.fun/jing-men-xin-wen-zong-he-6.m3u8
荆门新闻综合,https://stream1.freetv.fun/jing-men-xin-wen-zong-he-2.m3u8
荆门新闻综合,https://stream1.freetv.fun/jing-men-xin-wen-zong-he-3.m3u8
南宁公共,https://stream1.freetv.fun/nan-zhu-gong-gong-1.m3u8
南宁公共,https://stream1.freetv.fun/nan-zhu-gong-gong-5.m3u8
南宁公共,https://stream1.freetv.fun/nan-zhu-gong-gong-9.m3u8
南宁公共,https://stream1.freetv.fun/nan-zhu-gong-gong-6.m3u8
南宁公共,https://stream1.freetv.fun/nan-zhu-gong-gong-7.m3u8
南宁新闻综合,https://stream1.freetv.fun/nan-zhu-xin-wen-zong-he-3.m3u8
南宁新闻综合,https://stream1.freetv.fun/nan-zhu-xin-wen-zong-he-1.m3u8
南宁新闻综合,https://stream1.freetv.fun/nan-zhu-xin-wen-zong-he-4.m3u8
南宁都市生活,http://615bbf179ba53515dccad7b1da5d1ad9.livehwc3.cn/hls.nntv.cn/nnlive/WLSH_24.m3u8?sub_m3u8=true&edge_slice=true&user_session_id=2598844eaee8a4265e706fc14b3fc11d
南宁都市生活,https://stream1.freetv.fun/nan-zhu-du-shi-sheng-huo-1.m3u8
南宁都市生活,https://stream1.freetv.fun/nan-zhu-du-shi-sheng-huo-2.m3u8
南宁都市生活,https://stream1.freetv.fun/nan-zhu-du-shi-sheng-huo-3.m3u8
南宁都市生活,https://t.freetv.fun/live/nan-zhu-du-shi-sheng-huo-1.m3u8
宾阳综合,http://pulls.myun.tv/live/0dkp33j5.m3u8
灌阳新闻综合,https://ls.qingting.fm/live/5043/64k.m3u8
田东综合,http://pulls.myun.tv/live/0dkp33j5.m3u8
广西新闻,http://198.204.228.26/live/gxxw.m3u8
广西新闻,http://107.150.60.122/live/gxxw.m3u8
广西新闻,http://63.141.230.178:82/gslb/zbdq5.m3u8?id=gxxw
广西新闻,http://38.75.136.137:98/gslb/dsdqpub/gxxw.m3u8?auth=%2A%2A%2A
广西国际,http://38.75.136.137:98/gslb/dsdqpub/gxgj.m3u8?auth=%2A%2A%2A
广西国际,http://63.141.230.178:82/gslb/zbdq5.m3u8?id=gxgj
广西国际,http://192.151.150.154/live/gxgj.m3u8
广西国际,http://198.204.228.26/live/gxgj.m3u8
广西国际,http://107.150.60.122/live/gxgj.m3u8
南宁影视娱乐,http://hls.nntv.cn/nnlive/YSYL_244.m3u8
武清综合,https://tvpull.smartwq.cn/wqlive/convergencemedia/playlist.m3u8?ztianjd=
乐山新闻综合,https://stream1.freetv.fun/le-shan-xin-wen-zong-he-1.m3u8
乐山新闻综合,https://stream1.freetv.fun/le-shan-xin-wen-zong-he-2.m3u8
乐至综合,http://175.155.106.72:89/live1/live1.m3u8?zsicd=
井研综合,http://tvfile.jyrmt.cn/nmip-media/channellive/channel104452/playlist.m3u8
剑阁综合,https://m3u8.channel.dzsm.com/nmip-media/channellive/channel105549/playlist.m3u8
叙州新闻综合,https://stream1.freetv.fun/xu-zhou-xin-wen-zong-he-6.m3u8
叙州新闻综合,https://stream1.freetv.fun/xu-zhou-xin-wen-zong-he-2.m3u8
叙州新闻综合,https://stream1.freetv.fun/xu-zhou-xin-wen-zong-he-7.m3u8
叙州新闻综合,https://stream1.freetv.fun/xu-zhou-xin-wen-zong-he-3.m3u8
叙州新闻综合,https://stream1.freetv.fun/xu-zhou-xin-wen-zong-he-1.m3u8
名山综合,https://m3u8channel-bx.yunxya.com/nmip-media/channellive/channel104666/playlist.m3u8
四川科教,https://stream1.freetv.fun/si-chuan-ke-jiao-3.ctv
四川科教,https://stream1.freetv.fun/si-chuan-ke-jiao-1.m3u8
四川科教,https://stream1.freetv.fun/si-chuan-ke-jiao-4.ctv
广元公共,https://m3u8.channel.dzsm.com/nmip-media/channellive/channel101257/playlist.m3u8
广元综合,https://stream1.freetv.fun/yan-yuan-zong-he-1.m3u8
广元综合,https://stream1.freetv.fun/yan-yuan-zong-he-2.ctv
广安公共,http://live1.gatv.com.cn:85/live/GGPD_ggpdzm.m3u8?zsicd=
广安公共,http://live1.gatv.com.cn:85/live/GGPD.m3u8
广安公共,http://live1.gatv.com.cn:85/live/GGPD_ggpdzm.m3u8
康巴卫视,http://[2409:8087:8:21::18]:6610/otttv.bj.chinamobile.com/PLTV/88888888/224/3221227027/1.m3u8?GuardEncType=2&accountinfo=~~V2.0~kHMvBpWz4rccMxNvSRekpQ~tP4-l0lmSfjwLWEfK_el1vH_mv-s1zo4AQJwdedaVwG9xkuFTDg8J26cwOrNJzn20BErrHdLhuZ9EzLUCD3PMW-OMx4MGteHV2vLeW6BqoY%2CEND
德阳新闻综合,https://stream1.freetv.fun/de-yang-xin-wen-zong-he-2.m3u8
德阳新闻综合,https://stream1.freetv.fun/de-yang-xin-wen-zong-he-1.m3u8
德阳新闻综合,https://stream1.freetv.fun/de-yang-xin-wen-zong-he-3.m3u8
旺苍新闻综合,http://channel.wcrmt.cn:80/nmip-media/channellive/channel105268/playlist.m3u8
旺苍新闻综合,http://live.spccmc.com:90/live/spxwzh.m3u8?%E5%85%B3%E6%B3%A8%E5%BE%AE%E4%BF%A1%E5%85%AC%E4%BC%97%E5%8F%B7%5B%E6%99%B4%E5%9B%AD%5D=
松潘新闻综合,http://live.spccmc.com:90/live/spxwzh.m3u8?%E5%85%B3%E6%B3%A8%E5%BE%AE%E4%BF%A1%E5%85%AC%E4%BC%97%E5%8F%B7%5B%E6%99%B4%E5%9B%AD%5D=
松潘新闻综合,http://live.spccmc.com:90/live/spxwzh.m3u8?zsicd=
松潘新闻综合,http://live.spccmc.com:90/live/spxwzh.m3u8
汉源综合,http://live.hyxrmt.com:85/live/xwpd.m3u8
汉源综合,http://live.hyxrmt.com:85/live/xwpd.m3u8?zsicd=
汶川新闻综合,http://live.iwcmt.cn:90/live/zhxw.m3u8?zsicd=
汶川新闻综合,rtmp://live.iwcmt.cn:1936/live/zhxw
汶川新闻综合,http://live.iwcmt.cn:90/live/zhxw.m3u8
汶川新闻综合,http://file.ysxtv.cn/cms/videos/nmip-media/channellive/channel4/playlist.m3u8?zsicd=#rtmp://tv.mcrm.org.cn:1935/channellive/tv01
沐川综合,http://file.ysxtv.cn/cms/videos/nmip-media/channellive/channel4/playlist.m3u8?zsicd=
泸县新闻综合,http://lxfile.lxxcb.cn/nmip-media/channellive/channel103799/playlist.m3u8
泸县新闻综合,http://lxfile.lxxcb.cn:80/nmip-media/channellive/channel103799/playlist.m3u8
泸县新闻综合,http://lxfile.lxxcb.cn/nmip-media/channellive/channel103799/playlist.m3u8?zsicd=
泸县新闻综合,https://m3u8channel.ganzitv.com/nmip-media/channellive/channel1/playlist.m3u8
甘孜综合,https://m3u8channel.ganzitv.com/nmip-media/channellive/channel1/playlist.m3u8
石棉综合,http://live.hyxrmt.com:85/live/xwpd.m3u8
绵阳科技,https://stream1.freetv.fun/mian-yang-ke-ji-2.m3u8
荥经综合,https://m3u8channel-yj.yunxya.com/nmip-media/channellive/channel101140/playlist.m3u8
营山电视台,http://file.ysxtv.cn/cms/videos/nmip-media/channellive/channel4/playlist.m3u8?zsicd=#http://file.ysxtv.cn/cms/videos/nmip-media/channellive/channel4/playlist.m3u8
蓬安新闻综合,https://stream1.freetv.fun/peng-an-xin-wen-zong-he-2.m3u8
蓬安新闻综合,https://stream1.freetv.fun/peng-an-xin-wen-zong-he-1.m3u8
金川新闻综合,http://139.203.180.9:90/live/zhxw.m3u8
金川新闻综合,http://live.jinchuanrmt.com:90/live/zhxw.m3u8?zsicd=
雅安新闻综合,https://play.yunxya.com/channellive/xinwen.m3u8
青川综合,http://qcfile.qcrmt.com/nmip-media/channellive/channel100933/playlist.m3u8
陕西新闻资讯,https://mgtv.ottiptv.cc/migu/956909289.m3u8?migutoken=%2A%2A%2A
陕西新闻资讯,http://gslbmgsplive.miguvideo.com/migu/kailu/sxxwzx/51/20250804/index.m3u8?msisdn=20250919080136670d8cf97d464e1f874949e449ebd1ac&mdspid=&spid=600572&netType=0&sid=5910022187&pid=2028597139&timestamp=20250919080136&Channel_ID=0116_2600000900-99000-201600010010027&ProgramID=956909289&ParentNodeID=-99&assertID=5910022187&client_ip=106.13.250.88&SecurityKey=20250919080136&promotionId=&mvid=5900006710&mcid=500020&playurlVersion=WX-A1-8.9.1-RELEASE&userid=&jmhm=&videocodec=h264&bean=mgspad&tid=android&conFee=0&puData=01b1afdabd15fc39dd9264ccca9ac59f&ddCalcu=f091e5b1c16aa09fadcacbcd41652f9cd3d9
陕西新闻资讯,http://gslbmgsplive.miguvideo.com/migu/kailu/sxxwzx/51/20250804/index.m3u8?msisdn=202510230801447f8d4c3a1a3c4ca1bd0de217472d80f2&mdspid=&spid=600572&netType=0&sid=5910022187&pid=2028597139&timestamp=20251023080144&Channel_ID=0116_2600000900-99000-201600010010027&ProgramID=956909289&ParentNodeID=-99&assertID=5910022187&client_ip=106.13.250.83&SecurityKey=20251023080144&promotionId=&mvid=5900006710&mcid=500020&playurlVersion=WX-A1-8.9.2-RELEASE&userid=&jmhm=&videocodec=h264&bean=mgspad&tid=android&conFee=0&puData=6ed563603d847927c8983a33d5b70e32&ddCalcu=263eeed2056760b356d0333da834879982c7
陕西新闻资讯,http://gslbmgsplive.miguvideo.com/migu/kailu/sxxwzx/51/20250804/index.m3u8?msisdn=202510240800591ee112712ed2473aa0d84b8ea3046959&mdspid=&spid=600572&netType=0&sid=5910022187&pid=2028597139&timestamp=20251024080059&Channel_ID=0116_2600000900-99000-201600010010027&ProgramID=956909289&ParentNodeID=-99&assertID=5910022187&client_ip=106.13.250.88&SecurityKey=20251024080059&promotionId=&mvid=5900006710&mcid=500020&playurlVersion=WX-A1-8.9.2-RELEASE&userid=&jmhm=&videocodec=h264&bean=mgspad&tid=android&conFee=0&puData=5661fd15cfb5726d7c6a1eb652fdb094&ddCalcu=4596e062b16df0fd21556cbfeb15a762c67d
陕西都市青春,https://mgtv.ottiptv.cc/migu/956909358.m3u8?migutoken=%2A%2A%2A
陕西都市青春,http://gslbmgsplive.miguvideo.com/migu/kailu/sxdsqc/51/20250804/index.m3u8?msisdn=20250919080136b45ee433a7cf4d688994f00b794d176d&mdspid=&spid=600572&netType=0&sid=5910022190&pid=2028597139&timestamp=20250919080136&Channel_ID=0116_2600000900-99000-201600010010027&ProgramID=956909358&ParentNodeID=-99&assertID=5910022190&client_ip=106.13.250.88&SecurityKey=20250919080136&promotionId=&mvid=5900006713&mcid=500020&playurlVersion=WX-A1-8.9.1-RELEASE&userid=&jmhm=&videocodec=h264&bean=mgspad&tid=android&conFee=0&puData=9db1317be8c80566b10f130aebe87c29&ddCalcu=992decb1716830e1b7ebae083c18f00516b6
陕西都市青春,http://gslbmgsplive.miguvideo.com/migu/kailu/sxdsqc/51/20250804/index.m3u8?msisdn=202510230801444202628b64cc49f4bfb9f6b1dfb1f491&mdspid=&spid=600572&netType=0&sid=5910022190&pid=2028597139&timestamp=20251023080144&Channel_ID=0116_2600000900-99000-201600010010027&ProgramID=956909358&ParentNodeID=-99&assertID=5910022190&client_ip=106.13.250.83&SecurityKey=20251023080144&promotionId=&mvid=5900006713&mcid=500020&playurlVersion=WX-A1-8.9.2-RELEASE&userid=&jmhm=&videocodec=h264&bean=mgspad&tid=android&conFee=0&puData=83284c876ebb25ecdf72f4eb4dd5a006&ddCalcu=6803e022a86540dcd847b6ee4bfb2275fedc
陕西都市青春,http://gslbmgsplive.miguvideo.com/migu/kailu/sxdsqc/51/20250804/index.m3u8?msisdn=2025102408005947806826798c44e4b89b7ed86b1ba04f&mdspid=&spid=600572&netType=0&sid=5910022190&pid=2028597139&timestamp=20251024080059&Channel_ID=0116_2600000900-99000-201600010010027&ProgramID=956909358&ParentNodeID=-99&assertID=5910022190&client_ip=106.13.250.88&SecurityKey=20251024080059&promotionId=&mvid=5900006713&mcid=500020&playurlVersion=WX-A1-8.9.2-RELEASE&userid=&jmhm=&videocodec=h264&bean=mgspad&tid=android&conFee=0&puData=52c95103cb01acfba0783bb6dba5f262&ddCalcu=2562e2c2f96550a1b0d36cbbb0318a7c0fab
陕西公共,http://ls.qingting.fm/live/1222.m3u8
陕西体育休闲,https://mgtv.ottiptv.cc/migu/956909356.m3u8?migutoken=%2A%2A%2A
陕西体育休闲,http://gslbmgsplive.miguvideo.com/migu/kailu/sxtyxx/51/20250804/index.m3u8?msisdn=20250921080053bb7e3ee981dc4bde95a765fbffef7b9e&mdspid=&spid=600572&netType=0&sid=5910022189&pid=2028597139&timestamp=20250921080053&Channel_ID=0116_2600000900-99000-201600010010027&ProgramID=956909356&ParentNodeID=-99&assertID=5910022189&client_ip=106.13.250.88&SecurityKey=20250921080053&promotionId=&mvid=5900006712&mcid=500020&playurlVersion=WX-A1-8.9.1-RELEASE&userid=&jmhm=&videocodec=h264&bean=mgspad&tid=android&conFee=0&puData=43ffb82e5f9372a440dd84479d27b2f6&ddCalcu=64f3e2f2bf67b028d29e754f4983d7d20a44
陕西体育休闲,http://gslbmgsplive.miguvideo.com/migu/kailu/sxtyxx/51/20250804/index.m3u8?msisdn=20251023080139c026415ca4654e0cb51f36f8105eb6a1&mdspid=&spid=600572&netType=0&sid=5910022189&pid=2028597139&timestamp=20251023080139&Channel_ID=0116_2600000900-99000-201600010010027&ProgramID=956909356&ParentNodeID=-99&assertID=5910022189&client_ip=106.13.250.83&SecurityKey=20251023080139&promotionId=&mvid=5900006712&mcid=500020&playurlVersion=WX-A1-8.9.2-RELEASE&userid=&jmhm=&videocodec=h264&bean=mgspad&tid=android&conFee=0&puData=101f9c0a14d24dc78aa97137482db06c&ddCalcu=c160e012bf6d902c804a71341d7294adac87
陕西体育休闲,http://gslbmgsplive.miguvideo.com/migu/kailu/sxtyxx/51/20250804/index.m3u8?msisdn=20251024080056953be86c14d64c758cd4dbf06a58c942&mdspid=&spid=600572&netType=0&sid=5910022189&pid=2028597139&timestamp=20251024080056&Channel_ID=0116_2600000900-99000-201600010010027&ProgramID=956909356&ParentNodeID=-99&assertID=5910022189&client_ip=106.13.250.88&SecurityKey=20251024080056&promotionId=&mvid=5900006712&mcid=500020&playurlVersion=WX-A1-8.9.2-RELEASE&userid=&jmhm=&videocodec=h264&bean=mgspad&tid=android&conFee=0&puData=d18ceaa4887dd90437843aedd252e8e7&ddCalcu=7de1e882ec62e05a2ad4d8e8a73d4d897034
陕西体育休闲,http://gslbmgsplive.miguvideo.com/migu/kailu/sxtyxx/51/20250804/index.m3u8?msisdn=2025102508005957060912be0d47f78a9e823b236e0022&mdspid=&spid=600572&netType=0&sid=5910022189&pid=2028597139&timestamp=20251025080059&Channel_ID=0116_2600000900-99000-201600010010027&ProgramID=956909356&ParentNodeID=-99&assertID=5910022189&client_ip=106.13.250.90&SecurityKey=20251025080059&promotionId=&mvid=5900006712&mcid=500020&playurlVersion=WX-A1-8.9.2-RELEASE&userid=&jmhm=&videocodec=h264&bean=mgspad&tid=android&conFee=0&puData=25d98077b85839680d0db7d4d6a823de&ddCalcu=e2d5e3d2296880a067d74bd875b8d309d608
三明新闻综合,http://ls.qingting.fm/live/4885.m3u8
三明新闻综合,https://ls.qingting.fm/live/5022100/64k.m3u8
云霄综合,http://live.zzyxxw.com:85/live/xwzh.m3u8?fujian=
云霄综合,https://live.zzyxxw.com:2443/live/xwzh.m3u8
云霄综合,http://live.zzyxxw.com:85/live/xwzh.m3u8
云霄综合,http://live.zzyxxw.com:85/live/xwzh.m3u8?fujian%2C=
厦门卫视,http://107.150.60.122/live/xmws.m3u8
厦门卫视,http://198.204.228.26/live/xmws.m3u8
厦门卫视,http://192.151.150.154/live/xmws.m3u8
厦门卫视,http://63.141.230.178:82/gslb/zbdq5.m3u8?id=xmws
漳州新闻综合,https://stream1.freetv.fun/zhang-zhou-xin-wen-zong-he-2.m3u8
漳州新闻综合,https://stream1.freetv.fun/zhang-zhou-xin-wen-zong-he-1.m3u8
漳州新闻综合,https://stream1.freetv.fun/zhang-zhou-xin-wen-zong-he-3.m3u8
福州少儿,http://live.zohi.tv/video/s10001-fztv-4/index.m3u8
福州生活,http://live.zohi.tv:80/video/s10001-fztv-3/index.m3u8
福建新闻,http://satellitepull.cnr.cn/live/wx32fjxwgb/playlist.m3u8
福建电视剧,https://stream1.freetv.fun/fu-jian-dian-shi-ju-1.m3u8
福建电视剧,https://stream1.freetv.fun/fu-jian-dian-shi-ju-5.m3u8
福建电视剧,https://stream1.freetv.fun/fu-jian-dian-shi-ju-2.m3u8
福建电视剧,https://stream1.freetv.fun/fu-jian-dian-shi-ju-3.m3u8
福建电视剧,https://stream1.freetv.fun/fu-jian-dian-shi-ju-4.m3u8
福建经济,http://satellitepull.cnr.cn/live/wx32fjdnjjgb/playlist.m3u8
福建综合,https://stream1.freetv.fun/fu-jian-zong-he-6.m3u8
福建综合,https://stream1.freetv.fun/fu-jian-zong-he-5.m3u8
福建综合,https://stream1.freetv.fun/fu-jian-zong-he-4.m3u8
福建综合,https://stream1.freetv.fun/fu-jian-zong-he-1.m3u8
福建综合,https://stream1.freetv.fun/fu-jian-zong-he-3.m3u8
福建公共,https://live.264788.xyz/channel/fujianxiangcungonggong?streamid=1cf7fc3a8f6d160c33b43c2f9507a0cc&livekey=01WgOR41rriMmMkzNsd0UoaxJRwetZdxIvtVk
福建旅游,https://live.264788.xyz/channel/fujianlvyou?streamid=221239fcf3c7edb274f2f0760fe47f96&livekey=01WgOR41rriMmMkzNsd0UoaxJRwetZdxIvtVk
福建经视,https://stream1.freetv.fun/fu-jian-jing-ji-4.m3u8
福建经视,https://stream1.freetv.fun/fu-jian-jing-ji-1.m3u8
福建经视,https://stream1.freetv.fun/fu-jian-jing-ji-2.m3u8
福建经视,https://stream1.freetv.fun/fu-jian-jing-ji-5.m3u8
福建经视,https://stream1.freetv.fun/fu-jian-jing-ji-6.m3u8
福建少儿,https://stream1.freetv.fun/fu-jian-shao-er-1.m3u8
福建少儿,https://stream1.freetv.fun/fu-jian-shao-er-6.m3u8
福建少儿,https://stream1.freetv.fun/fu-jian-shao-er-4.m3u8
福建少儿,https://stream1.freetv.fun/fu-jian-shao-er-7.m3u8
福建少儿,https://stream1.freetv.fun/fu-jian-shao-er-2.m3u8
海南新闻,https://migu.188766.xyz/?migutoken=%2A%2A%2A&id=hn_xwpd&type=sz
海南新闻,http://ls.qingting.fm/live/1861.m3u8
海南新闻,https://stream1.freetv.fun/ipv6-hai-nan-xin-wen-6.m3u8
海南新闻,https://migu.188766.xyz/?migutoken=%2A%2A%2A&id=hn_xwpd&type=sz
海南新闻,https://migu.188766.xyz/?migutoken=%2A%2A%2A&id=hn_xwpd&type=sz
海南自贸,https://migu.188766.xyz/?migutoken=%2A%2A%2A&id=hn_jjpd&type=sz
海南自贸,https://migu.188766.xyz/?migutoken=%2A%2A%2A&id=hn_jjpd&type=sz
海南自贸,https://migu.188766.xyz/?migutoken=%2A%2A%2A&id=hn_jjpd&type=sz
海南自贸,https://migu.188766.xyz/?migutoken=%2A%2A%2A&id=hn_jjpd&type=sz
海南自贸,https://migu.188766.xyz/?migutoken=%2A%2A%2A&id=hn_jjpd&type=sz
海南文旅,https://migu.188766.xyz/?migutoken=%2A%2A%2A&id=hn_wlpd&type=sz
海南文旅,https://stream1.freetv.fun/ipv6-hai-nan-wen-lu-7.m3u8
海南文旅,https://stream1.freetv.fun/ipv6-hai-nan-wen-lu-9.m3u8
海南文旅,https://migu.188766.xyz/?migutoken=%2A%2A%2A&id=hn_wlpd&type=sz
海南文旅,https://migu.188766.xyz/?migutoken=%2A%2A%2A&id=hn_wlpd&type=sz
海南少儿,https://migu.188766.xyz/?migutoken=%2A%2A%2A&id=hn_sepd&type=sz
海南少儿,https://migu.188766.xyz/?migutoken=%2A%2A%2A&id=hn_sepd&type=sz
海南少儿,https://migu.188766.xyz/?migutoken=%2A%2A%2A&id=hn_sepd&type=sz
海南少儿,https://migu.188766.xyz/?migutoken=%2A%2A%2A&id=hn_sepd&type=sz
海南少儿,https://migu.188766.xyz/?migutoken=%2A%2A%2A&id=hn_sepd&type=sz
海南公共,https://migu.188766.xyz/?migutoken=%2A%2A%2A&id=hn_ggpd&type=sz
海南公共,https://stream1.freetv.fun/ipv6-hai-nan-gong-gong-8.m3u8
海南公共,https://stream1.freetv.fun/ipv6-hai-nan-gong-gong-9.m3u8
海南公共,https://migu.188766.xyz/?migutoken=%2A%2A%2A&id=hn_ggpd&type=sz
海南公共,https://migu.188766.xyz/?migutoken=%2A%2A%2A&id=hn_ggpd&type=sz
梨园,https://dxtx.hntv.tv/live/lypd.m3u8?txSecret=%2A%2A%2A&txTime=7B923E0A&wsSecret=%2A%2A%2A&wsTime=1769313549
临颍综合,http://tvpull.dxhmt.cn:9081/tv/11122-1.m3u8?%E5%85%B3%E6%B3%A8%E5%BE%AE%E4%BF%A1%E5%85%AC%E4%BC%97%E5%8F%B7%5B%E6%99%B4%E5%9B%AD%5D=
义马新闻综合,http://tvpull.dxhmt.cn:9081/tv/11281-1.m3u8?%E5%85%B3%E6%B3%A8%E5%BE%AE%E4%BF%A1%E5%85%AC%E4%BC%97%E5%8F%B7%5B%E6%99%B4%E5%9B%AD%5D=
义马新闻综合,http://tvpull.dxhmt.cn:9081/tv/11281-1.m3u8
光山综合,http://tvpull.dxhmt.cn:9081/tv/11522-1.m3u8?%E5%85%B3%E6%B3%A8%E5%BE%AE%E4%BF%A1%E5%85%AC%E4%BC%97%E5%8F%B7%5B%E6%99%B4%E5%9B%AD%5D=
光山综合,http://tvpull.dxhmt.cn:9081/tv/11522-1.m3u8
兰考新闻,http://tvpull.dxhmt.cn:9081/tv/10225-1.m3u8?%E5%85%B3%E6%B3%A8%E5%BE%AE%E4%BF%A1%E5%85%AC%E4%BC%97%E5%8F%B7%5B%E6%99%B4%E5%9B%AD%5D=
兰考新闻,http://tvpull.dxhmt.cn:9081/tv/10225-1.m3u8
兰考新闻,http://tvpull.dxhmt.cn:9081/tv/10225-1.m3u8
卫辉综合,http://tvpull.dxhmt.cn:9081/tv/10781-1.m3u8?%E5%85%B3%E6%B3%A8%E5%BE%AE%E4%BF%A1%E5%85%AC%E4%BC%97%E5%8F%B7%5B%E6%99%B4%E5%9B%AD%5D=
卫辉综合,http://iptv.cdn.ha.chinamobile.com/PLTV/88888888/224/3221226538/index.m3u8
卫辉综合,http://tvpull.dxhmt.cn:9081/tv/10781-1.m3u8
卫辉综合,http://tvpull.dxhmt.cn:9081/tv/10781-1.m3u8?zhend=
叶县,http://tvpull.dxhmt.cn:9081/tv/10422-1.m3u8
叶县,http://tvpull.dxhmt.cn:9081/tv/10422-1.m3u8
唐河一套,http://tvpull.dxhmt.cn:9081/tv/11328-1.m3u8
唐河一套,http://tvpull.dxhmt.cn:9081/tv/11328-1.m3u8?zhend=
唐河一套,http://tvpull.dxhmt.cn:9081/tv/11328-1.m3u8?zhend=#http://tvpull.dxhmt.cn:9081/tv/11328-1.m3u8
固始综合,http://tvpull.dxhmt.cn:9081/tv/11525-1.m3u8?%E5%85%B3%E6%B3%A8%E5%BE%AE%E4%BF%A1%E5%85%AC%E4%BC%97%E5%8F%B7%5B%E6%99%B4%E5%9B%AD%5D=
固始综合,http://tvpull.dxhmt.cn:9081/tv/11525-1.m3u8
宝丰综合,http://tvpull.dxhmt.cn:9081/tv/10421-1.m3u8?%E5%85%B3%E6%B3%A8%E5%BE%AE%E4%BF%A1%E5%85%AC%E4%BC%97%E5%8F%B7%5B%E6%99%B4%E5%9B%AD%5D=
宝丰综合,http://tvpull.dxhmt.cn:9081/tv/10421-1.m3u8
宝丰综合,http://tvpull.dxhmt.cn:9081/tv/10421-1.m3u8?zhend=
巩义新闻综合,http://tvpull.dxhmt.cn:9081/tv/10181-1.m3u8?zhend=
巩义新闻综合,http://tvpull.dxhmt.cn:9081/tv/10181-1.m3u8?zhend%3F=
巩义新闻综合,http://tvpull.dxhmt.cn:9081/tv/10181-1.m3u8
扶沟综合,http://tvpull.dxhmt.cn:9081/tv/11621-1.m3u8?%E5%85%B3%E6%B3%A8%E5%BE%AE%E4%BF%A1%E5%85%AC%E4%BC%97%E5%8F%B7%5B%E6%99%B4%E5%9B%AD%5D=
扶沟综合,http://tvpull.dxhmt.cn:9081/tv/11621-1.m3u8?zhend=
扶沟综合,http://tvpull.dxhmt.cn:9081/tv/11621-1.m3u8
新乡县电视台,http://tvpull.dxhmt.cn:9081/tv/10721-1.m3u8?%E5%85%B3%E6%B3%A8%E5%BE%AE%E4%BF%A1%E5%85%AC%E4%BC%97%E5%8F%B7%5B%E6%99%B4%E5%9B%AD%5D=
新县综合,http://tvpull.dxhmt.cn:9081/tv/11523-1.m3u8?%E5%85%B3%E6%B3%A8%E5%BE%AE%E4%BF%A1%E5%85%AC%E4%BC%97%E5%8F%B7%5B%E6%99%B4%E5%9B%AD%5D=
新县综合,http://tvpull.dxhmt.cn:9081/tv/11523-1.m3u8
新蔡综合,http://tvpull.dxhmt.cn:9081/tv/11729-1.m3u8?%E5%85%B3%E6%B3%A8%E5%BE%AE%E4%BF%A1%E5%85%AC%E4%BC%97%E5%8F%B7%5B%E6%99%B4%E5%9B%AD%5D=
新蔡综合,http://tvpull.dxhmt.cn:9081/tv/11729-1.m3u8
新蔡综合,http://tvpull.dxhmt.cn:9081/tv/11729-1.m3u8?zhend=
桐柏新闻综合,http://tvpull.dxhmt.cn:9081/tv/11330-1.m3u8
泌阳新闻综合,http://tvpull.dxhmt.cn:9081/tv/11726-1.m3u8?%E5%85%B3%E6%B3%A8%E5%BE%AE%E4%BF%A1%E5%85%AC%E4%BC%97%E5%8F%B7%5B%E6%99%B4%E5%9B%AD%5D=
泌阳新闻综合,https://stream1.freetv.fun/mi-yang-xin-wen-zong-he-2.m3u8
泌阳新闻综合,http://tvpull.dxhmt.cn:9081/tv/11726-1.m3u8
淅川电视,http://iptv.cdn.ha.chinamobile.com/PLTV/88888888/224/3221226631/index.m3u8
渑池新闻综合,http://tvpull.dxhmt.cn:9081/tv/11221-1.m3u8?%E5%85%B3%E6%B3%A8%E5%BE%AE%E4%BF%A1%E5%85%AC%E4%BC%97%E5%8F%B7%5B%E6%99%B4%E5%9B%AD%5D=
渑池新闻综合,http://tvpull.dxhmt.cn:9081/tv/11221-1.m3u8
温县综合,http://tvpull.dxhmt.cn:9081/tv/10825-1.m3u8?zhend=
温县综合,http://tvpull.dxhmt.cn:9081/tv/10825-1.m3u8?zhend%3F=
温县综合,http://tvpull.dxhmt.cn:9081/tv/10825-1.m3u8
潢川综合,http://tvpull.dxhmt.cn:9081/tv/11526-1.m3u8?%E5%85%B3%E6%B3%A8%E5%BE%AE%E4%BF%A1%E5%85%AC%E4%BC%97%E5%8F%B7%5B%E6%99%B4%E5%9B%AD%5D=
潢川综合,http://tvpull.dxhmt.cn:9081/tv/11526-1.m3u8
焦作综合,http://iptv.cdn.ha.chinamobile.com/PLTV/88888888/224/3221226604/index.m3u8
登封综合,http://tvpull.dxhmt.cn:9081/tv/10185-1.m3u8?%E5%85%B3%E6%B3%A8%E5%BE%AE%E4%BF%A1%E5%85%AC%E4%BC%97%E5%8F%B7%5B%E6%99%B4%E5%9B%AD%5D=
登封综合,http://iptv.cdn.ha.chinamobile.com/PLTV/88888888/224/3221226661/index.m3u8
登封综合,http://tvpull.dxhmt.cn:9081/tv/10185-1.m3u8
禹州综合,http://tvpull.dxhmt.cn:9081/tv/11081-1.m3u8?%E5%85%B3%E6%B3%A8%E5%BE%AE%E4%BF%A1%E5%85%AC%E4%BC%97%E5%8F%B7%5B%E6%99%B4%E5%9B%AD%5D=
西华综合,http://tvpull.dxhmt.cn:9081/tv/11622-1.m3u8?%E5%85%B3%E6%B3%A8%E5%BE%AE%E4%BF%A1%E5%85%AC%E4%BC%97%E5%8F%B7%5B%E6%99%B4%E5%9B%AD%5D=
西华综合,http://tvpull.dxhmt.cn:9081/tv/11622-1.m3u8
西华综合,http://tvpull.dxhmt.cn:9081/tv/11622-1.m3u8?zhend=
郏县综合,http://tvpull.dxhmt.cn:9081/tv/10425-1.m3u8?%E5%85%B3%E6%B3%A8%E5%BE%AE%E4%BF%A1%E5%85%AC%E4%BC%97%E5%8F%B7%5B%E6%99%B4%E5%9B%AD%5D=
郏县综合,http://tvpull.dxhmt.cn:9081/tv/10425-1.m3u8?zhend=
郏县综合,http://tvpull.dxhmt.cn:9081/tv/10425-1.m3u8
郸城新闻综合,http://tvpull.dxhmt.cn:9081/tv/11625-1.m3u8?wsSecret=%2A%2A%2A&wsTime=1654956569
郸城新闻综合,https://stream1.freetv.fun/dan-cheng-xin-wen-zong-he-1.m3u8
郸城新闻综合,http://tvpull.dxhmt.cn:9081/tv/11625-1.m3u8
郸城新闻综合,https://stream1.freetv.fun/dan-cheng-xin-wen-zong-he-4.m3u8
郸城新闻综合,https://t.freetv.fun/live/dan-cheng-xin-wen-zong-he.m3u8
鄢陵综合,http://tvpull.dxhmt.cn:9081/tv/11024-1.m3u8?%E5%85%B3%E6%B3%A8%E5%BE%AE%E4%BF%A1%E5%85%AC%E4%BC%97%E5%8F%B7%5B%E6%99%B4%E5%9B%AD%5D=
鄢陵综合,http://tvpull.dxhmt.cn:9081/tv/11024-1.m3u8
项城新闻,http://tvpull.dxhmt.cn:9081/tv/11681-1.m3u8
项城新闻,http://tvpull.dxhmt.cn:9081/tv/11681-1.m3u8#@http://live.dxhmt.cn:9081/tv/11681-1.m3u8#@http://p2.weizan.cn/978354/131995006225520039/live.m3u8
鹤壁综合,http://iptv.cdn.ha.chinamobile.com/PLTV/88888888/224/3221226563/index.m3u8
邓州新闻,http://tvpull.dxhmt.cn:9081/tv/11381-1.m3u8?%E5%85%B3%E6%B3%A8%E5%BE%AE%E4%BF%A1%E5%85%AC%E4%BC%97%E5%8F%B7%5B%E6%99%B4%E5%9B%AD%5D=
许昌公共,http://iptv.cdn.ha.chinamobile.com/PLTV/88888888/224/3221226695/index.m3u8
荥阳综合,http://tvpull.dxhmt.cn:9081/tv/10182-1.m3u8
荥阳综合,http://tvpull.dxhmt.cn:9081/tv/10182-1.m3u8?wsSecret=%2A%2A%2A&wsTime=1654956569
荥阳综合,http://tvpull.dxhmt.cn:9081/tv/10182-1.m3u8?zhend=
焦作教育,http://iptv.cdn.ha.chinamobile.com/PLTV/88888888/224/3221226648/index.m3u8
焦作公共,http://iptv.cdn.ha.chinamobile.com/PLTV/88888888/224/3221226616/index.m3u8
灵宝新闻综合,http://tvpull.dxhmt.cn:9081/tv/11282-1.m3u8?zhend=
濮阳公共,http://iptv.cdn.ha.chinamobile.com/PLTV/88888888/224/3221226664/index.m3u8
滑县新闻,http://tvpull.dxhmt.cn:9081/tv/10526-1.m3u8?%E5%85%B3%E6%B3%A8%E5%BE%AE%E4%BF%A1%E5%85%AC%E4%BC%97%E5%8F%B7%5B%E6%99%B4%E5%9B%AD%5D=
济源电视一套,http://tvpull.dxhmt.cn:9081/tv/19001-1.m3u8
济源电视一套,http://tvpull.dxhmt.cn:9081/tv/19001-1.m3u8?zhend=
洛阳综合,https://wshlslive.migucloud.com/live/6AL7GTQX_C0/playlist.m3u8
洛阳综合,http://iptv.cdn.ha.chinamobile.com/PLTV/88888888/224/3221226542/index.m3u8
洛阳科教,https://wshlslive.migucloud.com/live/RJ0EYBCZ_C0/playlist.m3u8
洛阳科教,http://iptv.cdn.ha.chinamobile.com/PLTV/88888888/224/3221226554/index.m3u8
洛阳科教,http://devlivepull.migucloud.com/live/A2HVH5BQ_C0.flv
洛阳文旅,https://wshlslive.migucloud.com/live/CVN934JS_C0/playlist.m3u8
洛阳文旅,http://devlivepull.migucloud.com/live/Q081CD54_C0.flv
河南都市,http://1.94.31.214/php/hntv.php?id=hnds
河南民生,https://migu.188766.xyz/?migutoken=%2A%2A%2A&id=%E6%B0%91%E7%94%9F%E9%A2%91%E9%81%93&type=yy
河南民生,https://migu.188766.xyz/?migutoken=%2A%2A%2A&id=%E6%B0%91%E7%94%9F%E9%A2%91%E9%81%93&type=yy
河南民生,https://migu.188766.xyz/?migutoken=%2A%2A%2A&id=%E6%B0%91%E7%94%9F%E9%A2%91%E9%81%93&type=yy
河南民生,https://migu.188766.xyz/?migutoken=%2A%2A%2A&id=%E6%B0%91%E7%94%9F%E9%A2%91%E9%81%93&type=yy
河南民生,https://migu.188766.xyz/?migutoken=%2A%2A%2A&id=%E6%B0%91%E7%94%9F%E9%A2%91%E9%81%93&type=yy
沁阳新闻综合,https://stream1.freetv.fun/qin-yang-xin-wen-zong-he-1.m3u8
沁阳新闻综合,http://tvpull.dxhmt.cn:9081/tv/10882-1.m3u8
永城综合,http://tvpull.dxhmt.cn:9081/tv/11481-1.m3u8
方城一套,http://tvpull.dxhmt.cn:9081/tv/11322-1.m3u8
方城一套,http://tvpull.dxhmt.cn:9081/tv/11322-1.m3u8?zhend=
新野综合,http://tvpull.dxhmt.cn:9081/tv/11329-1.m3u8?zhend=
新野综合,http://tvpull.dxhmt.cn:9081/tv/11329-1.m3u8?zhend%3F=
新野综合,http://tvpull.dxhmt.cn:9081/tv/11329-1.m3u8
新安新闻综合,http://tvpull.dxhmt.cn:9081/tv/10323-1.m3u8
新安新闻综合,http://tvpull.dxhmt.cn:9081/tv/10323-1.m3u8?%E5%85%B3%E6%B3%A8%E5%BE%AE%E4%BF%A1%E5%85%AC%E4%BC%97%E5%8F%B7%5B%E6%99%B4%E5%9B%AD%5D=
新安新闻综合,http://tvpull.dxhmt.cn:9081/tv/10323-1.m3u8?zhend=
开封新闻综合,https://stream1.freetv.fun/kai-feng-xin-wen-zong-he-2.m3u8
开封新闻综合,http://tvpull.dxhmt.cn:9081/tv/10200-2.m3u8?zhend=
开封文化旅游,http://tvpull.dxhmt.cn:9081/tv/10200-3.m3u8?zhend=
开封文化旅游,http://tvpull.dxhmt.cn:9081/tv/10200-3.m3u8
开封文化旅游,http://tvpull.dxhmt.cn:9081/tv/10200-3.m3u8?zhend%2C=
嵩县综合新闻,http://tvpull.dxhmt.cn:9081/tv/10325-1.m3u8?zhendhttp%3A%2F%2Fwshls.live.migucloud.com%2Flive%2FMZCYG799_C0%2Fplaylist.m3u8%3Fzhend=
宜阳综合,http://tvpull.dxhmt.cn:9081/tv/10327-1.m3u8?wsSecret=%2A%2A%2A&wsTime=1654956569
宜阳综合,http://tvpull.dxhmt.cn:9081/tv/10327-1.m3u8
宜阳综合,http://iptv.cdn.ha.chinamobile.com/PLTV/88888888/224/3221227059/index.m3u8
宜阳综合,http://tvpull.dxhmt.cn:9081/tv/10327-1.m3u8?zhend=
周口新闻综合,https://stream1.freetv.fun/zhou-kou-xin-wen-zong-he-1.m3u8
周口新闻综合,https://stream1.freetv.fun/zhou-kou-xin-wen-zong-he-2.m3u8
内黄综合,http://tvpull.dxhmt.cn:9081/tv/10527-1.m3u8?wsSecret=%2A%2A%2A&wsTime=1654956569
内黄综合,http://tvpull.dxhmt.cn:9081/tv/10527-1.m3u8?zhend=
内黄综合,http://tvpull.dxhmt.cn:9081/tv/10527-1.m3u8
内乡综合,http://tvpull.dxhmt.cn:9081/tv/11325-1.m3u8?%E5%85%B3%E6%B3%A8%E5%BE%AE%E4%BF%A1%E5%85%AC%E4%BC%97%E5%8F%B7%5B%E6%99%B4%E5%9B%AD%5D=
偃师新闻,http://tvpull.dxhmt.cn:9081/tv/10381-1.m3u8?wsSecret=%2A%2A%2A&wsTime=1654956569
偃师新闻,http://tvpull.dxhmt.cn:9081/tv/10381-1.m3u8
鹿泉一套,https://jwcdnqx.hebyun.com.cn/live/luquanyi/1500k/tzwj_video.m3u8
邯郸科技教育,https://jwcdnqx.hebyun.com.cn/live/hdkj/1500k/tzwj_video.m3u8
邯郸公共,https://jwcdnqx.hebyun.com.cn/live/hdgg/1500k/tzwj_video.m3u8
邯郸公共,https://jwliveqxzb.hebyun.com.cn/hdgg/hdgg.m3u8
邯郸新闻,https://jwcdnqx.hebyun.com.cn/live/hdxwzh/1500k/tzwj_video.m3u8
邯郸新闻,https://jwliveqxzb.hebyun.com.cn/hdxwzh/hdxwzh.m3u8
邯郸科教,https://jwcdnqx.hebyun.com.cn/live/hdkj/1500k/tzwj_video.m3u8
邯郸科教,https://jwliveqxzb.hebyun.com.cn/hdkj/hdkj.m3u8
邢台综合,http://jwplay.hebyun.com.cn/live/xtsrmtzs/1500k/tzwj_video.m3u8
邢台综合,https://jwplay.hebyun.com.cn/live/xttv/1500k/tzwj_video.m3u8
邢台综合,https://jwplay.hebyun.com.cn/live/xttv/1500k/tzwj_video.m3u8?zhebd=
邢台综合,https://jwplay.hebyun.com.cn:443/live/xtsrmtzs/1500k/tzwj_video.m3u8
邢台综合,https://stream1.freetv.fun/xing-tai-zong-he-2.m3u8
衡水公共,http://ls.qingting.fm/live/2810.m3u8
石家庄都市,https://stream1.freetv.fun/shi-jia-zhuang-du-shi-5.ctv
石家庄都市,https://stream1.freetv.fun/shi-jia-zhuang-du-shi-4.ctv
石家庄都市,https://stream1.freetv.fun/shi-jia-zhuang-du-shi-6.ctv
石家庄都市,https://stream1.freetv.fun/shi-jia-zhuang-du-shi-1.ctv
石家庄生活,https://stream1.freetv.fun/shi-jia-zhuang-sheng-huo-2.ctv
石家庄生活,https://stream1.freetv.fun/shi-jia-zhuang-sheng-huo-5.ctv
石家庄生活,https://stream1.freetv.fun/shi-jia-zhuang-sheng-huo-7.ctv
石家庄生活,https://stream1.freetv.fun/shi-jia-zhuang-sheng-huo-1.ctv
石家庄新闻综合,https://stream1.freetv.fun/shi-jia-zhuang-xin-wen-zong-he-5.ctv
石家庄新闻综合,https://stream1.freetv.fun/shi-jia-zhuang-xin-wen-zong-he-6.ctv
石家庄新闻综合,https://stream1.freetv.fun/shi-jia-zhuang-xin-wen-zong-he-7.ctv
石家庄新闻综合,https://stream1.freetv.fun/shi-jia-zhuang-xin-wen-zong-he-8.ctv
石家庄新闻综合,https://stream1.freetv.fun/shi-jia-zhuang-xin-wen-zong-he-2.ctv
石家庄娱乐,https://stream1.freetv.fun/shi-jia-zhuang-yu-le-7.ctv
石家庄娱乐,https://stream1.freetv.fun/shi-jia-zhuang-yu-le-9.ctv
石家庄娱乐,https://stream1.freetv.fun/shi-jia-zhuang-yu-le-6.ctv
石家庄娱乐,https://stream1.freetv.fun/shi-jia-zhuang-yu-le-4.ctv
石家庄娱乐,https://stream1.freetv.fun/shi-jia-zhuang-yu-le-1.ctv
滦平新闻,http://jwplay.hebyun.com.cn/live/LPTV001/1500k/tzwj_video.m3u8
河北都市,https://stream1.freetv.fun/he-bei-du-shi-13.ctv
河北农民,https://ls.qingting.fm/live/1650/64k.m3u8
河北农民,http://ls.qingting.fm/live/1650.m3u8
河北农民,https://jwcdnqx.hebyun.com.cn/live/clzhpd/1500k/tzwj_video.m3u8?zhebd=
河北农民,https://t.freetv.fun/live/he-bei-nong-min-1.m3u8
河北农民,https://t.freetv.fun/live/he-bei-nong-min.m3u8
昌黎综合,https://jwcdnqx.hebyun.com.cn/live/clzhpd/1500k/tzwj_video.m3u8
昌黎综合,https://jwcdnqx.hebyun.com.cn/zb/clzhpd/1500k/tzwj_video.m3u8
任丘文娱,https://jwcdnqx.hebyun.com.cn/live/rqtv2/1500k/tzwj_video.m3u8
任丘文娱,https://jwcdnqx.hebyun.com.cn/zb/rqtv2/1500k/tzwj_video.m3u8
任丘综合,https://jwcdnqx.hebyun.com.cn/live/rqtv1/1500k/tzwj_video.m3u8
任丘综合,https://jwcdnqx.hebyun.com.cn/zb/rqtv1/1500k/tzwj_video.m3u8
兴隆综合,https://jwcdnqx.hebyun.com.cn/live/xlzh/1500k/tzwj_video.m3u8
兴隆综合,https://jwcdnqx.hebyun.com.cn/zb/xlzh/1500k/tzwj_video.m3u8
平泉影视,https://jwcdnqx.hebyun.com.cn/zb/pqys/1500k/tzwj_video.m3u8
平泉综合,https://jwcdnqx.hebyun.com.cn/live/pqzh/1500k/tzwj_video.m3u8
清河新闻综合,https://jwcdnqx.hebyun.com.cn/live/qinghe/1500k/tzwj_video.m3u8
清河新闻综合,https://jwcdnqx.hebyun.com.cn/zb/qinghe/1500k/tzwj_video.m3u8
清河经济综艺,https://jwcdnqx.hebyun.com.cn/live/qinghe1/1500k/tzwj_video.m3u8
清河经济综艺,https://jwcdnqx.hebyun.com.cn/zb/qinghe1/1500k/tzwj_video.m3u8
安顺新闻,http://hplayer1.juyun.tv/camera/154379194.m3u8
安顺新闻,https://ls.qingting.fm/live/5022203/64k.m3u8
甘肃经济,https://satellitepull.cnr.cn/live/wxgshhzs/playlist.m3u8
甘肃都市,https://hls.gstv.com.cn/49048r/l54391.m3u8
嘉峪关综合,http://play.kankanlive.com/live/1720583434627241.m3u8
天祝综合,https://play.kankanlive.com/live/1656487214793905.m3u8
张掖新闻综合,https://play.kankanlive.com/live/1720583434627241.m3u8
永昌综合,https://play.kankanlive.com/live/1652755738635915.m3u8
渭源新闻,http://play.kankanlive.com/live/1720408280309109.m3u8
甘肃少儿,https://hls.gstv.com.cn/49048r/922k96.m3u8
白银综合,http://play.kankanlive.com/live/1720408089419110.m3u8
秦安综合,https://play.kankanlive.com/live/1659926941626981.m3u8
西峰综合,https://play.kankanlive.com/live/1683944827526991.m3u8
酒泉综合,https://3ee63cd9178a070a2db29f77915c49d4.livehwc3.cn/play.kankanlive.com/live/1702033926169975.m3u8
哈密二套,https://tvpull.hmgbtv.com/hmtv/channel108259412c6a6711/playlist.m3u8
哈密三套,https://tvpull.hmgbtv.com/hmtv/channelfb0e5c505477aa44/playlist.m3u8
伊犁维吾尔,http://110.153.180.106:55555/out_2/index.m3u8
伊犁哈萨克,http://110.153.180.106:55555/out_3/index.m3u8?zxinjd=
伊犁经济法制,http://110.153.180.106:55555/out_4/index.m3u8
山东少儿,https://stream1.freetv.fun/shan-dong-shao-er-7.m3u8
山东少儿,https://stream1.freetv.fun/shan-dong-shao-er-4.m3u8
山东少儿,https://stream1.freetv.fun/shan-dong-shao-er-5.m3u8
山东少儿,https://stream1.freetv.fun/shan-dong-shao-er-9.m3u8
山东少儿,https://stream1.freetv.fun/shan-dong-shao-er-2.m3u8
山东新闻,http://ls.qingting.fm/live/60180.m3u8
山东新闻,https://stream1.freetv.fun/shan-dong-xin-wen-4.m3u8
山东新闻,https://stream1.freetv.fun/shan-dong-xin-wen-6.m3u8
山东新闻,https://stream1.freetv.fun/shan-dong-xin-wen-1.m3u8
山东新闻,https://stream1.freetv.fun/shan-dong-xin-wen-2.m3u8
山东教育,https://test1.live.sdetv.com.cn/live/dianshizhibo/playlist.m3u8
山东教育,http://iptv.huuc.edu.cn/hls/sdetv.m3u8
山东生活,http://ls.qingting.fm/live/60260.m3u8
济南综合,https://stream1.freetv.fun/ji-nan-zong-he-1.m3u8
济南综合,https://stream1.freetv.fun/ji-nan-zong-he-2.m3u8
济南新闻综合,https://stream1.freetv.fun/ji-nan-zong-he-2.m3u8
济南新闻综合,https://stream1.freetv.fun/ji-nan-xin-wen-zong-he-7.m3u8
济南教育,https://stream1.freetv.fun/ji-nan-jiao-yu-1.m3u8
潍坊新闻综合,https://stream1.freetv.fun/ipv6-wei-fang-xin-wen-zong-he-2.m3u8
潍坊新闻综合,https://stream1.freetv.fun/ipv6-wei-fang-xin-wen-zong-he-1.m3u8
太谷新闻综合,https://p2.vzan.com/slowlive/596867413819827251/live.m3u8?zbid=1725814272&tpid=1516989100&type=0
定襄综合,http://lbyzztfe.live.sxmty.com/live/hls/645ff4c60e0a49f0a203abbd73dd8be9/0720e665f10f48e98c9639f4f492fb4a-1.m3u8?zshanxd=
武乡新闻综合,http://uzoiczhh.live.sxmty.com/live/hls/0d41f1480c4042d49927858f01fde707/53130407737b417b9a6259b57246bae3.m3u8?zshanxd=
汾西综合,https://qmmqvzoz.live.sxmty.com/live/hls/f24f8a390c084386a564074c9260100c/be3fdf07606145739ab2c4b80fe0136a.m3u8?zshanxd=
运城科技教育,https://stream1.freetv.fun/yun-cheng-ke-ji-jiao-yu-2.m3u8
运城科技教育,https://stream1.freetv.fun/yun-cheng-ke-ji-jiao-yu-1.m3u8
黎城综合,http://111.53.96.67:8081/live/1/index.m3u8?%E5%85%B3%E6%B3%A8%E5%BE%AE%E4%BF%A1%E5%85%AC%E4%BC%97%E5%8F%B7%5B%E6%99%B4%E5%9B%AD%5D=
安徽国际,https://stream1.freetv.fun/an-hui-guo-ji-16.m3u8
安徽国际,https://www.ahtv.cn/folder9000/folder20193?channelIndex=6
安徽影视,https://stream1.freetv.fun/an-hui-ying-shi-14.m3u8
安徽影视,https://stream1.freetv.fun/an-hui-ying-shi-15.m3u8
安徽影视,https://www.ahtv.cn/folder9000/folder20193?channelIndex=3
安徽影视,https://t.freetv.fun/live/an-hui-ying-shi.m3u8
安徽影视,https://t.freetv.fun/live/an-hui-ying-shi-2.m3u8
安徽经济生活,https://stream1.freetv.fun/an-hui-jing-ji-sheng-huo-4.ctv
安徽综艺体育,https://live.lalifeier.eu.org/ahtv/ahzyty.m3u8?t=1745774515&key=%2A%2A%2A
安徽综艺体育,https://live.lalifeier.eu.org/ahtv/ahzyty.m3u8?t=1746292937&key=%2A%2A%2A
安徽综艺体育,https://live.lalifeier.eu.org/ahtv/ahzyty.m3u8?t=1746307365&key=%2A%2A%2A
安徽综艺体育,https://stream1.freetv.fun/an-hui-zong-yi-ti-yu-4.ctv
安徽综艺体育,https://stream1.freetv.fun/an-hui-zong-yi-ti-yu-8.m3u8
安徽导视,https://livehls1.appcoo.com/liveshopping/949E0A98C9D0C311/6D925141BC1F8C28/index.m3u8
固镇新闻,http://www.guzhenm.com:7001/hls/hd-live.m3u8
黄山新闻综合,http://hslive.hsnewsnet.com/lsdream/hve9Wjs/1000/live.m3u8
黄山新闻综合,http://hslive.hsnewsnet.com/lsdream/hve9Wjs/1000/live.m3u8?zanhd=
黄山公共生活,http://hslive.hsnewsnet.com/lsdream/iY92ady/1000/live.m3u8?zanhd=
铜陵新闻综合,https://ls.qingting.fm/live/21303/64k.m3u8
祁门综合,http://zbbf2.ahbztv.com/live/416.m3u8?zanhd=
滁州科教,http://live.cztv.cc:85/live/sjpd.m3u8
滁州科教,http://live.cztv.cc:85/live/sjpd.m3u8?zanhd=
滁州科教,http://live.cztv.cc:85/live/sjpd.m3u8?%E5%85%B3%E6%B3%A8%E5%BE%AE%E4%BF%A1%E5%85%AC%E4%BC%97%E5%8F%B7%5B%E6%99%B4%E5%9B%AD%5D=
滁州新闻综合,http://live.cztv.cc:85/live/xwpd.m3u8?zanhd=
滁州市广播电视台 新闻综合,http://live.cztv.cc:85/live/xwpd.m3u8
滁州市广播电视台 公共,http://live.cztv.cc:85/live/ggpd.m3u8
滁州公共,http://live.cztv.cc:85/live/ggpd.m3u8?zanhd=
广德生活,https://live.gdtv.ah.cn/live/newsTV.m3u8
宿州新闻综合,http://live.ahsz.tv/video/s10001-szzh/index.m3u8
宿州新闻综合,https://stream1.freetv.fun/su-zhou-xin-wen-zong-he-1.m3u8
宿州新闻综合,https://stream1.freetv.fun/su-zhou-xin-wen-zong-he-2.m3u8
宿州新闻综合,https://stream1.freetv.fun/su-zhou-xin-wen-zong-he-3.m3u8
六安新闻综合,http://ls.qingting.fm/live/267.m3u8
六安公共,http://ls.qingting.fm/live/1794199.m3u8
亳州新闻,http://zbbf2.ahbztv.com/live/416.m3u8?zanhd=
亳州农村,http://zbbf2.ahbztv.com/live/418.m3u8
亳州农村,http://zbbf2.ahbztv.com/live/418.m3u8?zanhd=
宁夏经济,https://ls.qingting.fm/live/1841/64k.m3u8
延边卫视,https://srs.iyb983.cn/video/CYS/index.m3u8
延边卫视,https://srs.iyb983.cn:443/video/CYS/index.m3u8
吉林乡村,https://satellitepull.cnr.cn/live/wxjlxcgb/playlist.m3u8
长白朝语,http://hplayer1.juyun.tv:80/camera/11344136.m3u8
珲春新闻综合,https://stream1.freetv.fun/hun-chun-xin-wen-zong-he-3.m3u8
内蒙经济,https://ls.qingting.fm/live/1885/64k.m3u8
内蒙农牧,http://play1-qk.nmtv.cn:80/live/1686561299036179.m3u8
内蒙古经济生活,https://ls.qingting.fm/live/1885/64k.m3u8
内蒙古少儿,http://play1-qk.nmtv.cn/live/1686560464515368.m3u8
内蒙古文体娱乐,http://play1-qk.nmtv.cn/live/1686561195713372.m3u8
内蒙古蒙语文化,http://play1-qk.nmtv.cn/live/1686561065304370.m3u8
文山州公共,http://m3u8.channel.wsrtv.com.cn/cms/videos/nmip-media/channellive/channel8/playlist.m3u8
文山州公共,http://m3u8.channel.wsrtv.com.cn/cms/videos/nmip-media/channellive/channel8/playlist.m3u8?zyund=
文山州新闻综合,http://m3u8.channel.wsrtv.com.cn/cms/videos/nmip-media/channellive/channel7/playlist.m3u8?zyund=
易门综合,https://zb-live.ynurl.com/yimen/3b75a2f9-7941-46b7-992d-a9796fbca5fe.m3u8
通海电视台,https://zb-live.ynurl.com/tonghai/3bfe3a9e-48e6-4c1e-8770-1df66447cc6c.m3u8
陇川综合,https://zb-live.ynurl.com/longchuan/58f88df3-605e-4c57-865c-8e8f85241ca1.m3u8
云南都市,https://hwapi.yntv.net/62hdvf/rjwt14.m3u8
云南娱乐,https://hwapi.yntv.net/62hdvf/q9vs1b.m3u8
安多卫视,https://liveout.xntv.tv/a65jur/90p2i1.m3u8?zqing=
安多卫视,https://stream1.freetv.fun/52d0df257c5c3cec42f2ae19268dbbc261256ff391b27bd83553bea941d0c186.m3u8
安多卫视,https://liveout.xntv.tv/a65jur/96iln2.m3u8
安多卫视,https://liveout.xntv.tv/a65jur/90p2i1.m3u8?zqinghd=
西宁新闻综合,https://liveout.xntv.tv/a65jur/96iln2.m3u8
西宁新闻综合,rtmp://liveout.xntv.tv/a65jur/96iln2
西宁新闻综合,https://liveout.xntv.tv/a65jur/90p2i1.m3u8?zqinghd=
西宁新闻综合,https://liveout.xntv.tv/a65jur/90p2i1.m3u8
西宁新闻综合,https://liveout.xntv.tv/a65jur/96iln2.m3u8?zqinghd=
西宁生活服务,https://stream1.freetv.fun/xi-zhu-sheng-huo-fu-wu-1.m3u8
西宁生活服务,https://stream1.freetv.fun/xi-zhu-sheng-huo-fu-wu-2.m3u8
西宁生活服务,https://stream1.freetv.fun/xi-zhu-sheng-huo-fu-wu-3.m3u8
西宁生活服务,https://liveout.xntv.tv/a65jur/90p2i1.m3u8?zqinghd=
西宁生活服务,https://t.freetv.fun/live/xi-zhu-sheng-huo-fu-wu-1.flv
青海都市,http://[2409:8087:1e01:20::3]/PLTV/11/224/3221225749/index.m3u8
青海都市,http://[2409:8087:1e01:20::3]:80/PLTV/11/224/3221225749/index.m3u8
黑龙江文体,http://[2409:8087:1a01:df::7005]/ottrrs.hl.chinamobile.com/PLTV/88888888/224/3221226239/index.m3u8
黑龙江文体,http://[2409:8087:1a01:df::4025]:80/TVOD/88888888/224/3221225965/main.m3u8
黑龙江文体,https://stream1.freetv.fun/hei-long-jiang-wen-ti-7.m3u8
黑龙江文体,https://stream1.freetv.fun/hei-long-jiang-wen-ti-1.m3u8
黑龙江文体,https://stream1.freetv.fun/hei-long-jiang-wen-ti-9.m3u8
黑龙江新闻法治,http://[2409:8087:1a01:df::7005]/ottrrs.hl.chinamobile.com/PLTV/88888888/224/3221226330/index.m3u8
黑龙江新闻法治,https://stream1.freetv.fun/hei-long-jiang-xin-wen-fa-zhi-6.m3u8
黑龙江新闻法治,https://stream1.freetv.fun/hei-long-jiang-xin-wen-fa-zhi-4.m3u8
黑龙江新闻法治,https://stream1.freetv.fun/hei-long-jiang-xin-wen-fa-zhi-7.m3u8
黑龙江新闻法治,https://stream1.freetv.fun/hei-long-jiang-xin-wen-fa-zhi-5.m3u8
黑龙江影视,http://[2409:8087:1a01:df::7005]/ottrrs.hl.chinamobile.com/PLTV/88888888/224/3221226298/index.m3u8
黑龙江影视,https://stream1.freetv.fun/hei-long-jiang-ying-shi-1.m3u8
黑龙江影视,https://stream1.freetv.fun/hei-long-jiang-ying-shi-7.m3u8
黑龙江影视,https://stream1.freetv.fun/hei-long-jiang-ying-shi-8.m3u8
黑龙江都市,http://[2409:8087:1a01:df::7005]/ottrrs.hl.chinamobile.com/PLTV/88888888/224/3221226301/index.m3u8
黑龙江都市,http://[2409:8087:1a01:df::4025]:80/ottrrs.hl.chinamobile.com/PLTV/88888888/224/3221226301/1.m3u8
黑龙江都市,http://[2409:8087:1a01:df::4055]:80/TVOD/88888888/224/3221225969/main.m3u8
黑龙江都市,http://[2409:8087:1a01:df::4077]:80/ottrrs.hl.chinamobile.com/PLTV/88888888/224/3221226301/1.m3u8
黑龙江都市,https://stream1.freetv.fun/hei-long-jiang-du-shi-7.m3u8
黑龙江少儿,http://[2409:8087:1a01:df::7005]/ottrrs.hl.chinamobile.com/PLTV/88888888/224/3221226304/index.m3u8
黑龙江少儿,https://ls.qingting.fm/live/4972/64k.m3u8
黑龙江少儿,https://stream1.freetv.fun/hei-long-jiang-shao-er-8.m3u8
黑龙江少儿,https://stream1.freetv.fun/hei-long-jiang-shao-er-2.m3u8
黑龙江新闻,https://ls.qingting.fm/live/4974/64k.m3u8
黑龙江新闻,https://fenghuang.tv12.xyz/66.m3u8
黑龙江新闻,https://stream1.freetv.fun/hei-long-jiang-xin-wen-9.m3u8
哈尔滨新闻综合,https://stream1.freetv.fun/ha-er-bin-xin-wen-zong-he-4.m3u8
大庆新闻综合,https://stream1.freetv.fun/da-qing-xin-wen-zong-he-1.m3u8
鹤岗新闻综合,http://[2409:8087:1a01:df::4059]:80/TVOD/88888888/224/3221226073/main.m3u8
鹤岗新闻综合,http://[2409:8087:1a01:df::4060]:80/ottrrs.hl.chinamobile.com/PLTV/88888888/224/3221226534/index.m3u8
鹤岗新闻综合,http://[2409:8087:1a01:df::4060]/ottrrs.hl.chinamobile.com/PLTV/88888888/224/3221226534/index.m3u8
七台河新闻综合,http://live.qthnews.org.cn:1935/live/live1/800k/tzwj_video.m3u8
齐齐哈尔新闻综合,http://php.jdshipin.com/TVOD/hljyd.php?id=3221226437
齐齐哈尔新闻综合,http://[2409:8087:1a15:10d1::31]/ottrrs.hl.chinamobile.com/PLTV/88888888/224/3221226437/index.m3u8
齐齐哈尔新闻综合,https://stream1.freetv.fun/ipv6-qi-qi-ha-er-xin-wen-zong-he-3.m3u8
双鸭山综合,http://live.qthnews.org.cn:1935/live/live2/800k/tzwj_video.m3u8
七台河民生社教,http://yp.qqqtv.top/1/api.php?id=%E4%B8%83%E5%8F%B0%E6%B2%B3%E6%B0%91%E7%94%9F%E7%A4%BE%E6%95%99&auth=%2A%2A%2A
凤凰香港,http://r.jdshipin.com/yDoTN
凤凰香港,http://r.jdshipin.com/NfC0f
凤凰香港,http://api.kkitv.itv888.vip:8080/streams/mty4v56ud39/index.m3u8
凤凰香港,http://cdn6.163189.xyz/163189/fhhk
凤凰香港,http://php.jdshipin.com/TVOD/iptv.php?id=fhhk
TVBS亚洲,http://38.64.72.148/hls/modn/list/4005/chunklist0.m3u8
纬来体育,https://smart.pendy.dpdns.org/Smart.php?id=videolandsport
纬来体育,https://epg.pw/stream/8855a9936e37e608a0ec8a014cce1673dee9c5d68d560da376cc92e5edef2b25.m3u8
纬来体育,https://epg.pw/stream/ab6df63b64d0cc44a1f4f029ed847a26fa54a7aebd455578fb05a63f02c22f4b.m3u8
纬来体育,https://epg.pw/stream/4f18dfe0593db5c686eb64ae8edaf2a9202d4d46bdc9bbde2cee27708e12ea01.m3u8
纬来体育,https://hls-gateway.vpstv.net/streams/477026.m3u8
纬来育乐,https://hls-gateway.vpstv.net/streams/477081.m3u8
纬来育乐,https://smart.pendy.dpdns.org/Smart.php?id=videolandyule
纬来育乐,https://live.catvod.com/live.php?id=videolandyule
纬来育乐,https://live.catvod.com/live.php?id=videolandmax
东森超视,http://38.64.72.148:80/hls/modn/list/2013/chunklist1.m3u8
靖天资讯,https://hls-gateway.vpstv.net/streams/476258.m3u8
靖天资讯,https://stream1.freetv.fun/jing-tian-zi-xun-2.ctv
靖天资讯,http://breezy-audrie-zspace-7524863c.koyeb.app/vipsir?token=%2A%2A%2A&id=4gtv-4gtv065
靖天资讯,https://mao.ffmking888.dpdns.org/?id=6Z2W5aSp6LOH6KiK5Yaw&auth=%2A%2A%2A
靖天资讯,https://tmxk.pp.ua/litv.php?token=%2A%2A%2A&id=4gtv-4gtv065
淘剧场,http://[2409:8087:1:20:20::26]/otttv.bj.chinamobile.com/PLTV/88888888/224/3221226553/1.m3u8?GuardEncType=2&accountinfo=~~V2.0~QaJ92NID2SpQlY6_VJVogg~_eNUbgU9sJGUcVVduOMKhafLvQUgE_zlz_7pvDimJNOuQYJeiYEeFWTkFfE86Vq-%2CEND
淘剧场,http://zjzcf.synology.me:35455/bptv/10000100000000050000000003887497.m3u8
淘剧场,http://iptv.666230.xyz/iptv/bjyd.php/6553
淘娱乐,http://[2409:8087:1:20:20::2c]/otttv.bj.chinamobile.com/PLTV/88888888/224/3221226551/1.m3u8?GuardEncType=2&accountinfo=~~V2.0~x0efg9fpenP8E8lWJUb5Lg~_eNUbgU9sJGUcVVduOMKhafLvQUgE_zlz_7pvDimJNNg3bzRax0E9tLmO9xgXVx8%2CEND
淘娱乐,http://zjzcf.synology.me:35455/bptv/10000100000000050000000003887499.m3u8
淘娱乐,http://iptv.666230.xyz/iptv/bjyd.php/6551
淘电影,http://[2409:8087:1:20:20::26]/otttv.bj.chinamobile.com/PLTV/88888888/224/3221226552/1.m3u8?GuardEncType=2&accountinfo=~~V2.0~XOsrWMA-UCdUl1hQSR9EKw~_eNUbgU9sJGUcVVduOMKhafLvQUgE_zlz_7pvDimJNNg3bzRax0E9tLmO9xgXVx8%2CEND
淘电影,https://stream1.freetv.fun/tao-dian-ying-8.ctv
淘电影,https://stream1.freetv.fun/tao-dian-ying-7.ctv
淘电影,https://stream1.freetv.fun/tao-dian-ying-3.ctv
淘电影,https://stream1.freetv.fun/tao-dian-ying-6.ctv
NewTV惊悚悬疑,http://[2409:8087:5e00:24::2d]:6610/000000001000/1/1000000004000024282/index.m3u8?channel-id=ystenlive&Contentid=1000000004000024282&livemode=1&stbId=YanG-1989
NewTV惊悚悬疑,http://php.jdshipin.com/TVOD/hnyd.php?id=200000001898%2F460000089800010077
NewTV惊悚悬疑,http://[2409:8087:1a0b:df::4002]:80/ottrrs.hl.chinamobile.com/TVOD/88888888/224/3221225665/index.m3u8
NewTV惊悚悬疑,http://ottrrs.hl.chinamobile.com/PLTV/88888888/224/3221225665/index.m3u8
NewTV惊悚悬疑,http://[2409:8087:2001:20:2800:0:df6e:eb18]/wh7f454c46tw2482771376_951312812/ott.mobaibox.com/PLTV/3/224/3221227536/index.m3u8
NewTV动作电影,http://php.jdshipin.com/TVOD/hnyd.php?id=200000001898%2F460000089800010003
NewTV动作电影,http://ott.mobaibox.com/PLTV/3/224/3221227606/index.m3u8
NewTV动作电影,https://iptv.catvod.com/live.php?id=NewTV%E5%8A%A8%E4%BD%9C%E7%94%B5%E5%BD%B1
黑莓电影,https://epg.pw/stream/ffcb6572863f0745a7369fbd9d901f1dfd0ab8fab8bad8bebb4e01c90b303c47.m3u8
纬来电影,https://stream1.freetv.fun/wei-lai-dian-ying-1.m3u8
纬来电影,https://hls-gateway.vpstv.net/streams/477063.m3u8
纬来电影,https://smart.pendy.dpdns.org/Smart.php?id=videolandmovie
纬来电影,https://smt.iktv.ddns-ip.net/Smart.php?id=videolandmovie
纬来电影,https://stream1.freetv.fun/wei-lai-dian-ying-3.m3u8
靖天映画,https://hls-gateway.vpstv.net/streams/476302.m3u8
靖天映画,http://breezy-audrie-zspace-7524863c.koyeb.app/vipsir?token=%2A%2A%2A&id=4gtv-4gtv055
靖天映画,https://4gtv.dxjc.pp.ua/li-4gtv-4gtv055/index.m3u8
靖天映画,https://4gtv.dxjc.pp.ua/4gtv-4gtv055/index.m3u8
靖天映画,https://mao.ffmking888.dpdns.org/?id=6Z2W5aSp5pig55Wr&auth=%2A%2A%2A
靖天戏剧,http://serv00.bkpcp.top/litv3.php?id=4gtv-4gtv058
靖天戏剧,https://stream1.freetv.fun/jing-tian-xi-ju-4.ctv
靖天戏剧,http://breezy-audrie-zspace-7524863c.koyeb.app/vipsir?token=%2A%2A%2A&id=4gtv-4gtv058
靖天戏剧,https://mao.ffmking888.dpdns.org/?id=6Z2W5aSp5oiy5YqH5Yaw&auth=%2A%2A%2A
靖天戏剧,https://tmxk.pp.ua/litv.php?token=%2A%2A%2A&id=4gtv-4gtv058
经典电影,https://yylunbo.ottiptv.cc/yy/1414812324
经典电影,https://tv.iill.top/4gtv/201
经典电影,https://stream1.freetv.fun/jing-dian-dian-ying-9.ctv
经典电影,https://stream1.freetv.fun/jing-dian-dian-ying-8.ctv
经典电影,https://stream1.freetv.fun/jing-dian-dian-ying-15.ctv
IPTV经典电影,http://43.138.0.72:35455/yy/1382754187
天映经典,http://php.jdshipin.com:8880/smt.php?id=Celestial2
天映经典,https://stream1.freetv.fun/tian-ying-jing-dian-5.m3u8
天映经典,https://migu.188766.xyz/?migutoken=%2A%2A%2A&id=Celestial2&type=dy
天映经典,http://php.jdshipin.com/smt.php?id=Celestial2
天映经典,https://hls-gateway.vpstv.net/streams/709488.m3u8
无线星河,http://v2h.jdshipin.com/xinghe_1/xinghe_1.stream/chunklist_w106.m3u8
无线星河,http://php.jdshipin.com:8880/TVOD/iptv.php?id=xinghe
无线星河,https://cdn6.101.qzz.io/163189/tvbxh
无线星河,http://php.jdshipin.com/smt.php?id=Xinhe
龙祥电影,https://smt.858.qzz.io/Smart.php?id=lungxiangtime_twn
龙祥电影,https://smt.go-iptv.ggff.net/smart.php?id=lungxiangtime_twn&token=%2A%2A%2A
东森超视,https://stream1.freetv.fun/dong-sen-chao-shi-4.m3u8
东森超视,https://smart.pendy.dpdns.org/Smart.php?id=ettvsuper
东森超视,https://stream1.freetv.fun/dong-sen-chao-shi-2.m3u8
东森超视,https://stream1.freetv.fun/dong-sen-chao-shi-7.ctv
东森超视,https://stream1.freetv.fun/dong-sen-chao-shi-8.m3u8
纬来体育,https://smart.pendy.dpdns.org/Smart.php?id=videolandsport
纬来体育,https://epg.pw/stream/8855a9936e37e608a0ec8a014cce1673dee9c5d68d560da376cc92e5edef2b25.m3u8
纬来体育,https://epg.pw/stream/ab6df63b64d0cc44a1f4f029ed847a26fa54a7aebd455578fb05a63f02c22f4b.m3u8
纬来体育,https://epg.pw/stream/4f18dfe0593db5c686eb64ae8edaf2a9202d4d46bdc9bbde2cee27708e12ea01.m3u8
纬来体育,https://hls-gateway.vpstv.net/streams/477026.m3u8
爱体育,http://php.jdshipin.com:8880/itv6s.php?cid=wasusyt&id=6000000006000290630
爱体育,http://[2409:8087:5e08:24::11]:6610/000000001000/2000000004000000060/index.m3u8
爱体育,http://[2409:8087:5e08:24::17]:6610/000000001000/2000000004000000060/index.m3u8
爱体育,http://[2409:8087:5e08:24::12]:6610/000000001000/2000000004000000000/index.m3u8
爱体育,http://hwltc.tv.cdn.zj.chinamobile.com/PLTV/88888888/224/3221230103/index.m3u8
超级体育,http://[2409:8087:1a01:df::7005]:80/ottrrs.hl.chinamobile.com/TVOD/88888888/224/3221225715/index.m3u8
精品体育,https://epg.pw/stream/866a097a0907c9832440f8df38272dd555abf05200dfbafcc137e214c9b30ca7.m3u8
精品体育,https://epg.pw/stream/f7556eccd4ae06b0c2991fdc7a4f8388496559f728cc82459a8e50346040e226.m3u8
精品体育,https://epg.pw/stream/94ed0232b61ce8d89883160a4cdfbfc8f3225cae70ef8e17d93eec249a3c8ad6.m3u8
天津体育,http://63.141.230.178:82/gslb/zbdq5.m3u8?id=tjtv5
安徽综艺体育,https://live.lalifeier.eu.org/ahtv/ahzyty.m3u8?t=1745774515&key=%2A%2A%2A
安徽综艺体育,https://live.lalifeier.eu.org/ahtv/ahzyty.m3u8?t=1746292937&key=%2A%2A%2A
安徽综艺体育,https://live.lalifeier.eu.org/ahtv/ahzyty.m3u8?t=1746307365&key=%2A%2A%2A
安徽综艺体育,https://stream1.freetv.fun/an-hui-zong-yi-ti-yu-4.ctv
安徽综艺体育,https://stream1.freetv.fun/an-hui-zong-yi-ti-yu-8.m3u8
睛彩篮球,https://zby.130519.xyz/PLTV/11/224/3221226118/index.m3u8
睛彩篮球,http://[2409:8087:1a01:df::4055]:80/TVOD/88888888/224/3221225901/main.m3u8
睛彩广场舞,http://13937899.xyz:35455/itv/3000000020000011523.m3u8?cdn=FifastbLive
睛彩广场舞,http://zjzcf.synology.me:35455/itv/3000000020000011523.m3u8?cdn=FifastbLive
睛彩广场舞,http://[2409:8087:1a01:df::7005]:80/ottrrs.hl.chinamobile.com/TVOD/88888888/224/3221226472/index.m3u8
睛彩广场舞,http://[2409:8087:1a15:10d1::37]/ottrrs.hl.chinamobile.com/PLTV/88888888/224/3221226472/index.m3u8
睛彩广场舞,http://[2409:8087:1e01:20::3]/PLTV/11/224/3221226139/index.m3u8
魅力足球,https://hls-gateway.vpstv.net/streams/708839.m3u8
魅力足球,https://stream1.freetv.fun/ipv6-mei-li-zu-qiu-4.m3u8
魅力足球,https://stream1.freetv.fun/mei-li-zu-qiu-1.m3u8
魅力足球,https://www.freetv.top/migu/796070308.m3u8?migutoken=%2A%2A%2A
魅力足球,https://www.freetv.top/migu/796070308.m3u8?migutoken=%2A%2A%2A
天元围棋,http://204.12.221.218:8181/3m1080p/gztywq.m3u8
快乐垂钓,https://migu.188766.xyz/?migutoken=%2A%2A%2A&id=%E5%BF%AB%E4%B9%90%E5%9E%82%E9%92%93&type=yy
快乐垂钓,https://hls-gateway.vpstv.net/streams/708835.m3u8
快乐垂钓,https://migu.188766.xyz/?migutoken=%2A%2A%2A&id=%E5%BF%AB%E4%B9%90%E5%9E%82%E9%92%93&type=yy
快乐垂钓,https://migu.188766.xyz/?migutoken=%2A%2A%2A&id=%E5%BF%AB%E4%B9%90%E5%9E%82%E9%92%93&type=yy
快乐垂钓,https://migu.188766.xyz/?migutoken=%2A%2A%2A&id=%E5%BF%AB%E4%B9%90%E5%9E%82%E9%92%93&type=yy
JJ斗地主,https://live.iill.top/douyin/685317364746
卡酷动画,https://zby.130519.xyz/PLTV/11/224/3221226019/index.m3u8
卡酷动画,http://[2409:8087:1a15:10d1::33]/ottrrs.hl.chinamobile.com/PLTV/88888888/224/3221225654/index.m3u8
卡酷动画,http://[2409:8087:5e08:25::16]:6610/200000001898/460000089800010081/1.m3u8
卡酷动画,https://migu.188766.xyz/?migutoken=%2A%2A%2A&id=%E5%8C%97%E4%BA%AC%E5%8D%A1%E9%85%B7%E5%B0%91%E5%84%BF&type=yy
卡酷动画,https://migu.188766.xyz/?migutoken=%2A%2A%2A&id=%E5%8C%97%E4%BA%AC%E5%8D%A1%E9%85%B7%E5%B0%91%E5%84%BF&type=yy
动漫秀场,https://zby.130519.xyz/PLTV/11/224/3221225764/index.m3u8
动漫秀场,http://php.jdshipin.com/itv6.php?cid=bestzb&id=5000000011000031113
动漫秀场,https://stream1.freetv.fun/dong-man-xiu-chang-11.m3u8
动漫秀场,https://stream1.freetv.fun/ipv6-dong-man-xiu-chang-11.m3u8
动漫秀场,https://stream1.freetv.fun/dong-man-xiu-chang-9.ctv
新动漫,https://migu.188766.xyz/?migutoken=%2A%2A%2A&id=%E6%96%B0%E5%8A%A8%E6%BC%AB&type=yy
新动漫,https://tv.iill.top/migu/xdm&token=2276b9830bd9e6d7f4858f72fe6095ad7d4eeb9d25164399bb076f31d3ce364b
新动漫,https://migu.188766.xyz/?migutoken=%2A%2A%2A&id=%E6%96%B0%E5%8A%A8%E6%BC%AB&type=yy
新动漫,https://migu.188766.xyz/?migutoken=%2A%2A%2A&id=%E6%96%B0%E5%8A%A8%E6%BC%AB&type=yy
新动漫,https://tv.iill.top/migu/xdm&token=886bce813f2cd4e37742d034db073fb39288ecfa7b0e43b20307dd9a2b2d0bdc
爱动漫,http://php.jdshipin.com:8880/itv6s.php?cid=wasusyt&id=6000000006000280630
爱动漫,http://[2409:8087:5e08:24::17]:6610/000000001000/2000000004000000059/index.m3u8
爱动漫,http://[2409:8087:5e08:24::11]:6610/000000001000/2000000004000000059/index.m3u8
爱动漫,http://hwltc.tv.cdn.zj.chinamobile.com/PLTV/88888888/224/3221235628/1/index.m3u8?fmt=ts2hls
CN卡通,https://hls-gateway.vpstv.net/streams/476247.m3u8
CN卡通,https://stream1.freetv.fun/cnqia-tong-3.ctv
浙江少儿,https://stream1.freetv.fun/zhe-jiang-shao-er-4.m3u8
浙江少儿,https://stream1.freetv.fun/zhe-jiang-shao-er-4.ctv
浙江少儿,https://stream1.freetv.fun/zhe-jiang-shao-er-6.ctv
浙江少儿,https://stream1.freetv.fun/zhe-jiang-shao-er-9.ctv
河北少儿科教,https://stream1.freetv.fun/he-bei-shao-er-ke-jiao-7.ctv
河北少儿科教,https://stream1.freetv.fun/he-bei-shao-er-ke-jiao-10.ctv
河北少儿科教,https://stream1.freetv.fun/he-bei-shao-er-ke-jiao-15.ctv
河北少儿科教,https://stream1.freetv.fun/he-bei-shao-er-ke-jiao-12.m3u8
河北少儿科教,https://stream1.freetv.fun/he-bei-shao-er-ke-jiao-2.m3u8
七龙珠,https://live.ottiptv.cc/huya/11601966
七龙珠,https://live.metshop.top/huya/11601966
七龙珠,http://cdn.jdshipin.com:8880/huya.php?id=11601966
火影忍者,http://cdn.jdshipin.com:8880/huya.php?id=29465866
海绵宝宝,https://live.metshop.top/douyu/3949681
中华小当家,https://live.metshop.top/huya/11342413
中华小当家,https://live.iill.top/huya/11342413
中华小当家,http://cdn.jdshipin.com:8880/huya.php?id=11342413
中华小当家,https://live.ottiptv.cc/huya/11342413
猫和老鼠,https://live.iill.top/huya/11352879
猫和老鼠,http://live.iill.top/huya.php?id=11352879
猫和老鼠,https://live.metshop.top/huya/11352879
猫和老鼠,http://cdn.jdshipin.com:8880/huya.php?id=11352879
猫和老鼠,https://live.ottiptv.cc/huya/11352879
蜡笔小新,https://live.ottiptv.cc/bilibili/30837590
漫画解说,https://www.goodiptv.club/douyu/5907076
漫画解说,https://yylunbo.ottiptv.cc/yy/1382735568
游戏风云,https://zby.130519.xyz/PLTV/11/224/3221226117/index.m3u8
游戏风云,https://www.freetv.top/migu/790188417.m3u8?migutoken=%2A%2A%2A
游戏风云,https://www.freetv.top/migu/790188417.m3u8?migutoken=%2A%2A%2A
游戏风云,https://zby.130519.xyz/PLTV/11/224/3221226140/index.m3u8
爱电竞,http://php.jdshipin.com:8880/itv6s.php?cid=wasusyt&id=6000000006000230630
风云音乐,https://hls-gateway.vpstv.net/streams/708858.m3u8
风云音乐,http://iptv.666230.xyz/iptv/jsyd.php/G_FENGYUNYY-CQ
风云音乐,http://www.qfly9236.cn:8888/rtp/239.253.92.111:8060
音乐现场,https://satellitepull.cnr.cn/live/wx32nmgyygb/playlist.m3u8
音乐广播,https://tv.iill.top/fm/552&token=7c908a370d95d78e90a9d2ba4007e5185038b0ceac7435ba90e72c77cc035ff6
音乐广播,https://tv.iill.top/fm/552&token=074c3dfc2f95090e006ab15f0d86b1aaef70b389a934b096ad5e6674b5724d0d
音乐广播,https://tv.iill.top/fm/552&token=9214268143febfaf9cbc3e9b7f092a03c3274273c99133a780217564b2ab7896
音乐广播,https://tv.iill.top/fm/552&token=0ba82b0a75c65ff5f1a8198b9de48d0532f0cf804be54dac2eacd7d0dbd56b0a
音乐广播,https://tv.iill.top/fm/552&token=bde1753ec6759720c20ecedff6ec428eed4e2dd71d1433181fa7f50b8724a5bf
笑傲江湖,https://live.iill.top/huya/23865142
笑傲江湖,https://live.metshop.top/huya/26355790
笑傲江湖,https://live.metshop.top/huya/23865142
笑傲江湖,http://cdn.jdshipin.com:8880/huya.php?id=26355790
笑傲江湖,http://cdn.jdshipin.com:8880/huya.php?id=23865142
天龙八部,http://jiaojirentv.top/2020/yy.php?id=1382881708
天龙八部,https://live.metshop.top/huya/20985816
天龙八部,http://cdn.jdshipin.com:8880/huya.php?id=20985816
天龙八部,https://live.ottiptv.cc/huya/20985816
天龙八部,https://live.ottiptv.cc/yy/1351814644
鹿鼎记,https://live.ottiptv.cc/yy/28265277
仙剑奇侠传,https://live.ottiptv.cc/yy/1382749903
西游记,http://173.208.234.146/live/vlxyj.m3u8
西游记,http://222.186.39.21:35466/huya/20985836
西游记,https://live.ottiptv.cc/huya/26355861
西游记,http://live.ottiptv.cc/huya/20985836
三国演义,https://live.iill.top/huya/11602081
三国演义,https://live.metshop.top/huya/11602081
三国演义,http://cdn.jdshipin.com:8880/huya.php?id=11602081
三国演义,https://live.ottiptv.cc/huya/11602081
水浒传,http://173.208.234.146/live/vlshz.m3u8
水浒传,http://live.ottiptv.cc/huya/26355860
水浒传,https://live.ottiptv.cc/yy/1353873252
新白娘子传奇,https://live.ottiptv.cc/yy/1354490667
封神榜,https://live.metshop.top/huya/29465849
封神榜,http://cdn.jdshipin.com:8880/huya.php?id=29465849
封神榜,https://live.ottiptv.cc/huya/29465849
闯关东,http://173.208.234.146/live/lbchuangguandong.m3u8
射雕英雄传,https://live.metshop.top/huya/23824164
射雕英雄传,http://cdn.jdshipin.com:8880/huya.php?id=23824164
射雕英雄传,https://live.ottiptv.cc/huya/23824164
厦门卫视,http://ott.mobaibox.com/PLTV/3/224/3221226996/index.m3u8
延边卫视,http://ottrrs.hl.chinamobile.com/PLTV/88888888/224/3221226516/index.m3u8
半岛英语,https://live-hls-web-aje.getaj.net/AJE/01.m3u8
凤凰香港,http://[2409:8087:2001:20:2800:0:df6e:eb1d]:80/ott.mobaibox.com/PLTV/1/224/3221228530/1.m3u8
厦门卫视,http://[2409:8087:5e01:34::23]:6610/ZTE_CMS/00000001000000060000000000000193/index.m3u8?fmmv6=
北京纪实科教,http://[2409:8087:7000:20:1000::22]:6060/yinhe/2/ch00000090990000001329/index.m3u8?virtualDomain=yinhe.live_hls.zte.com
上海新闻综合,http://[2409:8087:1e03:21::2]:6060/cms001/ch00000090990000001014/index.m3u8
上海都市,http://[2409:8087:1e03:21::2]:6060/cms001/ch00000090990000001015/index.m3u8
上海ICS外语,http://[2409:8087:1e03:21::2]:6060/cms001/ch00000090990000001128/index.m3u8
生活时尚,http://[2409:8087:1e03:21::2]:6060/cms001/ch00000090990000001199/index.m3u8
七彩戏剧,http://[2409:8087:1e03:21::2]:6060/cms001/ch00000090990000001308/index.m3u8
第一财经,http://[2409:8087:1e03:21::2]:6060/cms001/ch00000090990000001017/index.m3u8
上海教育,http://[2409:8087:1e03:21::2]:6060/cms001/ch00000090990000001268/index.m3u8
东方影视,http://[2409:8087:1e03:21::2]:6060/cms001/ch00000090990000001016/index.m3u8
东方财经,http://[2409:8087:1e03:21::2]:6060/cms001/ch00000090990000001318/index.m3u8
欢笑剧场,http://[2409:8087:1e03:21::2]:6060/cms001/ch00000090990000001193/index.m3u8
法治天地,http://[2409:8087:1e03:21::2]:6060/cms001/ch00000090990000001195/index.m3u8
乐游,http://[2409:8087:1e03:21::2]:6060/cms001/ch00000090990000001200/index.m3u8
都市剧场,http://[2409:8087:1e03:21::2]:6060/cms001/ch00000090990000001203/index.m3u8
金色学堂,http://[2409:8087:1e03:21::2]:6060/cms001/ch00000090990000001194/index.m3u8
游戏风云,http://[2409:8087:1e03:21::2]:6060/cms001/ch00000090990000001192/index.m3u8
浙江公共新闻,http://hw-m-l.cztv.com/channels/lantian/channel007/1080p.m3u8
浙江国际,http://hw-m-l.cztv.com/channels/lantian/channel010/1080p.m3u8
浙江少儿,http://hw-m-l.cztv.com/channels/lantian/channel008/1080p.m3u8
浙江教科影视,http://hw-m-l.cztv.com/channels/lantian/channel004/1080p.m3u8
浙江数码时代,http://hw-m-l.cztv.com/channels/lantian/channel012/1080p.m3u8
浙江民生休闲,http://hw-m-l.cztv.com/channels/lantian/channel006/1080p.m3u8
浙江经济生活,http://hw-m-l.cztv.com/channels/lantian/channel003/1080p.m3u8
浙江钱江频道,http://hw-m-l.cztv.com/channels/lantian/channel002/1080p.m3u8
海南少儿,http://[2409:8087:5e01:34::21]:6610/ZTE_CMS/08984400000000060000000000000323/index.m3u8?fmmv6=
海南文旅,http://[2409:8087:5e01:34::21]:6610/ZTE_CMS/08984400000000060000000000000322/index.m3u8?fmmv6=
海南公共,http://[2409:8087:5e01:34::21]:6610/ZTE_CMS/08984400000000060000000000000382/index.m3u8?fmmv6=
海南自贸,http://[2409:8087:5e01:34::21]:6610/ZTE_CMS/08984400000000060000000000000320/index.m3u8?fmmv6=
金鹰纪实,http://[2409:8087:1e03:21::2]:6060/cms001/ch00000090990000001230/index.m3u8
茶友频道,http://[2409:8087:1e03:21::2]:6060/cms001/ch00000090990000001234/index.m3u8
快乐垂钓,http://[2409:8087:1e03:21::2]:6060/cms001/ch00000090990000001235/index.m3u8
兵器科技,http://[2409:8087:7001:20:2::3]:80/dbiptv.sn.chinamobile.com/PLTV/88888893/224/3221226975/index.m3u8
文化精品,http://[2409:8087:7001:20:2::3]:80/dbiptv.sn.chinamobile.com/PLTV/88888893/224/3221226981/index.m3u8
央视台球,http://[2409:8087:7001:20:2::3]:80/dbiptv.sn.chinamobile.com/PLTV/88888893/224/3221226956/index.m3u8
央视高网,http://[2409:8087:7001:20:2::3]:80/dbiptv.sn.chinamobile.com/PLTV/88888893/224/3221226978/index.m3u8
风云音乐,http://[2409:8087:7001:20:2::3]:80/dbiptv.sn.chinamobile.com/PLTV/88888893/224/3221226953/index.m3u8
电视指南,http://[2409:8087:7001:20:2::3]:80/dbiptv.sn.chinamobile.com/PLTV/88888893/224/3221226987/index.m3u8
求索动物,http://[2409:8087:7001:20:1000::95]:6610/000000001000/6000000002000010046/index.m3u8?channel-id=wasusyt&Contentid=6000000002000010046&livemode=1&stbId=3
求索记录,http://[2409:8087:7001:20:1000::95]:6610/000000001000/6000000002000032052/index.m3u8?channel-id=wasusyt&Contentid=6000000002000032052&livemode=1&stbId=3
求索科学,http://[2409:8087:7001:20:1000::95]:6610/000000001000/6000000002000032344/index.m3u8?channel-id=wasusyt&Contentid=6000000002000032344&livemode=1&stbId=3
求索生活,http://[2409:8087:7001:20:1000::95]:6610/000000001000/6000000002000003382/index.m3u8?channel-id=wasusyt&Contentid=6000000002000003382&livemode=1&stbId=3
超级综艺,http://dbiptv.sn.chinamobile.com/PLTV/88888888/224/3221226009/1.m3u8
超级体育,http://[2409:8087:1a01:df::7005]:80/ottrrs.hl.chinamobile.com/PLTV/88888888/224/3221225715/index.m3u8
超级电影,http://[2409:8087:1a01:df::7005]:80/ottrrs.hl.chinamobile.com/PLTV/88888888/224/3221225717/index.m3u8
超级电视剧,http://[2409:8087:1a01:df::7005]:80/ottrrs.hl.chinamobile.com/PLTV/88888888/224/3221225716/index.m3u8
武博世界,http://[2409:8087:2001:20:2800:0:df6e:eb19]:80/wh7f454c46tw2554338791_49940138/ott.mobaibox.com/PLTV/3/224/3221227533/index.m3u8
中国功夫,http://[2409:8087:2001:20:2800:0:df6e:eb19]:80/wh7f454c46tw1934355864_2070028581/ott.mobaibox.com/PLTV/3/224/3221227530/index.m3u8
军旅剧场,http://[2409:8087:2001:20:2800:0:df6e:eb06]:80/wh7f454c46tw1807611386_-262631246/ott.mobaibox.com/PLTV/3/224/3221227603/index.m3u8
炫舞未来,http://[2409:8087:2001:20:2800:0:df6e:eb09]:80/wh7f454c46tw2582593423_1721070986/ott.mobaibox.com/PLTV/3/224/3221227475/index.m3u8
潮妈辣婆,http://[2409:8087:2001:20:2800:0:df6e:eb19]:80/wh7f454c46tw1705588260_46164741/ott.mobaibox.com/PLTV/3/224/3221227527/index.m3u8
精品体育,http://[2409:8087:2001:20:2800:0:df6e:eb1b]:80/wh7f454c46tw2797725038_-2054878207/ott.mobaibox.com/PLTV/3/224/3221227615/index.m3u8
精品纪录,http://[2409:8087:2001:20:2800:0:df6e:eb1a]:80/wh7f454c46tw2837435881_530071425/ott.mobaibox.com/PLTV/3/224/3221227547/index.m3u8
家庭剧场,http://[2409:8087:2001:20:2800:0:df6e:eb06]:80/wh7f454c46tw3441504651_1879058580/ott.mobaibox.com/PLTV/3/224/3221227600/index.m3u8
精品大剧,http://[2409:8087:2001:20:2800:0:df6e:eb1a]:80/wh7f454c46tw2817459161_-1430429466/ott.mobaibox.com/PLTV/3/224/3221227618/index.m3u8
军事评论,http://[2409:8087:2001:20:2800:0:df6e:eb18]:80/wh7f454c46tw3373254713_-1111569189/ott.mobaibox.com/PLTV/3/224/3221227544/index.m3u8
明星大片,http://[2409:8087:2001:20:2800:0:df6e:eb18]:80/wh7f454c46tw2856695654_946966165/ott.mobaibox.com/PLTV/3/224/3221227594/index.m3u8
东北热剧,http://[2409:8087:1a01:df::7005]:80/ottrrs.hl.chinamobile.com/PLTV/88888888/224/3221225741/index.m3u8
欢乐剧场,http://[2409:8087:1a01:df::7005]:80/ottrrs.hl.chinamobile.com/PLTV/88888888/224/3221225742/index.m3u8
CGTN记录,https://livedoc.cgtn.com/500d/prog_index.m3u8
CGTN西语,https://livees.cgtn.com/1000e/prog_index.m3u8
CGTN阿语,https://livear.cgtn.com/1000a/prog_index.m3u8
财富天下,http://[2409:8087:1e03:21::2]:6060/cms001/ch00000090990000001219/index.m3u8
纯享超清,http://[2409:8087:2001:20:2800:0:df6e:eb26]:80/ott.mobaibox.com/PLTV/3/224/3221228472/index.m3u8
中国天气,http://[2409:8087:1e03:21::2]:6060/cms001/ch00000090990000001102/index.m3u8
咪咕直播4K-1「IPV6」,http://[2409:8087:1a01:df::4001]/PLTV/88888888/224/3221225655/index.m3u8
咪咕直播4K-2「IPV6」,http://[2409:8087:1a01:df::4005]/PLTV/88888888/224/3221225651/index.m3u8
咪咕直播-1「IPV6」,http://[2409:8087:1a01:df::4023]/PLTV/88888888/224/3221225611/index.m3u8
咪咕直播-2「IPV6」,http://[2409:8087:1a01:df::4005]/PLTV/88888888/224/3221225613/index.m3u8
咪咕直播-3「IPV6」,http://[2409:8087:1a01:df::4014]/PLTV/88888888/224/3221225617/index.m3u8
咪咕直播-4「IPV6」,http://[2409:8087:1a01:df::4017]/PLTV/88888888/224/3221225619/index.m3u8
咪咕直播-5「IPV6」,http://[2409:8087:1a01:df::4058]/PLTV/88888888/224/3221225620/index.m3u8
咪咕直播-6「IPV6」,http://[2409:8087:1a01:df::4015]/PLTV/88888888/224/3221225639/index.m3u8
咪咕直播-7「IPV6」,http://[2409:8087:1a01:df::4015]/PLTV/88888888/224/3221225641/index.m3u8
咪咕直播-8「IPV6」,http://[2409:8087:1a01:df::4011]/PLTV/88888888/224/3221225643/index.m3u8
咪咕直播-9「IPV6」,http://[2409:8087:1a01:df::4002]/PLTV/88888888/224/3221225645/index.m3u8
咪咕直播-10「IPV6」,http://[2409:8087:1a01:df::4016]/PLTV/88888888/224/3221225647/index.m3u8
咪咕直播-11「IPV6」,http://[2409:8087:1a01:df::4022]/PLTV/88888888/224/3221225648/index.m3u8
咪咕直播-12「IPV6」,http://[2409:8087:1a01:df::4003]/PLTV/88888888/224/3221225649/index.m3u8
咪咕直播-13「IPV6」,http://[2409:8087:1a01:df::4003]/PLTV/88888888/224/3221225650/index.m3u8
咪咕直播-14「IPV6」,http://[2409:8087:1a01:df::4014]/PLTV/88888888/224/3221225652/index.m3u8
咪咕直播-15「IPV6」,http://[2409:8087:1a01:df::4013]/PLTV/88888888/224/3221225653/index.m3u8
咪咕直播-16「IPV6」,http://[2409:8087:1a01:df::4017]/PLTV/88888888/224/3221225654/index.m3u8
咪咕直播-17「IPV6」,http://[2409:8087:1a01:df::4019]/PLTV/88888888/224/3221225658/index.m3u8
咪咕直播-18「IPV6」,http://[2409:8087:1a01:df::4012]/PLTV/88888888/224/3221225660/index.m3u8
咪咕直播-19「IPV6」,http://[2409:8087:1a01:df::4023]/PLTV/88888888/224/3221225662/index.m3u8
咪咕直播-20「IPV6」,http://[2409:8087:1a01:df::4062]/PLTV/88888888/224/3221225733/index.m3u8
咪咕直播-21「IPV6」,http://[2409:8087:1a01:df::4048]/PLTV/88888888/224/3221225735/index.m3u8
咪咕直播-22「IPV6」,http://[2409:8087:1a01:df::4025]/PLTV/88888888/224/3221225737/index.m3u8
咪咕直播-23「IPV6」,http://[2409:8087:1a01:df::4074]/PLTV/88888888/224/3221225739/index.m3u8
咪咕直播-24「IPV6」,http://[2409:8087:1a01:df::4070]/PLTV/88888888/224/3221225741/index.m3u8
咪咕直播-25「IPV6」,http://[2409:8087:1a01:df::4050]/PLTV/88888888/224/3221225745/index.m3u8
咪咕直播-26「IPV6」,http://[2409:8087:1a01:df::4050]/PLTV/88888888/224/3221225747/index.m3u8
咪咕直播-27「IPV6」,http://[2409:8087:1a01:df::4039]/PLTV/88888888/224/3221225749/index.m3u8
咪咕直播-28「IPV6」,http://[2409:8087:1a01:df::4030]/PLTV/88888888/224/3221225754/index.m3u8
咪咕直播-29「IPV6」,http://[2409:8087:1a01:df::4025]/PLTV/88888888/224/3221225756/index.m3u8
咪咕直播-30「IPV6」,http://[2409:8087:1a01:df::4077]/PLTV/88888888/224/3221225758/index.m3u8
咪咕直播-31「IPV6」,http://[2409:8087:1a01:df::4025]/PLTV/88888888/224/3221225760/index.m3u8
咪咕直播-32「IPV6」,http://[2409:8087:1a01:df::4039]/PLTV/88888888/224/3221225762/index.m3u8
咪咕直播-33「IPV6」,http://[2409:8087:1a01:df::4050]/PLTV/88888888/224/3221225764/index.m3u8
咪咕直播-34「IPV6」,http://[2409:8087:1a01:df::4027]/PLTV/88888888/224/3221225766/index.m3u8
咪咕直播-35「IPV6」,http://[2409:8087:1a01:df::4050]/PLTV/88888888/224/3221225768/index.m3u8
咪咕直播-36「IPV6」,http://[2409:8087:1a01:df::4078]/PLTV/88888888/224/3221225782/index.m3u8
咪咕直播-37「IPV6」,http://[2409:8087:1a01:df::4002]/PLTV/88888888/224/3221225895/index.m3u8
咪咕直播-38「IPV6」,http://[2409:8087:1a01:df::4028]/PLTV/88888888/224/3221225897/index.m3u8
咪咕直播-39「IPV6」,http://[2409:8087:1a01:df::4061]/PLTV/88888888/224/3221225899/index.m3u8
咪咕直播-40「IPV6」,http://[2409:8087:1a01:df::4009]/PLTV/88888888/224/3221225901/index.m3u8
咪咕直播-41「IPV6」,http://[2409:8087:1a01:df::4023]/PLTV/88888888/224/3221225903/index.m3u8
咪咕直播-42「IPV6」,http://[2409:8087:1a01:df::4079]/PLTV/88888888/224/3221225904/index.m3u8
咪咕直播-43「IPV6」,http://[2409:8087:1a01:df::4051]/PLTV/88888888/224/3221225905/index.m3u8
咪咕直播-44「IPV6」,http://[2409:8087:1a01:df::4077]/PLTV/88888888/224/3221225906/index.m3u8
咪咕直播-45「IPV6」,http://[2409:8087:1a01:df::4055]/PLTV/88888888/224/3221225910/index.m3u8
咪咕直播-46「IPV6」,http://[2409:8087:1a01:df::4076]/PLTV/88888888/224/3221225912/index.m3u8
咪咕直播-47「IPV6」,http://[2409:8087:1a01:df::4027]/PLTV/88888888/224/3221225914/index.m3u8
咪咕直播-48「IPV6」,http://[2409:8087:1a01:df::4076]/PLTV/88888888/224/3221226027/index.m3u8
咪咕直播-49「IPV6」,http://[2409:8087:1a01:df::4068]/PLTV/88888888/224/3221226031/index.m3u8
咪咕直播-50「IPV6」,http://[2409:8087:1a01:df::4062]/PLTV/88888888/224/3221226046/index.m3u8
咪咕直播-51「IPV6」,http://[2409:8087:1a01:df::4041]/PLTV/88888888/224/3221226053/index.m3u8
咪咕直播-52「IPV6」,http://[2409:8087:1a01:df::404d]/ottrrs.hl.chinamobile.com/PLTV/88888888/224/3221226124/index.m3u8
咪咕直播-53「IPV6」,http://[2409:8087:1a01:df::403b]/ottrrs.hl.chinamobile.com/PLTV/88888888/224/3221226147/index.m3u8
咪咕直播-54「IPV6」,http://[2409:8087:1a01:df::4033]/ottrrs.hl.chinamobile.com/PLTV/88888888/224/3221226398/index.m3u8
咪咕直播-55「IPV6」,http://[2409:8087:1a01:df::402a]/ottrrs.hl.chinamobile.com/PLTV/88888888/224/3221226469/index.m3u8
咪咕直播-56「IPV6」,http://[2409:8087:1a01:df::4046]/ottrrs.hl.chinamobile.com/PLTV/88888888/224/3221226472/index.m3u8
咪咕直播4K-1,http://gslbserv.itv.cmvideo.cn:80/3000000010000005180/index.m3u8?channel-id=FifastbLive&Contentid=3000000010000005180&livemode=1&stbId=3
咪咕直播4K-2,http://gslbserv.itv.cmvideo.cn:80/3000000010000015686/index.m3u8?channel-id=FifastbLive&Contentid=3000000010000015686&livemode=1&stbId=3
咪咕直播-1,http://gslbserv.itv.cmvideo.cn:80/3000000001000005308/index.m3u8?channel-id=FifastbLive&Contentid=3000000001000005308&livemode=1&stbId=3
咪咕直播-2,http://gslbserv.itv.cmvideo.cn:80/3000000001000005969/index.m3u8?channel-id=FifastbLive&Contentid=3000000001000005969&livemode=1&stbId=3
咪咕直播-3,http://gslbserv.itv.cmvideo.cn:80/3000000001000007218/index.m3u8?channel-id=FifastbLive&Contentid=3000000001000007218&livemode=1&stbId=3
咪咕直播-4,http://gslbserv.itv.cmvideo.cn:80/3000000001000008001/index.m3u8?channel-id=FifastbLive&Contentid=3000000001000008001&livemode=1&stbId=3
咪咕直播-5,http://gslbserv.itv.cmvideo.cn:80/3000000001000008176/index.m3u8?channel-id=FifastbLive&Contentid=3000000001000008176&livemode=1&stbId=3
咪咕直播-6,http://gslbserv.itv.cmvideo.cn:80/3000000001000008379/index.m3u8?channel-id=FifastbLive&Contentid=3000000001000008379&livemode=1&stbId=3
咪咕直播-7,http://gslbserv.itv.cmvideo.cn:80/3000000001000010129/index.m3u8?channel-id=FifastbLive&Contentid=3000000001000010129&livemode=1&stbId=3
咪咕直播-8,http://gslbserv.itv.cmvideo.cn:80/3000000001000010948/index.m3u8?channel-id=FifastbLive&Contentid=3000000001000010948&livemode=1&stbId=3
咪咕直播-9,http://gslbserv.itv.cmvideo.cn:80/3000000001000026778/index.m3u8?channel-id=FifastbLive&Contentid=3000000001000026778&livemode=1&stbId=3
咪咕直播-10,http://gslbserv.itv.cmvideo.cn:80/3000000001000028638/index.m3u8?channel-id=FifastbLive&Contentid=3000000001000028638&livemode=1&stbId=3
咪咕直播-11,http://gslbserv.itv.cmvideo.cn:80/3000000001000031494/index.m3u8?channel-id=FifastbLive&Contentid=3000000001000031494&livemode=1&stbId=3
咪咕直播-12,http://gslbserv.itv.cmvideo.cn:80/3000000010000000097/index.m3u8?channel-id=FifastbLive&Contentid=3000000010000000097&livemode=1&stbId=3
咪咕直播-13,http://gslbserv.itv.cmvideo.cn:80/3000000010000002019/index.m3u8?channel-id=FifastbLive&Contentid=3000000010000002019&livemode=1&stbId=3
咪咕直播-14,http://gslbserv.itv.cmvideo.cn:80/3000000010000002032/index.m3u8?channel-id=FifastbLive&Contentid=3000000010000002032&livemode=1&stbId=3
咪咕直播-15,http://gslbserv.itv.cmvideo.cn:80/3000000010000002809/index.m3u8?channel-id=FifastbLive&Contentid=3000000010000002809&livemode=1&stbId=3
咪咕直播-16,http://gslbserv.itv.cmvideo.cn:80/3000000010000003915/index.m3u8?channel-id=FifastbLive&Contentid=3000000010000003915&livemode=1&stbId=3
咪咕直播-17,http://gslbserv.itv.cmvideo.cn:80/3000000010000004193/index.m3u8?channel-id=FifastbLive&Contentid=3000000010000004193&livemode=1&stbId=3
咪咕直播-18,http://gslbserv.itv.cmvideo.cn:80/3000000010000004464/index.m3u8?channel-id=FifastbLive&Contentid=3000000010000004464&livemode=1&stbId=3
咪咕直播-19,http://gslbserv.itv.cmvideo.cn:80/3000000010000005837/index.m3u8?channel-id=FifastbLive&Contentid=3000000010000005837&livemode=1&stbId=3
咪咕直播-20,http://gslbserv.itv.cmvideo.cn:80/3000000010000006077/index.m3u8?channel-id=FifastbLive&Contentid=3000000010000006077&livemode=1&stbId=3
咪咕直播-21,http://gslbserv.itv.cmvideo.cn:80/3000000010000006658/index.m3u8?channel-id=FifastbLive&Contentid=3000000010000006658&livemode=1&stbId=3
咪咕直播-22,http://gslbserv.itv.cmvideo.cn:80/3000000010000006944/index.m3u8?channel-id=FifastbLive&Contentid=3000000010000006944&livemode=1&stbId=3
咪咕直播-23,http://gslbserv.itv.cmvideo.cn:80/3000000010000007692/index.m3u8?channel-id=FifastbLive&Contentid=3000000010000007692&livemode=1&stbId=3
咪咕直播-24,http://gslbserv.itv.cmvideo.cn:80/3000000010000009788/index.m3u8?channel-id=FifastbLive&Contentid=3000000010000009788&livemode=1&stbId=3
咪咕直播-25,http://gslbserv.itv.cmvideo.cn:80/3000000010000010833/index.m3u8?channel-id=FifastbLive&Contentid=3000000010000010833&livemode=1&stbId=3
咪咕直播-26,http://gslbserv.itv.cmvideo.cn:80/3000000010000011112/index.m3u8?channel-id=FifastbLive&Contentid=3000000010000011112&livemode=1&stbId=3
咪咕直播-27,http://gslbserv.itv.cmvideo.cn:80/3000000010000011297/index.m3u8?channel-id=FifastbLive&Contentid=3000000010000011297&livemode=1&stbId=3
咪咕直播-28,http://gslbserv.itv.cmvideo.cn:80/3000000010000011518/index.m3u8?channel-id=FifastbLive&Contentid=3000000010000011518&livemode=1&stbId=3
咪咕直播-29,http://gslbserv.itv.cmvideo.cn:80/3000000010000011763/index.m3u8?channel-id=FifastbLive&Contentid=3000000010000011763&livemode=1&stbId=3
咪咕直播-30,http://gslbserv.itv.cmvideo.cn:80/3000000010000011873/index.m3u8?channel-id=FifastbLive&Contentid=3000000010000011873&livemode=1&stbId=3
咪咕直播-31,http://gslbserv.itv.cmvideo.cn:80/3000000010000012398/index.m3u8?channel-id=FifastbLive&Contentid=3000000010000012398&livemode=1&stbId=3
咪咕直播-32,http://gslbserv.itv.cmvideo.cn:80/3000000010000012450/index.m3u8?channel-id=FifastbLive&Contentid=3000000010000012450&livemode=1&stbId=3
咪咕直播-33,http://gslbserv.itv.cmvideo.cn:80/3000000010000012558/index.m3u8?channel-id=FifastbLive&Contentid=3000000010000012558&livemode=1&stbId=3
咪咕直播-34,http://gslbserv.itv.cmvideo.cn:80/3000000010000012616/index.m3u8?channel-id=FifastbLive&Contentid=3000000010000012616&livemode=1&stbId=3
咪咕直播-35,http://gslbserv.itv.cmvideo.cn:80/3000000010000015470/index.m3u8?channel-id=FifastbLive&Contentid=3000000010000015470&livemode=1&stbId=3
咪咕直播-36,http://gslbserv.itv.cmvideo.cn:80/3000000010000015560/index.m3u8?channel-id=FifastbLive&Contentid=3000000010000015560&livemode=1&stbId=3
咪咕直播-37,http://gslbserv.itv.cmvideo.cn:80/3000000010000017389/index.m3u8?channel-id=FifastbLive&Contentid=3000000010000017389&livemode=1&stbId=3
咪咕直播-38,http://gslbserv.itv.cmvideo.cn:80/3000000010000017678/index.m3u8?channel-id=FifastbLive&Contentid=3000000010000017678&livemode=1&stbId=3
咪咕直播-39,http://gslbserv.itv.cmvideo.cn:80/3000000010000017997/index.m3u8?channel-id=FifastbLive&Contentid=3000000010000017997&livemode=1&stbId=3
咪咕直播-40,http://gslbserv.itv.cmvideo.cn:80/3000000010000019380/index.m3u8?channel-id=FifastbLive&Contentid=3000000010000019380&livemode=1&stbId=3
咪咕直播-41,http://gslbserv.itv.cmvideo.cn:80/3000000010000019839/index.m3u8?channel-id=FifastbLive&Contentid=3000000010000019839&livemode=1&stbId=3
咪咕直播-42,http://gslbserv.itv.cmvideo.cn:80/3000000010000020168/index.m3u8?channel-id=FifastbLive&Contentid=3000000010000020168&livemode=1&stbId=3
咪咕直播-43,http://gslbserv.itv.cmvideo.cn:80/3000000010000021904/index.m3u8?channel-id=FifastbLive&Contentid=3000000010000021904&livemode=1&stbId=3
咪咕直播-44,http://gslbserv.itv.cmvideo.cn:80/3000000010000023434/index.m3u8?channel-id=FifastbLive&Contentid=3000000010000023434&livemode=1&stbId=3
咪咕直播-45,http://gslbserv.itv.cmvideo.cn:80/3000000010000024205/index.m3u8?channel-id=FifastbLive&Contentid=3000000010000024205&livemode=1&stbId=3
咪咕直播-46,http://gslbserv.itv.cmvideo.cn:80/3000000010000024691/index.m3u8?channel-id=FifastbLive&Contentid=3000000010000024691&livemode=1&stbId=3
咪咕直播-47,http://gslbserv.itv.cmvideo.cn:80/3000000010000025380/index.m3u8?channel-id=FifastbLive&Contentid=3000000010000025380&livemode=1&stbId=3
咪咕直播-48,http://gslbserv.itv.cmvideo.cn:80/3000000010000025943/index.m3u8?channel-id=FifastbLive&Contentid=3000000010000025943&livemode=1&stbId=3
咪咕直播-49,http://gslbserv.itv.cmvideo.cn:80/3000000010000027318/index.m3u8?channel-id=FifastbLive&Contentid=3000000010000027318&livemode=1&stbId=3
咪咕直播-50,http://gslbserv.itv.cmvideo.cn:80/3000000010000027638/index.m3u8?channel-id=FifastbLive&Contentid=3000000010000027638&livemode=1&stbId=3
咪咕直播-51,http://gslbserv.itv.cmvideo.cn:80/3000000010000027691/index.m3u8?channel-id=FifastbLive&Contentid=3000000010000027691&livemode=1&stbId=3
咪咕直播-52,http://gslbserv.itv.cmvideo.cn:80/3000000010000031669/index.m3u8?channel-id=FifastbLive&Contentid=3000000010000031669&livemode=1&stbId=3
咪咕直播-53,http://gslbserv.itv.cmvideo.cn:80/3000000010000032106/index.m3u8?channel-id=FifastbLive&Contentid=3000000010000032106&livemode=1&stbId=3
三立INEWS,https://raw.githubusercontent.com/ChiSheng9/iptv/master/TV01.m3u8
东森财经新闻,https://raw.githubusercontent.com/ChiSheng9/iptv/master/TV03.m3u8
运通财经,https://raw.githubusercontent.com/ChiSheng9/iptv/master/TV06.m3u8
信大,https://raw.githubusercontent.com/ChiSheng9/iptv/master/TV07.m3u8
DW NEWS,https://raw.githubusercontent.com/ChiSheng9/iptv/master/TV08.m3u8
中视新闻,https://raw.githubusercontent.com/ChiSheng9/iptv/master/TV09.m3u8
K-POP,https://raw.githubusercontent.com/ChiSheng9/iptv/master/TV16.m3u8
ABC NEWS,https://raw.githubusercontent.com/ChiSheng9/iptv/master/TV24.m3u8
台视新闻,https://raw.githubusercontent.com/ChiSheng9/iptv/master/TV25.m3u8
天才冲冲冲「综艺」,https://raw.githubusercontent.com/ChiSheng9/iptv/master/TV26.m3u8
ASTRO AWANI,https://raw.githubusercontent.com/ChiSheng9/iptv/master/TV27.m3u8
Tokyo Shibuya「东京涩谷」,https://raw.githubusercontent.com/ChiSheng9/iptv/master/TV29.m3u8
大爱,https://raw.githubusercontent.com/ChiSheng9/iptv/master/TV30.m3u8
TVBS网路新闻,https://raw.githubusercontent.com/ChiSheng9/iptv/master/TV31.m3u8
三立NEWS+,https://raw.githubusercontent.com/ChiSheng9/iptv/master/TV32.m3u8
CBN NEWS,https://raw.githubusercontent.com/ChiSheng9/iptv/master/TV33.m3u8
INDIA TODAY,https://raw.githubusercontent.com/ChiSheng9/iptv/master/TV36.m3u8
FRANCE 24,https://raw.githubusercontent.com/ChiSheng9/iptv/master/TV38.m3u8
NBC NEWS,https://raw.githubusercontent.com/ChiSheng9/iptv/master/TV39.m3u8
TBS NEWS,https://raw.githubusercontent.com/ChiSheng9/iptv/master/TV45.m3u8
大爱2,https://raw.githubusercontent.com/ChiSheng9/iptv/master/TV47.m3u8
ANN NEWS,https://raw.githubusercontent.com/ChiSheng9/iptv/master/TV48.m3u8
CNA,https://raw.githubusercontent.com/ChiSheng9/iptv/master/TV52.m3u8
HTB NEWS,https://raw.githubusercontent.com/ChiSheng9/iptv/master/TV53.m3u8
国会频道1,https://raw.githubusercontent.com/ChiSheng9/iptv/master/TV56.m3u8
国会频道2,https://raw.githubusercontent.com/ChiSheng9/iptv/master/TV57.m3u8
123 GO LIVE,https://raw.githubusercontent.com/ChiSheng9/iptv/master/TV58.m3u8
半岛新闻「英语」,https://raw.githubusercontent.com/ChiSheng9/iptv/master/TV59.m3u8
KBS NEWS,https://raw.githubusercontent.com/ChiSheng9/iptv/master/TV61.m3u8
KANSAI NEWS,https://raw.githubusercontent.com/ChiSheng9/iptv/master/TV62.m3u8
东森幼幼歌曲,https://raw.githubusercontent.com/ChiSheng9/iptv/master/TV63.m3u8
小猪佩奇「动画」,https://raw.githubusercontent.com/ChiSheng9/iptv/master/TV64.m3u8
动画1,https://raw.githubusercontent.com/ChiSheng9/iptv/master/TV65.m3u8
动画2,https://raw.githubusercontent.com/ChiSheng9/iptv/master/TV66.m3u8
儿童歌曲1,https://raw.githubusercontent.com/ChiSheng9/iptv/master/TV67.m3u8
儿童歌曲2,https://raw.githubusercontent.com/ChiSheng9/iptv/master/TV68.m3u8
Taiwan+,https://raw.githubusercontent.com/ChiSheng9/iptv/master/TV78.m3u8
Top Hits 2023,https://manifest.googlevideo.com/api/manifest/hls_variant/expire/1701000552/ei/COFiZcvRGIT02roPqOSxmA0/ip/223.16.10.147/id/lVmOUVRDKE8.2/source/yt_live_broadcast/requiressl/yes/hfr/1/playlist_duration/30/manifest_duration/30/maxh/4320/maudio/1/gcr/hk/siu/1/spc/UWF9f83M7303sjCXjsXVE1yQt6ryeowuVCtl8-NPRlO8Ilz8BmdW7Qg/vprv/1/go/1/pacing/0/nvgoi/1/keepalive/yes/fexp/24007246/dover/11/itag/0/playlist_type/DVR/sparams/expire%2Cei%2Cip%2Cid%2Csource%2Crequiressl%2Chfr%2Cplaylist_duration%2Cmanifest_duration%2Cmaxh%2Cmaudio%2Cgcr%2Csiu%2Cspc%2Cvprv%2Cgo%2Citag%2Cplaylist_type/sig/ANLwegAwRQIgOpmfsCPmkYrdJ_goBk8U8MF9DRpywkSihOeA1a49LqwCIQDwE7e9ONbosFmgeV7YGp0_p9BK-aGAjy9A5z3o8vZXhA%3D%3D/file/index.m3u8
香港国际财经,https://hoytv-live-stream.hoy.tv/ch76/index-fhd.m3u8
HOY TV,https://hoytv-live-stream.hoy.tv/ch77/index-fhd.m3u8
HOY 资讯台,https://hoytv-live-stream.hoy.tv/ch78/index-fhd.m3u8
AnimalPlanet,http://198.16.100.90:8278/AnimalPlanet/playlist.m3u8?tid=MC3C3856400538564005&ct=19225&tsum=6255ab9649411a8a70c7cbf2ebd7eb23
Awani,http://198.16.100.90:8278/Awani/playlist.m3u8?tid=MB3B5555835155558351&ct=19225&tsum=148341f2ac3dfc57fd8bb8b2f6e4d190
AXN 台灣,http://50.7.238.114:8278/axn_twn/playlist.m3u8?tid=m1776995e9b3e16458394&ct=17874&tsum=b8a111d0b13c7761ce8b4e8f047adddb
BBC World News,http://50.7.238.114:8278/bbcnews_twn/playlist.m3u8?tid=ME2E9411781394117813&ct=19225&tsum=ffaa2caa60183eec89d730ed80b336d1
BBC1,http://198.16.100.90:8278/bbc1_antik/playlist.m3u8?tid=MF5F6677034466770344&ct=19225&tsum=7620e8a88546352c525938a2dee63a56
BBC2,http://198.16.100.90:8278/bbc2_antik/playlist.m3u8?tid=MA6A4519490645194906&ct=19225&tsum=9b7ac03eed5276fa8bda87e0e8e64ed1
Bloomberg,http://50.7.238.114:8278/bloomberg_twn/playlist.m3u8?tid=MBDB5111864051118640&ct=19254&tsum=20e267ffc313070f5fff457700929457
CBS News,http://50.7.238.114:8278/cbsn_glo/playlist.m3u8?tid=ME2E7003518970035189&ct=19225&tsum=c1cc67ff59df6d6f608a400760be0bda
CNA,http://50.7.238.114:8278/cna/playlist.m3u8?tid=MFAF1272681512726815&ct=19225&tsum=4d6a781648283b1bb018bc5c098432d0
CNBC,http://50.7.238.114:8278/cnbc_twn/playlist.m3u8?tid=MCBC5251518852515188&ct=19254&tsum=37bd48b924a593e126344eae8baec162
ELEVEN 體育1台,http://50.7.238.114:8278/golfchannel_twn/playlist.m3u8?tid=MFBF2798068027980680&ct=18393&tsum=d8204023f67120512c75a8882f121120
EYETV旅遊,http://50.7.238.114:8278/eyetvtravel_twn/playlist.m3u8?tid=MFDF5066608450666084&ct=19254&tsum=0bb4cbfc0d32bff89ab5b3a5352fcf94
EYETV戲劇,http://50.7.238.114:8278/eyetvxiju_twn/playlist.m3u8?tid=ME3E6686724066867240&ct=19254&tsum=728fc49fcd53cd770381ffd87883b1d1
EYETV戲劇,http://198.16.100.90:8278/eyetvxiju_twn/playlist.m3u8?tid=m379e8846d31b14432367&ct=17874&tsum=2c4c2acd16a5a5e00797ad6f4c4cb586
GOODTVCH02真理台,http://198.16.100.90:8278/good2_twn/playlist.m3u8?tid=ME9E3966510439665104&ct=19225&tsum=a2788b2ccea04a8a8082d663fb7838e5
M-BBCLifestyle,http://198.16.100.90:8278/bbclifestyle_twn/playlist.m3u8?tid=MFCF4299842642998426&ct=19225&tsum=d9cac5a62e5c33574ac9c3e860e01623
M--SkyZ,http://198.16.100.90:8278/skynews_antik/playlist.m3u8?tid=MA7A8995522289955222&ct=19225&tsum=017cd1040a70d579955560a0c550c0f2
MusicTV,http://198.16.100.90:8278/MusicTV/playlist.m3u8?tid=MFEF2771586927715869&ct=19225&tsum=25aeb843227531bfab3d9fde062323b2
RHK31,http://50.7.238.114:8278/rhk31_twn/playlist.m3u8?tid=MA6A6225600662256006&ct=19249&tsum=7b0adccccff4fded44e906e9d848ee35
RHK32,http://50.7.238.114:8278/rhk32_twn/playlist.m3u8?tid=MDBD4704174447041744&ct=19249&tsum=763ebe53fc33677d02ebf83b4d558d33
RTHK32,http://198.16.100.90:8278/rhk32_twn/playlist.m3u8?tid=MBCB4455322944553229&ct=19226&tsum=60bac13753ada5abc8873783d6611ebd
SkySportsCricket,http://198.16.100.90:8278/tiankongcricket/playlist.m3u8?tid=MF0F2840305428403054&ct=19225&tsum=b212d3a5e0f928f816ba4653a3b31f6d
TLC旅遊生活,http://198.16.100.90:8278/tlc_twn/playlist.m3u8?tid=MA0A5904082259040822&ct=19226&tsum=8fa7deead1d4b260825af15bc7378132
TV8,http://198.16.100.90:8278/TV8/playlist.m3u8?tid=MDFD8437455184374551&ct=19225&tsum=ea08ca3d3651a75f499af2fc429eee35
TVB J2,http://50.7.238.114:8278/j2_twn/playlist.m3u8?tid=MA8A1176878411768784&ct=19225&tsum=fea41bb592165942b9971148376f8b70
阿里郎 Arirang,http://50.7.238.114:8278/arirang_twn/playlist.m3u8?tid=MF5F3988861839888618&ct=19249&tsum=781d490a6abe9f48f5b93e211cbe0307
愛爾達體育1台,http://50.7.238.114:8278/eltasport_twn/playlist.m3u8?tid=md3567b35401611916221&ct=17874&tsum=be2a069324faa7f0737ca0d396d43745
愛爾達體育1台,http://198.16.100.90:8278/eltasport_twn/playlist.m3u8?tid=md3567b35401611916221&ct=17874&tsum=be2a069324faa7f0737ca0d396d43745
愛爾達體育1台,http://198.16.100.90:8278/eltasport_twn/playlist.m3u8?tid=MF1F8884668388846683&ct=19249&tsum=b676f636b8ef285596dc6512fc4659d4
愛爾達體育2,http://50.7.238.114:8278/eltasport2_twn/playlist.m3u8?tid=ME3E4844502848445028&ct=19317&tsum=035fc643389fcb4a6bf124bca1248aab
愛爾達體育2台,http://198.16.100.90:8278/eltasport_twn/playlist.m3u8?tid=MB5B8133126081331260&ct=19225&tsum=5cb9d121709b107014d31cf856f3572e
愛爾達體育2台,http://198.16.100.90:8278/eltasport2_twn/playlist.m3u8?tid=MB2B3966739039667390&ct=19249&tsum=20bdbd3a22909e8d89aabe7a923c8c5b
八大第一台,http://50.7.238.114:8278/badafirst/playlist.m3u8?tid=mb8efded78b4e12042621&ct=17874&tsum=028ad819cd9a0f949a043d652fa3e164
八大戲劇,http://198.16.100.90:8278/badadrama/playlist.m3u8?tid=m4970c4e1b988&ct=18335&tsum=20cb1d15d4e116ab9e44edb542cf51a5
八大戲劇,http://198.16.100.90:8278/badadrama/playlist.m3u8?tid=m4a65d3abd9ee13871929&ct=17924&tsum=8e5ef501e42d00cdc6a761ca3dc693d8
八大綜合,http://50.7.238.114:8278/badazhonghe/playlist.m3u8?ct=19225&tid=MC7C4692263546922635&tsum=ffdc7a6397b511103e0df0b92e678790
八大綜合,http://198.16.100.90:8278/badazhonghe/playlist.m3u8?tid=mfb8d64b6276514171054&ct=17874&tsum=a87466c997089ea7dce98cd17301667d
博斯高球1,http://198.16.100.90:8278/bosigolf1_twn/playlist.m3u8?tid=m51c41c232c43&ct=18335&tsum=26e2e08302bf0409db94a692921fa08b
博斯高球2,http://50.7.238.114:8278/bosigolf2_twn/playlist.m3u8?tid=MC1C7192072371920723&ct=19249&tsum=fbea99cd84e7284f2cd3f8eab29435dc
博斯魅力,http://50.7.238.114:8278/bosisport1_twn/playlist.m3u8?tid=MCEC3596356835963568&ct=19234&tsum=b4f0f6248548de66e4ff5d230c130d1a
博斯網球,http://50.7.238.114:8278/bositennis_twn/playlist.m3u8?tid=m60f4fd9da4d1&ct=18335&tsum=4d026bfb332da29886aa772f2e149edb
博斯網球,http://198.16.100.90:8278/bositennis_twn/playlist.m3u8?tid=MA9A5922328659223286&ct=19225&tsum=c83f112dbae37be6d20618138fddcf77
博斯網球,http://198.16.100.90:8278/bositennis_twn/playlist.m3u8?tid=m60f4fd9da4d1&ct=18335&tsum=4d026bfb332da29886aa772f2e149edb
博斯運動2,http://198.16.100.90:8278/bosisport2_twn/playlist.m3u8?tid=mb50f39eebf51&ct=18335&tsum=4f8960c36a3e7f2b069d574293809283
博斯運動2,http://198.16.100.90:8278/bosisport2_twn/playlist.m3u8?tid=ME9E7698135376981353&ct=19249&tsum=9eadcc8585f74357f09f1465844024c9
東森LIVE,http://198.16.100.90:8278/ettvnews/playlist.m3u8?ct=19225&tid=MAEA2793211727932117&tsum=151345e2ab6bc0c89ac85598f1988cd3
星河台,http://198.16.100.90:8278/tvbxinhe_twn/playlist.m3u8?tid=ME2E8352893183528931&ct=19225&tsum=5f852c878e02000708a055c6b08a9405
國家地理野生,http://50.7.238.114:8278/natgeowild_twn/playlist.m3u8?tid=mc9d789e8a1bb12836354&ct=17877&tsum=82c5ce1596dc364c112c79b239c3f5e8
國家地理野生,http://198.16.100.90:8278/natgeowild_twn/playlist.m3u8?tid=mc9d789e8a1bb12836354&ct=17877&tsum=82c5ce1596dc364c112c79b239c3f5e8
好萊塢電影,http://198.16.100.90:8278/hollywoodmovies_twn/playlist.m3u8?tid=MECE5611281156112811&ct=19225&tsum=ad8884ee16b04f885f24bae98fc5fb9f
好萊塢電影,http://198.16.100.90:8278/hollywoodmovies_twn/playlist.m3u8?tid=MF6F7143280071432800&ct=19211&tsum=c0bc00f05a03eb1bef16741e9fd9737e
靖天國際台,http://50.7.238.114:8278/jingtianintl_twn/playlist.m3u8?tid=MC7C4153806141538061&ct=19254&tsum=79854f3ccdc23693ea39da52af54d35b
靖天國際台,http://198.16.100.90:8278/jingtianintl_twn/playlist.m3u8?tid=ME4E7632479576324795&ct=19226&tsum=9922eeed6392b21e1710ba791cc599d6
靖天卡通,http://198.16.100.90:8278/jingtiancartoon_twn/playlist.m3u8?tid=m1465dab025b5&ct=18335&tsum=ba935e583d90bfbe1d1d9662e9ac600c
靖天卡通,http://50.7.238.114:8278/jingtiancartoon_twn/playlist.m3u8?tid=m1465dab025b5&ct=18335&tsum=ba935e583d90bfbe1d1d9662e9ac600c
美亞電影,http://198.16.100.90:8278/meiyamovie_twn/playlist.m3u8?tid=mcfe3e109029013892155&ct=17874&tsum=164baeda6ab6c4160f2775128cfc6f4e
民視臺灣,http://50.7.238.114:8278/ftvtaiwan_twn/playlist.m3u8?tid=MDFD8196635981966359&ct=19226&tsum=b82639ac8b4590b4206effe348e2f9c2
三立戏剧台,http://198.16.100.90:8278/sanlixiju_twn/playlist.m3u8?tid=MCFC5174201151742011&ct=19193&tsum=27477ddeec029345da276c2c903f09c2
三立戏剧台,http://198.16.100.90:8278/sanlixiju_twn/playlist.m3u8?tid=MA8A4626080046260800&ct=19053&tsum=205a453781925ebfb8996c1db8d4ed59
時尚台FTV,http://50.7.238.114:8278/fashiontv_twn/playlist.m3u8?tid=ma97f669e7343&ct=18335&tsum=732ba26aa334bf6c1fad8812deda83d1
時尚台FTV,http://198.16.100.90:8278/fashiontv_twn/playlist.m3u8?tid=ma97f669e7343&ct=18335&tsum=732ba26aa334bf6c1fad8812deda83d1
時尚台FTV,http://198.16.100.90:8278/fashiontv_twn/playlist.m3u8?tid=MABA6457047364570473&ct=18393&tsum=82840dc94ca1ecca47ac4c26d3ee4afc
探索動力,http://50.7.238.114:8278/discoveryturbo_twn/playlist.m3u8?tid=m33a70bc8259c12219783&ct=17877&tsum=b8470668b7a41d6b15a90b7aa43b3279
探索動力,http://198.16.100.90:8278/discoveryturbo_twn/playlist.m3u8?tid=MECE3122352031223520&ct=18393&tsum=66f49d6631e9a76ea563d20a25e0bd4c
探索動力DMAX,http://198.16.100.90:8278/discoveryturbo_twn/playlist.m3u8?tid=MD5D5964869459648694&ct=19225&tsum=a21251b62069dff5c52601a3e4bc4a6d
探索頻道,http://50.7.238.114:8278/ba86fcd935/playlist.m3u8?tid=m1b458a366fcb&ct=18335&tsum=6ee1498a5e37d8bd1e3f62954629ed4f
探索頻道,http://198.16.100.90:8278/ba86fcd935/playlist.m3u8?tid=m1b458a366fcb&ct=18335&tsum=6ee1498a5e37d8bd1e3f62954629ed4f
探索亞洲,http://198.16.100.90:8278/discoverytwn_twn/playlist.m3u8?tid=m42a2d91d6f2413622196&ct=17874&tsum=3653c4c61f0a0443dbb256dc465b4715
探索亞洲,http://198.16.100.90:8278/discoverytwn_twn/playlist.m3u8?tid=MAAA4463833744638337&ct=18393&tsum=c4bd4c633430327425e073012785525e
緯來日本,http://50.7.238.114:8278/videolandjapan/playlist.m3u8?tid=MBAB7250273772502737&ct=19344&tsum=2b580b485643235654de4a1bbc9639cb
衛視中文,http://50.7.238.114:8278/weishichinese_twn/playlist.m3u8?ct=19226&tid=MA8A7894022878940228&tsum=c0323ce59263e0096d4181626874e17c
衛視中文台,http://198.16.100.90:8278/weishichinese_twn/playlist.m3u8?tid=MB7B8325601583256015&ct=19249&tsum=88f84634240050b869fbbe8cfeb43cc7
中視經典,http://50.7.238.114:8278/zhongshi_twn/playlist.m3u8?tid=14379667&ct=17988&tsum=de63d02f44741580b5070077d1949841
中視經典,http://198.16.100.90:8278/zhongshi_twn/playlist.m3u8?tid=14379667&ct=17988&tsum=de63d02f44741580b5070077d1949841
中視經典,http://198.16.100.90:8278/zhongshi_twn/playlist.m3u8?tid=mffe9aaf8765f&ct=18335&tsum=bcdd7a2ce4a5498b1449cb26a01150c0
中天娛樂,http://50.7.238.114:8278/ctient/playlist.m3u8?tid=MDED1780059017800590&ct=19226&tsum=4d05ea700aa8fd436b51ce703680e674
中天娛樂,http://198.16.100.90:8278/ctient/playlist.m3u8?tid=MDED1780059017800590&ct=19226&tsum=4d05ea700aa8fd436b51ce703680e674
中天娛樂,http://198.16.100.90:8278/ctient/playlist.m3u8?tid=m6780c60bd34a13540795&ct=17874&tsum=06089e289a460b0685447b7656d550e3
中天綜合,http://198.16.100.90:8278/ctizhonghe/playlist.m3u8?tid=m85005aeec85b14021104&ct=17874&tsum=69f19f4b12ab79d2ee683b28cdb1c8ca
「虎牙」英雄联盟-1,https://yang-1989.eu.org/live/huya/660000
「虎牙」英雄联盟-2,https://yang-1989.eu.org/live/huya/660001
「斗鱼」英雄联盟-3,https://yang-1989.eu.org/live/douyu/288016
「斗鱼」英雄联盟-4,https://yang-1989.eu.org/live/douyu/705690
「虎牙」王者荣耀-1,https://yang-1989.eu.org/live/huya/660002
「虎牙」王者荣耀-2,https://yang-1989.eu.org/live/huya/660164
「斗鱼」王者荣耀-3,https://yang-1989.eu.org/live/douyu/1863767
「斗鱼」王者荣耀-4,https://yang-1989.eu.org/live/douyu/1984839
「斗鱼」王者荣耀-5,https://yang-1989.eu.org/live/douyu/2045445
「斗鱼」王者荣耀-6,https://yang-1989.eu.org/live/douyu/3606468
「斗鱼」王者荣耀-♀,https://yang-1989.eu.org/live/douyu/667319
「虎牙」绝地求生-1,https://yang-1989.eu.org/live/huya/660004
「虎牙」绝地求生-2,https://yang-1989.eu.org/live/huya/660005
「虎牙」绝地求生-3,https://yang-1989.eu.org/live/huya/660136
「斗鱼」绝地求生-4,https://yang-1989.eu.org/live/douyu/100
「虎牙」和平精英-1,https://yang-1989.eu.org/live/huya/660006
「斗鱼」和平精英-2,https://yang-1989.eu.org/live/douyu/999
「虎牙」金铲铲之战-1,https://yang-1989.eu.org/live/huya/660579
「斗鱼」金铲铲之战-2,https://yang-1989.eu.org/live/douyu/9715241
「虎牙」CSGO,https://yang-1989.eu.org/live/huya/eslcsgo
「虎牙」DOTA2-1,https://yang-1989.eu.org/live/huya/660118
「斗鱼」DOTA2-2,https://yang-1989.eu.org/live/douyu/30
「斗鱼」云顶之弈,https://yang-1989.eu.org/live/douyu/522423
「虎牙」永劫无间,https://yang-1989.eu.org/live/huya/660115
「虎牙」使命召唤·手游-1,https://yang-1989.eu.org/live/huya/11718629
「斗鱼」使命召唤·手游-2,https://yang-1989.eu.org/live/douyu/9223245
「虎牙」穿越火线-1,https://yang-1989.eu.org/live/huya/660101
「斗鱼」穿越火线-2,https://yang-1989.eu.org/live/douyu/605964
「斗鱼」穿越火线-3,https://yang-1989.eu.org/live/douyu/5388537
「虎牙」穿越火线·手游,https://yang-1989.eu.org/live/huya/660102
「虎牙」第五人格-1,https://yang-1989.eu.org/live/huya/idvesports
「斗鱼」第五人格-2,https://yang-1989.eu.org/live/douyu/3226194
「斗鱼」第五人格-3,https://yang-1989.eu.org/live/douyu/11030737
「虎牙」逆战,https://yang-1989.eu.org/live/huya/nsl2021
「斗鱼」原神,https://yang-1989.eu.org/live/douyu/10853239
「斗鱼」QQ飞车·手游,https://yang-1989.eu.org/live/douyu/5040227
「虎牙」无畏契约-1,https://yang-1989.eu.org/live/huya/660679
「斗鱼」无畏契约-2,https://yang-1989.eu.org/live/douyu/4585645
「斗鱼」JJ斗地主,https://yang-1989.eu.org/live/douyu/488743
「斗鱼」我的世界,https://yang-1989.eu.org/live/douyu/738878
「斗鱼」FIFA,https://yang-1989.eu.org/live/douyu/7692166
「斗鱼」火影忍者,https://yang-1989.eu.org/live/douyu/1997723
「斗鱼」跑跑卡丁车,https://yang-1989.eu.org/live/douyu/7722576
「斗鱼」跑跑卡丁车·手游,https://yang-1989.eu.org/live/douyu/6672862
穿越火线,http://tc-tct.douyucdn2.cn/dyliveflv1/605964rzzgGEOZHr.flv?wsAuth=%2A%2A%2A&token=%2A%2A%2A&logo=0&expire=%2A%2A%2A&did=d010b07dcb997ada9934081c873542f0&origin=tct&vhost=play1
和平精英·手游,http://tc-tct.douyucdn2.cn/dyliveflv1/999rx47n2pp8pKD_2000.flv?wsAuth=%2A%2A%2A&token=%2A%2A%2A&logo=0&expire=%2A%2A%2A&did=d010b07dcb997ada9934081c873542f0&origin=tct&vhost=play1
梦幻西游·手游,http://tc-tct.douyucdn2.cn/dyliveflv1/9163712rMgvzHPS8.flv?wsAuth=%2A%2A%2A&token=%2A%2A%2A&logo=0&expire=%2A%2A%2A&did=d010b07dcb997ada9934081c873542f0&origin=tct&vhost=play1
跑跑卡丁车,http://tc-tct.douyucdn2.cn/dyliveflv1/7722576rWHyhVf6Z_2000.flv?wsAuth=%2A%2A%2A&token=%2A%2A%2A&logo=0&expire=%2A%2A%2A&did=d010b07dcb997ada9934081c873542f0&origin=tct&vhost=play1
CSGO,http://tc-tct.douyucdn2.cn/dyliveflv1/601514rYyuBBDiJK_2000.flv?wsAuth=%2A%2A%2A&token=%2A%2A%2A&logo=0&expire=%2A%2A%2A&did=d010b07dcb997ada9934081c873542f0&origin=tct&vhost=play1
JJ斗地主,http://tc-tct.douyucdn2.cn/dyliveflv1a/488743rAHScWyyII_2000.flv?wsAuth=%2A%2A%2A&token=%2A%2A%2A&logo=0&expire=%2A%2A%2A&did=d010b07dcb997ada9934081c873542f0&origin=tct&vhost=play2
云顶之弈,http://tc-tct.douyucdn2.cn/dyliveflv1/522423rw7NgKaYl9_2000p.flv?wsAuth=%2A%2A%2A&token=%2A%2A%2A&logo=0&expire=%2A%2A%2A&did=d010b07dcb997ada9934081c873542f0&origin=tct&vhost=play1
QQ飞车·手游,http://tc-tct.douyucdn2.cn/dyliveflv1a/5040227raXQRnvWY_2000.flv?wsAuth=%2A%2A%2A&token=%2A%2A%2A&logo=0&expire=%2A%2A%2A&did=d010b07dcb997ada9934081c873542f0&origin=tct&vhost=play2
狼人杀,http://tc-tct.douyucdn2.cn/dyliveflv1/4615959rUFUtiJ3v.flv?wsAuth=%2A%2A%2A&token=%2A%2A%2A&logo=0&expire=%2A%2A%2A&did=d010b07dcb997ada9934081c873542f0&origin=tct&vhost=play1
CF·手游,http://tc-tct.douyucdn2.cn/dyliveflv1/868191rjy69PsEAz_2000.flv?wsAuth=%2A%2A%2A&token=%2A%2A%2A&logo=0&expire=%2A%2A%2A&did=d010b07dcb997ada9934081c873542f0&origin=tct&vhost=play1
王者荣耀,http://tc-tct.douyucdn2.cn/dyliveflv1a/1863767rkpl2_2000p.flv?wsAuth=%2A%2A%2A&token=%2A%2A%2A&logo=0&expire=%2A%2A%2A&did=d010b07dcb997ada9934081c873542f0&origin=tct&vhost=play2
第五人格,http://tc-tct.douyucdn2.cn/dyliveflv1a/3226194r73pCQamR_2000.flv?wsAuth=%2A%2A%2A&token=%2A%2A%2A&logo=0&expire=%2A%2A%2A&did=d010b07dcb997ada9934081c873542f0&origin=tct&vhost=play2
跑跑卡丁车·手游,http://tc-tct.douyucdn2.cn/dyliveflv1a/6672862r90xSwiRP_2000.flv?wsAuth=%2A%2A%2A&token=%2A%2A%2A&logo=0&expire=%2A%2A%2A&did=d010b07dcb997ada9934081c873542f0&origin=tct&vhost=play2
永劫无间,http://tc-tct.douyucdn2.cn/dyliveflv1a/9662891rlaeIAP3A_2000.flv?wsAuth=%2A%2A%2A&token=%2A%2A%2A&logo=0&expire=%2A%2A%2A&did=d010b07dcb997ada9934081c873542f0&origin=tct&vhost=play2
未知电影之旅「IPV6」,http://[2409:8087:2001:20:2800:0:df6e:eb04]:80/PLTV/1/224/3221230435/1.m3u8
欢快集体舞蹈「IPV6」,http://[2409:8087:2001:20:2800:0:df6e:eb27]:80/PLTV/1/224/3221231236/1.m3u8
享受文学声音「IPV6」,http://[2409:8087:2001:20:2800:0:df6e:eb22]:80/PLTV/1/224/3221231174/1.m3u8
LOL 全球总决赛「S13」,https://tv.iill.top//bilibili/10
村AB·贵州,https://yang-1989.eu.org/live/huya/17455052
斯诺克-1,https://yang-1989.eu.org/live/huya/880214
斯诺克-2,https://yang-1989.eu.org/live/huya/880625
UFC,https://yang-1989.eu.org/live/huya/880223
Deluxe Lounge HD「自然」,https://d46c0ebf9ef94053848fdd7b1f2f6b90.mediatailor.eu-central-1.amazonaws.com/v1/master/81bfcafb76f9c947b24574657a9ce7fe14ad75c0/live-prod/9a087b26-8be4-11eb-a7de-bacfe1f83627/0/master.m3u8?country=DE&optout=0&uid=749544ec3d9a45d48c600d03cac91dfd&vendor=philips&checkedby%3Aiptvcat.com=
Red Bull TV「体育」,http://rbmn-live.akamaized.net/hls/live/590964/BoRB-AT/master_6660.m3u8
广东4k,http://113.117.74.17:8081/hls/145/index.m3u8
广东经济科教,http://113.117.74.17:8081/hls/66/index.m3u8
「HK」J2,http://r.jdshipin.com/ndGgS
「HK」J2,http://r.jdshipin.com/Nr5jq
「HK」无线财经体育资讯台,https://tv.iill.top/tvb/6
「HK」事件直播頻道1,https://tv.iill.top/tvb/8
「HK」事件直播頻道2,https://tv.iill.top/tvb/10
「HK」凤凰香港,http://113.117.74.18:8081/hls/38/index.m3u8
「HK」星河台,http://113.117.74.17:8081/hls/135/index.m3u8
「MO」澳门莲花,https://p.ggiptv.com/v/macaulotustv.php
大爱2,https://pulltv2.wanfudaluye.com/live/tv2.m3u8
大立电视,http://www.dalitv.com.tw:4568/live/dali/index.m3u8
东森美洲,http://38.64.72.148:80/hls/modn/list/2015/chunklist0.m3u8
番薯台,http://61.216.67.119:1935/TWHG/E1/chunklist_w7058102.m3u8
华语电视,http://38.64.72.148:80/hls/modn/list/4002/chunklist0.m3u8
华语电视,http://38.64.72.148:80/hls/modn/list/4003/chunklist0.m3u8
台视新闻,http://38.64.72.148/hls/modn/list/4013/chunklist0.m3u8
TVBS亚洲,http://38.64.72.148/hls/modn/list/4005/chunklist1.m3u8
人间卫视,http://61.216.67.119:1935/bltvhd/bltv1/chunklist_w1266569526.m3u8
音乐石榴,https://yang-1989.eu.org/live/huya/17091681
治愈•放松,https://yang-1989.eu.org/live/huya/21241811
新歌速递,https://yang-1989.eu.org/live/huya/19439762
阅读•学习,https://yang-1989.eu.org/live/huya/21241813
PMC,https://hls.pmchd.live/hls/stream.m3u8
Retro,http://stream.mediawork.cz/retrotv/retrotvHQ1/playlist.m3u8
M2,http://live.m2.tv/hls3/stream.m3u8
Sexy K-Pop,https://srv1.zcast.com.br/kpoptv/kpoptv/.m3u8
Vibee,http://de1se01.v2beat.live/chunks.m3u8
Wanasah,https://shls-wanasah-prod-dub.shahid.net/out/v1/c84ef3128e564b74a6a796e8b6287de6/index.m3u8
Music Top,http://live-edge01.telecentro.net.ar/live/msctphd-720/playlist.m3u8
MTV Biggest Pop,http://pluto-live.plutotv.net/egress/chandler/pluto01/live/VIACBS02/master_2400.m3u8
MTV Spankin,http://pluto-live.plutotv.net/egress/chandler/pluto01/live/VIACBS07/master.m3u8
MTV WMA,http://pluto-live.plutotv.net/egress/chandler/pluto01/live/VIACBS08/master.m3u8
MTV Yo!,http://pluto-live.plutotv.net/egress/chandler/pluto01/live/VIACBS01/master.m3u8#EXTINF:-1%20group-title=%22%E5%B9%BF%E6%92%AD%22%20tvg-logo=%22https://live.fanmingming.com/radio/988.png%22,988%E5%8F%8B%E5%A3%B0%E6%9C%89%E8%89%B2
Al Jazeera,http://tunein.ord.streamguys1.com/secure-aljazeera-english
Alternative Hits,http://rfcmedia.streamguys1.com/alternativehitspremium.mp3
BBC Radio 1,http://as-hls-ww-live.akamaized.net/pool_904/live/ww/bbc_radio_one/bbc_radio_one.isml/bbc_radio_one-audio=320000.m3u8
BBC Radio 1 Dance,https://as-hls-ww-live.akamaized.net/pool_904/live/ww/bbc_radio_one_dance/bbc_radio_one_dance.isml/bbc_radio_one_dance-audio=320000.m3u8
BBC Radio 1 relax,https://as-hls-ww-live.akamaized.net/pool_904/live/ww/bbc_radio_one_relax/bbc_radio_one_relax.isml/bbc_radio_one_relax-audio=320000.m3u8
BBC Radio 1Xtra,http://as-hls-ww-live.akamaized.net/pool_904/live/ww/bbc_1xtra/bbc_1xtra.isml/bbc_1xtra-audio=320000.m3u8
BBC Radio 2,http://as-hls-ww-live.akamaized.net/pool_904/live/ww/bbc_radio_two/bbc_radio_two.isml/bbc_radio_two-audio=320000.m3u8
BBC Radio 3,https://as-hls-ww-live.akamaized.net/pool_904/live/ww/bbc_radio_three/bbc_radio_three.isml/bbc_radio_three-audio=320000.m3u8
BBC Radio 4,http://as-hls-ww-live.akamaized.net/pool_904/live/ww/bbc_radio_fourfm/bbc_radio_fourfm.isml/bbc_radio_fourfm-audio=320000.m3u8
BBC Radio 4 Extra,http://as-hls-ww-live.akamaized.net/pool_904/live/ww/bbc_radio_four_extra/bbc_radio_four_extra.isml/bbc_radio_four_extra-audio=320000.m3u8
BBC Radio 5 live,http://as-hls-ww-live.akamaized.net/pool_904/live/ww/bbc_radio_five_live/bbc_radio_five_live.isml/bbc_radio_five_live-audio=320000.m3u8
BBC Radio 6,https://as-hls-ww-live.akamaized.net/pool_904/live/ww/bbc_6music/bbc_6music.isml/bbc_6music-audio=320000.m3u8
BBC World Service,http://as-hls-ww-live.akamaized.net/pool_904/live/ww/bbc_world_service/bbc_world_service.isml/bbc_world_service-audio=320000.m3u8
Big B Radio - 韩语流行,http://kpop.bigbradio.net/s
Big B Radio - 日语流行,http://jpop.bigbradio.net/s
Big B Radio - 亚洲流行,http://apop.bigbradio.net/s
Big B Radio - 中文流行,http://cpop.bigbradio.net/s
Big Radio,https://stream.hndt.com/live/gudian/playlist.m3u8
CAPITAL 958,https://19183.live.streamtheworld.com/CAPITAL958FM_PREM.aac
CityFM|城市广播,http://fm929.cityfm.tw:8080/929.mp3
CityFM|大苗栗广播,http://fm983.cityfm.tw:8080/983.mp3
CityFM|台北健康,http://fm901.cityfm.tw:8080/901.mp3
CityFM|台南之音,http://fm971.cityfm.tw:8080/971.mp3
CNA 938,https://14033.live.streamtheworld.com/938NOW_PREM.aac
CNR 哈语广播,http://live.xmcdn.com/live/1396/64.m3u8
CNR 大湾区之声,http://ngcdn007.cnr.cn/live/hxzs/index.m3u8
CNR 经典广播,http://ngcdn004.cnr.cn/live/dszs/index.m3u8
CNR 经济之声,http://ngcdn002.cnr.cn/live/jjzs/index.m3u8
CNR 老年之声,http://ngcdn011.cnr.cn/live/lnzs/index.m3u8
CNR民族之声,http://ngcdn009.cnr.cn/live/mzzs/index.m3u8
CNR 神州之声,http://ngcdn006.cnr.cn/live/szzs/index.m3u8
CNR 台海之声,http://ngcdn005.cnr.cn/live/zhzs/index.m3u8
CNR 文艺之声,http://audiows010.cnr.cn/live/wyzs192/playlist.m3u8
CNR 乡村之声,http://ngcdn017.cnr.cn/live/xczs/index.m3u8
CNR 香港之声,http://ngcdn008.cnr.cn/live/xgzs/index.m3u8
CNR 音乐之声,http://ngcdn003.cnr.cn/live/yyzs/index.m3u8
CNR 阅读之声,http://ngcdn014.cnr.cn/live/ylgb/index.m3u8
CNR 中国交通广播,http://ngcdn016.cnr.cn/live/gsgljtgb/index.m3u8
CNR 中国之声,http://ngcdn001.cnr.cn/live/zgzs/index.m3u8
Coffee House,http://rfcmedia.streamguys1.com/coffeehousepremium.mp3
Country Hits,http://rfcmedia.streamguys1.com/countryhitspremium.mp3
Country Roads,http://rfcmedia.streamguys1.com/countryroadspremium.mp3
CRI HIT FM (北京),https://satellitepull.cnr.cn/live/wxgjlxyy/playlist.m3u8
CRI HIT FM (广州),https://satellitepull.cnr.cn/live/wxhitfm/playlist.m3u8
CRI Hit FM FM88.7,http://sk.cri.cn/887.m3u8
CRI 环球信息广播 FM90.5,http://sk.cri.cn/905.m3u8
CRI 华语环球广播,http://sk.cri.cn/hyhq.m3u8
CRI 环球资讯广播,https://satellitepull.cnr.cn/live/wxhqzx01/playlist.m3u8
CRI 南海之声,http://sk.cri.cn/nhzs.m3u8
CRI 轻松调频,http://sk.cri.cn/915.m3u8
CRI 外语教学广播 China Plus Radio,http://sk.cri.cn/am1008.m3u8
CRI 英语环球广播 China Plus Radio,http://sk.cri.cn/am846.m3u8
CRI 粤语国际,http://sk.cri.cn/hxfh.m3u8
Dance One,http://rfcmedia.streamguys1.com/srdanceone.mp3
Disco Beats,http://rfcmedia.streamguys1.com/srdiscobeats.mp3
Eclectic24,https://kcrw.streamguys1.com/kcrw_192k_mp3_on_air
Heart FM 乐动1056,http://starfish.bj.aliyun.006.qingting.fm:8000/shenyangjingdianyinle
Kiss Radio,http://api.kiss.com.tw/test/hichannel2.php?api=2
LOVE 972,https://14033.live.streamtheworld.com/LOVE972FM_PREM.aac
Modern Radio,http://play.redefine.ltd/Stream1/FM1058-1.m3u8
M-Radio全国广播,http://stream.rcs.revma.com/044q61ha7a0uv/hls.m3u8
MY,https://astro1.rastream.com/myfm
My Radio,https://stream.hndt.com/live/yingshi/playlist.m3u8
News98 新闻台,http://stream.rcs.revma.com/55tyxsy4qtzuv
one FM,https://mediaprima.rastream.com/mediaprima-onefm
Pop Hits,http://rfcmedia.streamguys1.com/newpophitspremium.mp3
Relax & Unwind,http://rfcmedia.streamguys1.com/relaxationpremium.mp3
Smooth Jazz,http://rfcmedia.streamguys1.com/smoothjazzpremium.mp3
The Hit List,http://rfcmedia.streamguys1.com/srhitlist.mp3
Today’s Hits,http://rfcmedia.streamguys1.com/MusicPulsePremium.mp3
Today's Country Hits,http://rfcmedia.streamguys1.com/srtodayscountryhits.mp3
VOCALO,https://stream.wbez.org/vocalolinear
WHIZ Radio 海口广播,http://starfish.sz.aliyun.005.qingting.fm:8000/haikouSIMULRADIO
YES 933,https://22393.live.streamtheworld.com/YES933_PREM.aac
阿拉善汉语广播,https://satellitepull.cnr.cn/live/wx32nmgalshygb/playlist.m3u8
阿里郎电台(视频),https://amdlive-ch03-ctnd-com.akamaized.net/arirang_3ch/smil:arirang_3ch.smil/playlist.m3u8
安徽故事广播,https://satellitepull.cnr.cn/live/wxahxspsgb/playlist.m3u8
安徽广播,https://satellitepull.cnr.cn/live/wxahyygb/playlist.m3u8
安徽交通广播,https://satellitepull.cnr.cn/live/wxahjtgb/playlist.m3u8
安徽经济广播,https://satellitepull.cnr.cn/live/wxahjjgb/playlist.m3u8
安徽旅游广播•高速之声,https://satellitepull.cnr.cn/live/wxahlygb/playlist.m3u8
安徽生活广播•城市之声,https://satellitepull.cnr.cn/live/wxahshgb/playlist.m3u8
安徽戏曲广播•动听995,https://satellitepull.cnr.cn/live/wxahxqgb/playlist.m3u8
安徽之声,https://satellitepull.cnr.cn/live/wxahxxgb/playlist.m3u8
北京广播,http://live.xmcdn.com/live/95/64.m3u8
北京经典969,http://live.funhillrm.com/4/sd/live.m3u8
藏语广播,http://ngcdn012.cnr.cn/live/zygb/index.m3u8
潮流音乐台,http://play-radio-stream3.hndt.com/now/Or5au0KN/playlist.m3u8
楚天广播,https://satellitepull.cnr.cn/live/wx32hubctyygb/playlist.m3u8
楚天交通广播,https://satellitepull.cnr.cn/live/wx32hubctjtgb/playlist.m3u8
大象资讯台,https://stream.hndt.com/live/nongcun/playlist.m3u8
电音电台,http://play.redefine.ltd/Stream3/FM1058-3.m3u8
动感音乐台,http://stream3.hndt.com/now/ufjjbZxV/playlist.m3u8
法国国际广播电台,https://rfienchinois64k.ice.infomaniak.ch/rfienchinois-64.mp3
法国国际广播电台,http://rfichinois96k.ice.infomaniak.ch/rfichinois-96k.mp3
房山电台,http://live.funhillrm.com/3/sd/live.m3u8
飞碟电台,http://stream.rcs.revma.com/em90w4aeewzuv
福建东南广播,https://satellitepull.cnr.cn/live/wx32fjdngb/playlist.m3u8
福建都市广播•私家车987,https://satellitepull.cnr.cn/live/wx32fjdndsgb/playlist.m3u8
福建汽车广播,https://satellitepull.cnr.cn/live/wx32fjdnyygb/playlist.m3u8
福州广播,http://live.zohi.tv/audio/s10001-FM893/index.m3u8
福州交通之声,http://live.zohi.tv/audio/s10001-FM876/index.m3u8
福州新闻广播,http://live.zohi.tv/audio/s10001-FM944/index.m3u8
福州左海之声,http://live.zohi.tv/audio/s10001-FM901/index.m3u8
甘肃都市调频,https://satellitepull.cnr.cn/live/wxgsdstb/playlist.m3u8
甘肃经济广播,https://satellitepull.cnr.cn/live/wxgshhzs/playlist.m3u8
格莱美音乐台,http://stream3.hndt.com/now/yorSd1X2/playlist.m3u8
古典音乐台,http://play.redefine.ltd/Stream2/FM1058-2.m3u8
广东广播,http://ls.qingting.fm/live/1260.m3u8
广西北部湾之声,https://satellitepull.cnr.cn/live/wx32gxdwgb/playlist.m3u8
广西广播,https://satellitepull.cnr.cn/live/wx32gxrmgb/playlist.m3u8
广西广播,https://satellitepull.cnr.cn/live/wx32gxwygb/playlist.m3u8
广西交通广播,https://satellitepull.cnr.cn/live/wx32gxjtgb/playlist.m3u8
广西教育广播,https://satellitepull.cnr.cn/live/wx32gbjyshgb/playlist.m3u8
广西经济广播•女主播电台,https://satellitepull.cnr.cn/live/wx32gxjjgb/playlist.m3u8
贵州都市广播,https://satellitepull.cnr.cn/live/wx32gzqcgb/playlist.m3u8
贵州故事广播,https://satellitepull.cnr.cn/live/wx32gzgsgb/playlist.m3u8
贵州广播,https://satellitepull.cnr.cn/live/wx32gzwxwzhgb/playlist.m3u8
贵州广播,https://satellitepull.cnr.cn/live/wx32gzyygb/playlist.m3u8
贵州经济广播,https://satellitepull.cnr.cn/live/wx32gzjjgb/playlist.m3u8
贵州旅游广播,https://satellitepull.cnr.cn/live/wx32gzlygb/playlist.m3u8
国立教育电台,http://wowza.ner.gov.tw/live/_definst_/1/playlist.m3u8
哈萨克语广播,http://ngcdn025.cnr.cn/live/hygb/index.m3u8
海南广播,https://satellitepull.cnr.cn/live/wxhainyygb/playlist.m3u8
河北广播,https://satellitepull.cnr.cn/live/wxhebzhgb/playlist.m3u8
河北广播,https://satellitepull.cnr.cn/live/wxhebyygb/playlist.m3u8
河北交通广播,https://satellitepull.cnr.cn/live/wxhebjtgb/playlist.m3u8
河北经济广播,https://satellitepull.cnr.cn/live/wxhebjjgb/playlist.m3u8
河北生活广播,https://satellitepull.cnr.cn/live/wxhebshgb/playlist.m3u8
河北文艺广播,https://satellitepull.cnr.cn/live/wxhebwygb/playlist.m3u8
河南广播,https://stream.hndt.com/live/yinyue/playlist.m3u8
河南交通广播,https://stream.hndt.com/live/jiaotong/playlist.m3u8
河南教育广播,https://stream.hndt.com/live/jiaoyu/playlist.m3u8
河南经济广播,https://stream.hndt.com/live/jingji/playlist.m3u8
河南戏曲广播,https://stream.hndt.com/live/yule/playlist.m3u8
河南新闻广播,https://stream.hndt.com/live/xinwen/playlist.m3u8
河南信息广播,https://stream.hndt.com/live/leling/playlist.m3u8
黑龙江朝鲜语广播,https://satellitepull.cnr.cn/live/wx32hljcygb/playlist.m3u8
黑龙江都市女性广播,https://satellitepull.cnr.cn/live/wx32hljnxgb/playlist.m3u8
黑龙江高校广播,https://satellitepull.cnr.cn/live/wx32hljgxgb/playlist.m3u8
黑龙江广播,https://satellitepull.cnr.cn/live/wx32hljyygb/playlist.m3u8
黑龙江老年少儿广播•爱家调频,https://satellitepull.cnr.cn/live/wx32hljajgb/playlist.m3u8
呼伦贝尔汉语广播,https://satellitepull.cnr.cn/live/wx32nmghlbehygb/playlist.m3u8
呼伦贝尔蒙语广播,https://satellitepull.cnr.cn/live/wx32nmghlbemygb/playlist.m3u8
湖北城市之声,https://satellitepull.cnr.cn/live/wx32hubjtgb/playlist.m3u8
湖北经典广播,https://satellitepull.cnr.cn/live/wx32hubyygb/playlist.m3u8
湖北亲子广播,https://satellitepull.cnr.cn/live/wx32hubfnetgb/playlist.m3u8
湖北生活广播,https://satellitepull.cnr.cn/live/wx32hubczshgb/playlist.m3u8
湖北之声,https://satellitepull.cnr.cn/live/wx32hubzsgb/playlist.m3u8
湖北资讯广播,https://satellitepull.cnr.cn/live/wx32hubzxgb/playlist.m3u8
湖南文艺广播•摩登音乐台,https://satellitepull.cnr.cn/live/wx32hunwygb/playlist.m3u8
湖南音乐之声•芒果音乐台,http://a.live.hnradio.com/yypd/radio120k_yypd.m3u8?auth_key=%2A%2A%2A
华语金曲500首,http://ls.qingting.fm/live/3412131.m3u8
怀集音乐台,http://live.xmcdn.com:80/live/966/64.m3u8
欢乐调频,http://starfish.bj.aliyun.007.qingting.fm:8000/huanletiaopin
惠州广播,http://stream.hztvmg.com/gbtest2/sd/live.m3u8
惠州广播,http://stream.hztvmg.com/test17/playlist.m3u8
江苏广播,https://satellitepull.cnr.cn/live/wx32jsyygb/playlist.m3u8
江苏文艺广播,https://satellitepull.cnr.cn/live/wx32jswygb/playlist.m3u8
江西都市广播,https://satellitepull.cnr.cn/live/wx32jiangxdsgb/playlist.m3u8
开州之声,http://183.64.174.171:10124/tlgb.m3u8
老歌音乐台,http://live.xmcdn.com:80/live/2628/64.m3u8
辽宁交通广播,https://satellitepull.cnr.cn/live/wxlnjtgb/playlist.m3u8
辽宁经典广播,https://satellitepull.cnr.cn/live/wxlnwygb/playlist.m3u8
辽宁经济广播,https://satellitepull.cnr.cn/live/wxlnjjtb/playlist.m3u8
辽宁乡村广播,https://satellitepull.cnr.cn/live/wxlnxcgb/playlist.m3u8
辽宁之声,https://satellitepull.cnr.cn/live/wxlnzhgb/playlist.m3u8
旅游之声,http://starfish.bj.aliyun.007.qingting.fm:8000/fm98.7lvyouzhisheng
民谣 蓝调,http://play-radio-stream3.hndt.com/now/XWfN89gh/playlist.m3u8
民谣音乐台,http://stream3.hndt.com/now/DTK5qc83/playlist.m3u8
内蒙古经济生活广播,https://satellitepull.cnr.cn/live/wx32nmgjjgb/playlist.m3u8
内蒙古蒙语对外广播草原之声,https://satellitepull.cnr.cn/live/wx32nmgdwgb/playlist.m3u8
内蒙古蒙语新闻广播,https://satellitepull.cnr.cn/live/wx32nmgmygb/playlist.m3u8
内蒙古评书曲艺广播,https://satellitepull.cnr.cn/live/wx32nmgpsqy/playlist.m3u8
内蒙古新闻广播,https://satellitepull.cnr.cn/live/wx32nmghyzhxwgb/playlist.m3u8
宁波广播,http://ihzlh.linker.cc/ihzlh/zjnb_ts02_986.m3u8
宁波交通广播,http://ihzlh.linker.cc/ihzlh/zjnb_ts01_939.m3u8
宁波经济广播,http://ihzlh.linker.cc/ihzlh/zjnb_ts03_1029.m3u8
宁波老少广播•阳光904,http://ihzlh.linker.cc/ihzlh/zjnb_ts05_904.m3u8
宁波新闻广播,http://ihzlh.linker.cc/ihzlh/zjnb_ts04_920.m3u8
宁夏广播,https://satellitepull.cnr.cn/live/wxnxyygb/playlist.m3u8
宁夏经济广播,https://satellitepull.cnr.cn/live/wxnxjjgb/playlist.m3u8
宁夏旅游广播,https://satellitepull.cnr.cn/live/wxnxdsgb/playlist.m3u8
宁夏新闻广播,https://satellitepull.cnr.cn/live/wxnxxwgb/playlist.m3u8
青岛摩登音乐调频,http://video11.qtv.com.cn/zhibo886/manifest.m3u8
青岛音体广播,http://video11.qtv.com.cn/zhiboytgb-sd/manifest.m3u8
青海交通广播,https://satellitepull.cnr.cn/live/wx32qhjtyygb/playlist.m3u8
青海经济广播,https://satellitepull.cnr.cn/live/wx32qhjjgb/playlist.m3u8
青海新闻广播,https://satellitepull.cnr.cn/live/wx32qhwxzhgb/playlist.m3u8
清晨音乐台,http://live.xmcdn.com:80/live/1011/64.m3u8
全国治安交通网,http://stream.pbs.gov.tw:1935/live/mp3:PBS/playlist.m3u8
山东交通广播,https://satellitepull.cnr.cn/live/wxsdjtgb/playlist.m3u8
山东经典广播,https://satellitepull.cnr.cn/live/wxsdshxxgb/playlist.m3u8
山东经济广播,https://satellitepull.cnr.cn/live/wxsdjjgb/playlist.m3u8
山东体育休闲广播,https://satellitepull.cnr.cn/live/wxsdtyxxgb/playlist.m3u8
陕西都市广播•陕广新闻,https://satellitepull.cnr.cn/live/wxsxxdsgb/playlist.m3u8
陕西广播,https://satellitepull.cnr.cn/live/wxsxxyygb/playlist.m3u8
陕西交通广播,https://satellitepull.cnr.cn/live/wxsxxjtgb/playlist.m3u8
陕西经济广播•896汽车调频,https://satellitepull.cnr.cn/live/wxsxxjjgb/playlist.m3u8
陕西农村广播,https://satellitepull.cnr.cn/live/wxsxxncgb/playlist.m3u8
陕西青少广播•好听1055,https://satellitepull.cnr.cn/live/wxsxxqcgb/playlist.m3u8
陕西戏曲广播,https://satellitepull.cnr.cn/live/wxsxxxqgb/playlist.m3u8
陕西新闻广播,https://satellitepull.cnr.cn/live/wxsxxxwgb/playlist.m3u8
上海第一财经广播,https://satellitepull.cnr.cn/live/wx32dycjgb/playlist.m3u8
上海动感101,http://ls.qingting.fm/live/274.m3u8
上海长三角之声,https://satellitepull.cnr.cn/live/wx32dfgbdt/playlist.m3u8
绍兴交通广播,http://live.shaoxing.com.cn/audio/s10001-jt2/index.m3u8
绍兴之声,http://live.shaoxing.com.cn/audio/s10001-xw1/index.m3u8
深圳飞扬971,https://satellitepull.cnr.cn/live/wxszfy971/playlist.m3u8
深圳飞扬音乐台,http://ls.qingting.fm/live/1271.m3u8
私家车999,https://stream.hndt.com/live/sijiache/playlist.m3u8
四川城市之音,https://satellitepull.cnr.cn/live/wxsccszs/playlist.m3u8
四川广播四川之声,https://satellitepull.cnr.cn/live/wxsczhgb/playlist.m3u8
四川交通广播,https://satellitepull.cnr.cn/live/wxscjtgb/playlist.m3u8
四川经济广播,https://satellitepull.cnr.cn/live/wxscjjgb/playlist.m3u8
四川旅游生活广播,https://satellitepull.cnr.cn/live/wxsclyshgb/playlist.m3u8
四川岷江广播,http://ls.qingting.fm/live/1110.m3u8
四川岷江音乐,https://satellitepull.cnr.cn/live/wxscmjyyt/playlist.m3u8
四川私家车广播,https://satellitepull.cnr.cn/live/wxsc925/playlist.m3u8
四川文艺广播,https://satellitepull.cnr.cn/live/wxscwygb/playlist.m3u8
台北广播电台AM1134,https://stream.ginnet.cloud/live0130lo-yfyo/_definst_/am/playlist.m3u8
台北广播电台FM93.1,https://stream.ginnet.cloud/live0130lo-yfyo/_definst_/fm/playlist.m3u8
台北国际小区广播电台,http://live.leanstream.co/ICRTFM-MP3
台湾Lounge Radio音乐电台,http://streaming.radionomy.com/JamendoLounge
台湾古典音乐台,http://59.120.88.155:8000/live.mp3
台中广播电台,http://211.20.119.101:8081
太阳电台,http://211.20.119.102:8081
天津静海区广播•交通广播网,http://starfish.bj.aliyun.001.qingting.fm:8000/jingdianFM1008
天籁古典,http://stream3.hndt.com/now/MdOpB4zP/playlist.m3u8
天籁之音 Hi-Fi Radio,http://play-radio-stream3.hndt.com/now/JxkyN5mR/playlist.m3u8
天籁之音-国风,http://play-radio-stream3.hndt.com/now/UzPxbRaT/playlist.m3u8
维吾尔语广播,http://ngcdn013.cnr.cn/live/wygb/index.m3u8
武汉广播,http://stream.appwuhan.com/yypdzb/sd/live.m3u8
武汉交通广播,http://stream.appwuhan.com/jtpdzb/sd/live.m3u8
武汉经济广播,http://stream.appwuhan.com/cjpdzb/sd/live.m3u8
武汉青少广播•M-radio,http://stream.appwuhan.com/sepdzb/sd/live.m3u8
武汉新闻广播,http://stream.appwuhan.com/xwpdzb/sd/live.m3u8
锡林郭勒汉语广播,https://satellitepull.cnr.cn/live/wx32nmgxlglhygb/playlist.m3u8
心灵音乐馆,http://play-radio-stream3.hndt.com/now/AFqvb0VX/playlist.m3u8
新疆私家车广播,https://satellitepull.cnr.cn/live/wxxjsjcgb/playlist.m3u8
亚洲经典音乐台,http://live.xmcdn.com:80/live/1005/64.m3u8
延边文艺生活广播,https://satellitepull.cnr.cn/live/wxybwyshgb/playlist.m3u8
云南广播,https://satellitepull.cnr.cn/live/wxynyygb/playlist.m3u8
云南国际广播,https://satellitepull.cnr.cn/live/wxynsegb/playlist.m3u8
云南交通之声,https://satellitepull.cnr.cn/live/wxynjtgb/playlist.m3u8
云南教育广播•知道分子频道,https://satellitepull.cnr.cn/live/wxynjygb/playlist.m3u8
云南经济广播•私家车电台,https://satellitepull.cnr.cn/live/wxynjjgb/playlist.m3u8
云南旅游广播•香格里拉之声,https://satellitepull.cnr.cn/live/wxxgllzs/playlist.m3u8
云南民族广播,https://satellitepull.cnr.cn/live/wxynmzgb/playlist.m3u8
云南新闻广播,https://satellitepull.cnr.cn/live/wxynxwgb/playlist.m3u8
长沙城市之声,http://115.238.238.218/zhcs_radio/cszs1017__redirect__20573.m3u8
长沙广播,http://222.186.61.82/zhcs_radio/jjgb886__redirect__20573.m3u8
长沙交通广播,http://115.238.238.218/zhcs_radio/jtgb1061__redirect__20573.m3u8
浙江城市之声,https://satellitepull.cnr.cn/live/wxzjcszs/playlist.m3u8
浙江动听,http://ls.qingting.fm/live/4866.m3u8
浙江交通之声,https://satellitepull.cnr.cn/live/wxzjjtgb/playlist.m3u8
浙江经济广播,https://satellitepull.cnr.cn/live/wxzjjjgb/playlist.m3u8
浙江旅游之声,https://satellitepull.cnr.cn/live/wxzj1045/playlist.m3u8
浙江民生资讯广播,https://satellitepull.cnr.cn/live/wxzjmsgb/playlist.m3u8
浙江音乐调频•动听968,https://satellitepull.cnr.cn/live/wxzj968/playlist.m3u8
浙江之声,https://satellitepull.cnr.cn/live/wxzjzs/playlist.m3u8
正义电台,http://211.20.119.103:8081
中广流行网,http://stream.rcs.revma.com/aw9uqyxy2tzuv
中广新闻网,http://stream.rcs.revma.com/78fm9wyy2tzuv
中广音乐网,http://stream.rcs.revma.com/ks4vsmg3qtzuv
重庆广播,https://satellitepull.cnr.cn/live/wxcqyygb/playlist.m3u8
埋堆堆1,https://yang-1989.eu.org/live/huya/23749096
埋堆堆2,https://yang-1989.eu.org/live/huya/23735126
埋堆堆3,https://yang-1989.eu.org/live/huya/23865152
埋堆堆4,https://yang-1989.eu.org/live/huya/23903196
埋堆堆5,https://yang-1989.eu.org/live/huya/23740156
埋堆堆6,https://yang-1989.eu.org/live/huya/23728660
埋堆堆7,https://yang-1989.eu.org/live/huya/23865058
埋堆堆8,https://yang-1989.eu.org/live/huya/23734183
埋堆堆9,https://yang-1989.eu.org/live/huya/23865036
埋堆堆10,https://yang-1989.eu.org/live/huya/23734246
埋堆堆11,https://yang-1989.eu.org/live/huya/23863796
埋堆堆12,https://yang-1989.eu.org/live/huya/23749083
埋堆堆13,https://yang-1989.eu.org/live/huya/23824164
埋堆堆14,https://yang-1989.eu.org/live/huya/23863804
埋堆堆15,https://yang-1989.eu.org/live/huya/23865142
埋堆堆16,https://yang-1989.eu.org/live/huya/23903183
埋堆堆17,https://yang-1989.eu.org/live/huya/23903130
埋堆堆18,https://yang-1989.eu.org/live/huya/23734169
埋堆堆19,https://yang-1989.eu.org/live/huya/23728674
「动画」茶啊二中,https://yang-1989.eu.org/live/huya/11213191
「解说」大象放映室,https://yang-1989.eu.org/live/huya/21277391
「解说」电视剧,https://yang-1989.eu.org/live/huya/25018873
「解说」电影•1,https://yang-1989.eu.org/live/huya/20289754
「解说」电影•2,https://yang-1989.eu.org/live/huya/24983280
「解说」电影•3,https://yang-1989.eu.org/live/huya/24396428
「解说」动漫•1,https://yang-1989.eu.org/live/huya/19757963
「解说」恐怖电影,https://yang-1989.eu.org/live/huya/23419131
「解说」漫威,https://yang-1989.eu.org/live/huya/17089779
「解说」美剧,https://yang-1989.eu.org/live/huya/20488841
「解说」七龙珠,https://yang-1989.eu.org/live/huya/25650806
「解说」止戈电影,https://yang-1989.eu.org/live/huya/19863777
「录像」 挨饿德•1,https://yang-1989.eu.org/live/huya/20985858
「录像」 挨饿德•2,https://yang-1989.eu.org/live/huya/17693860
「录像」 互扇巴掌大赛,https://yang-1989.eu.org/live/huya/20072873
「录像」 荒野求生,https://yang-1989.eu.org/live/huya/593667
「录像」 野行者,https://yang-1989.eu.org/live/huya/20072663
「轮播」跳舞,https://yang-1989.eu.org/live/huya/24634408
「轮播」乐高大师赛,https://yang-1989.eu.org/live/huya/26355776
「轮播」国产悬疑,https://yang-1989.eu.org/live/huya/11342395
奥特曼,http://bj.new1cloud.com/bdcdncmn3-inter-71edge-com.new1cloud.com/tslive/c57_lb_210_600_t10/c57_lb_210_600_t10.m3u8?key=%2A%2A%2A
「轮播」成龙,http://jxiptv.xn--9kqp7k2rd.com/svip/yy.php?t=34460526
「轮播」电影•1,http://jxiptv.xn--9kqp7k2rd.com/svip/yy.php?t=1353059120
「轮播」哆啦A梦,https://yang-1989.eu.org/live/huya/11601963
「轮播」动漫,http://tc-tct.douyucdn2.cn/dyliveflv1a/206858rtesHKjl.flv?wsAuth=%2A%2A%2A&token=%2A%2A%2A&logo=0&expire=%2A%2A%2A&did=d010b07dcb997ada9934081c873542f0&origin=tct&vhost=play2
「动漫」航海王,https://yang-1989.eu.org/live/huya/16913382
怀旧动画,http://lvbaiducdncmn.inter.iqiyi.com/tslive/c53_lb_86_600_t10/c53_lb_86_600_t10.m3u8?key=%2A%2A%2A
「轮播」经典小品,http://tc-tct.douyucdn2.cn/dyliveflv3/10153463r0oBSmAG.flv?wsAuth=%2A%2A%2A&token=%2A%2A%2A&logo=0&expire=%2A%2A%2A&did=d010b07dcb997ada9934081c873542f0&origin=tct&vhost=play3
铠甲勇士,http://bj.new1cloud.com/bdcdncmn3-inter-71edge-com.new1cloud.com/tslive/c53_lb_82_720P_t10/c53_lb_82_720P_t10.m3u8?key=%2A%2A%2A
拉拉队集锦,http://111.62.156.15/tx.flv.huya.com/src/1099531627798-1099531627798-85899440409280512-2199063379052-10057-A-0-1.flv?wsSecret=%2A%2A%2A&wsTime=6283abbe&u=0&seqid=16527099506830430&ctype=tars_mp&fs=bgct&t=102
林正英•1,http://jxiptv.xn--9kqp7k2rd.com/svip/yy.php?t=1351505899
林正英•2,http://jxiptv.xn--9kqp7k2rd.com/svip/yy.php?t=1353685311
猫和老鼠,http://118.26.120.23:55336/tslive/c52_lb_83_600_t10/c52_lb_83_600_t10.m3u8?key=%2A%2A%2A
名侦探柯南,http://lvbaiducdncmn.inter.iqiyi.com/tslive/c54_lb_157_600_t10/c54_lb_157_600_t10.m3u8?key=%2A%2A%2A
「欧美」电影•1,http://jxiptv.xn--9kqp7k2rd.com/svip/yy.php?t=37988782
七龙珠改,https://yang-1989.eu.org/live/huya/11601966
猫和老鼠,http://lvbaiducdncmn.inter.iqiyi.com/tslive/c52_lb_83_600_t10/c52_lb_83_600_t10.m3u8?key=%2A%2A%2A
猫和老鼠,https://yang-1989.eu.org/live/huya/11352879
童年经典,http://lvbaiducdncmn.inter.iqiyi.com/tslive/c57_lb_211_600_t10/c57_lb_211_600_t10.m3u8?key=%2A%2A%2A
樱桃小丸子「中配」,http://zzy789.xyz/bili.php?id=23242774
中华小当家,https://yang-1989.eu.org/live/huya/11342413
T-ARA,http://tc-tct.douyucdn2.cn/dyliveflv3/17732rtara.flv?wsAuth=%2A%2A%2A&token=%2A%2A%2A&logo=0&expire=%2A%2A%2A&did=d010b07dcb997ada9934081c873542f0&origin=tct&vhost=play3
「电影」棉花糖和云朵妈妈,https://newcntv.qcloudcdn.com/asp/hls/1200/0303000a/3/default/d8ad434c6b08421a927557a4d98da65c/1200.m3u8
「电影」熊出没•变形记,https://newcntv.qcloudcdn.com/asp/hls/1200/0303000a/3/default/1733da751de64e6e910abda889d87a26/1200.m3u8
「电影」熊出没•过年,https://newcntv.qcloudcdn.com/asp/hls/1200/0303000a/3/default/7ae265653fe149069c3b53e31caaf060/1200.m3u8
「电影」猪猪侠•英雄猪少年,https://newcntv.qcloudcdn.com/asp/hls/1200/0303000a/3/default/0f03b08bc7b042358144617000fd2931/1200.m3u8
「电影」大卫贝肯•倒霉特工熊,https://newcntv.qcloudcdn.com/asp/hls/1200/0303000a/3/default/87f87ba569c147e3805f80e4844d2de9/1200.m3u8
「电影」昆塔•反转星球,https://newcntv.qcloudcdn.com/asp/hls/1200/0303000a/3/default/3ccdecc7d6e341c1920ad4eac5d82f38/1200.m3u8
宝宝巴士,http://bj.new1cloud.com/bdcdncmn3-inter-71edge-com.new1cloud.com/tslive/c55_lb_153_720P_t10/c55_lb_153_720P_t10.m3u8?key=%2A%2A%2A
宝宝课堂,http://aliyuncdnct.inter.ptqy.gitv.tv/tslive/c57_lb_225_600_t10/c57_lb_225_600_t10.m3u8?key=%2A%2A%2A
贝瓦儿歌,http://aliyuncdnct.inter.ptqy.gitv.tv/tslive/c56_lb_188_600_t10/c56_lb_188_600_t10.m3u8?key=%2A%2A%2A
成都大熊猫繁育研究基地,https://gcwbcdtxy.liveplay.myqcloud.com/gcwbcd/cdrmipanda_1/index.m3u8
漫画说历史,https://yang-1989.eu.org/live/huya/20985824
「轮播」二次猿动画,http://tc-tct.douyucdn2.cn/dyliveflv1a/206858rtesHKjl.flv?wsAuth=%2A%2A%2A&token=%2A%2A%2A&logo=0&expire=%2A%2A%2A&did=d010b07dcb997ada9934081c873542f0&origin=tct&vhost=play2
南京少儿,http://live.nbs.cn/channels/njtv/sepd/m3u8:500k/live.m3u8
山东少儿,http://119.164.216.162:9901/tsfile/live/1006_1.m3u8
喜仔的动画世界,https://yang-1989.eu.org/live/huya/20036751
浙江少儿,http://hw-m-l.cztv.com/channels/lantian/channel08/1080p.m3u8
「CA」 CA,https://rcavlive.akamaized.net/hls/live/704025/xcanrdi/master.m3u8
「CA」 CanadaOne,http://cdn8.live247stream.com/canadaone/tv/playlist.m3u8
「CA」 TheShoppingChannel,http://tscstreaming-lh.akamaihd.net/i/TSCLiveStreaming_1@91031/master.m3u8
「DE」 Baden TV,http://badentv-stream2.siebnich.info/rtplive/btv.stream/live.m3u8
「KH」 Bayon TV,http://203.176.130.123:8989/live/bayontv1_480k.stream/playlist.m3u8?zshijd=
「KH」NATIONAL GEOGRAPHIC,http://admdn2.cdn.mangomolo.com/nagtv/smil:nagtv.stream.smil/chunklist_b1800000_t64NzIwcA==.m3u8
「KH」 Persiana Comedy,http://51.210.199.27/hls/stream.m3u8
「KH」 Persiana Documentary,http://51.210.199.23/hls/stream.m3u8
「KH」 Persiana Family,http://51.210.199.19/hls/stream.m3u8
「KH」 Persiana Music,http://51.210.199.24/hls/stream.m3u8
「KH」 Persiana Nostalgia,http://51.210.199.20/hls/stream.m3u8
「KH」 Persiana Iranian,http://51.210.199.22/hls/stream.m3u8
「KH」 TVR,https://streamtv.cdn.dvmr.fr/TVR/ngrp:tvr.stream_all/master.m3u8
「KH」France 24,http://58.99.33.16:1935/liveedge17/live_156_3.stream/chunklist.m3u8
「QA」半岛新闻「英文」,https://live-hls-aje-ak.getaj.net/AJE/01.m3u8?zshijd=
「QA」半岛新闻「英语」,https://live-hls-web-aje.getaj.net/AJE/02.m3u8?zshijdp=
「QA」半岛新闻「阿拉伯」,http://live-hls-web-aja.getaj.net/AJA/02.m3u8?zshijd=
「RU」 ALKORQAPLUS,http://32.shqiptv.org/korca/albplus/index.m3u8
「RU」 GITV,http://hls-igi.cdnvideo.ru/igi/igi_hq/playlist.m3u8?zshijd=
「RU」 TivikomUlan-Udje,http://tvcom.stream.intelema.ru/tvcom/studio/index.m3u8
「RU」 TVBRICS(ENG),http://brics.bonus-tv.ru/cdn/brics/english/tracks-v1a1/index.m3u8
「RU」 Орск,http://infochhdcdn.trkeurasia.ru/orsk-infochhd/infochhd/playlist.m3u8
「RU」 Самара,http://live.guberniatv.cdnvideo.ru/guberniatv/guberniatv.sdp/playlist.m3u8
「SG」亚洲新闻,http://d2e1asnsl7br7b.cloudfront.net/7782e205e72f43aeb4a48ec97f66ebbe/index_5.m3u8?zshijd=
「SG」亚洲新闻,http://d2e1asnsl7br7b.cloudfront.net/7782e205e72f43aeb4a48ec97f66ebbe/index_4.m3u8?zshijd=
「TU」TRT World,https://tv-trtworld.live.trt.com.tr/master.m3u8
「US」 Bloomberg TV+2,https://liveprodusphoenixeast.akamaized.net/USPhx-HD/Channel-TX-USPhx-AWS-virginia-1/Source-USPhx-16k-1-s6lk2-BP-07-02-81ykIWnsMsg_live.m3u8?zshijd=
「US」 BloombergTV+ 4K,https://bloomberg-bloombergtv-1-gb.samsung.wurl.com/manifest/playlist.m3u8
「US」 BloombergTV+ 4K,https://bloomberg-bloombergtv-1-fr.samsung.wurl.com/manifest/playlist.m3u8
「US」 BloombergTV+2,https://liveprodusphoenixeast.akamaized.net/USPhx-HD/Channel-TX-USPhx-AWS-virginia-1/Source-USPhx-16k-1-s6lk2-BP-07-02-81ykIWnsMsg_live.m3u8
「US」 MovieKingdom,https://a.jsrdn.com/broadcast/e9b4093a41/%2B0000/high/c.m3u8
「US」 Newsma xTV,http://nmxlive.akamaized.net/hls/live/529965/Live_1/index.m3u8
「US」 PBSAmerica,https://pbs-samsunguk.amagi.tv/playlist.m3u8
「US」 Retro TV,http://592f16fa90d9b.streamlock.net/retrotv/smil:retrotv2.smil/chunklist.m3u8
「US」 WOW TV,http://cdn.elsalvadordigital.com:1935/wowtv/wowtv/playlist.m3u8
「US」*News max「新闻」,http://nmxlive.akamaized.net/hls/live/529965/Live_1/index_720.m3u8
半岛新闻「阿拉伯」,http://live-hls-web-aja.getaj.net/AJA/02.m3u8
朝鲜中央台,http://119.77.96.184:1935/chn05/chn05/chunklist_w644291506.m3u8
俄罗斯中文,http://brics.bonus-tv.ru/cdn/brics/chinese/tracks-v1a1/index.m3u8
美国中文电视,https://jpts.sinovision.net/livestream.m3u8
BBC America,https://uni8rtmp.tulix.tv/cfntv/cfntv/playlist.m3u8
Bloomberg News Asia,https://www.bloomberg.com/media-manifest/streams/asia.m3u8
Bloomberg TV Asia Live Event,https://www.bloomberg.com/media-manifest/streams/asia-event.m3u8
CNN,http://ip2121.com:8081/live/cnn/playlist.m3u8
DCCouncilChannel.htm,http://video.oct.dc.gov/out/u/15_12.m3u8
RT News,https://rt-glb.rttv.com/live/rtnews/playlist.m3u8
MTN,http://moneytoday1.ktcdn.co.kr:1935/mtnlive/720/playlist.m3u8
Job Plus TV,http://live.worktv.or.kr:1935/live/wowtvlive1.sdp/playlist.m3u8
Arirang 阿里郎,http://amdlive-ch01.ctnd.com.edgesuite.net:80/arirang_1ch/smil:arirang_1ch.smil/chunklist_b2256000_sleng.m3u8
KBS 1,http://ye23.vip/z7z8/2021/kbs2020.php?id=1
KBS 2,http://ye23.vip/z7z8/2021/kbs2020.php?id=2
BBS 불교 방송,http://bbstv.clouducs.com:1935/bbstv-live/livestream/chunklist.m3u8
CJ OnStyle,https://live-ch1.cjonstyle.net/cjmalllive/stream2/playlist.m3u8
CJ OnStyle Plus,https://live-ch2.cjonstyle.net/cjosplus/live2/playlist.m3u8
CTS 基督教기독교TV,https://d34t5yjz1ooymj.cloudfront.net/out/v1/875039d5eba0478fa8375a06b3aa5a37/index.m3u8
EBS+ 1,http://ebsonairios.ebs.co.kr/plus1tablet500k/tablet500k/plus1tablet500k.index.m3u8
EBS+ 2,http://ebsonairios.ebs.co.kr/plus2tablet500k/tablet500k/plus2tablet500k.index.m3u8
EBS 1,http://ebsonairios.ebs.co.kr/groundwavetablet500k/tablet500k/playlist.m3u8?zshijd=
EBS 2,http://ebsonairios.ebs.co.kr/ebs2tablet500k/tablet500k/ebs2tablet500k.index.m3u8?zshijd=
EBS 키즈,http://ebsonairios.ebs.co.kr/ebsutablet500k/_definst_/tablet500k/chunklist_w1965791004.m3u8?zshijd=
Job Plus tv,http://live.worktv.or.kr:1935/live/wowtvlive1.sdp/playlist.m3u8?zshijd=
GS Shop,https://gstv-gsshop.gsshop.com/gsshop_hd/gsshop_hd.stream/playlist.m3u8
Gugak TV,http://mgugaklive.nowcdn.co.kr/gugakvideo/gugakvideo.stream/playlist.m3u8
KBC SBS 综艺,http://119.200.131.11:1935/KBCTV/tv/playlist.m3u8
KBS Drama,http://mytv.dothome.co.kr/ch/catv/2.php
KBS Joy,http://mytv.dothome.co.kr/ch/catv/3.php
KBS Kids,http://mytv.dothome.co.kr/ch/catv/6.php
KBS LIFE,http://mytv.dothome.co.kr/ch/catv/5.php
KBS LiveCam DokDo,http://kbs-dokdo.gscdn.com/dokdo_300/dokdo_300.stream/playlist.m3u8
KBS Story,http://mytv.dothome.co.kr/ch/catv/4.php
KBS World,https://kbsworld-ott.akamaized.net/hls/live/2002341/kbsworld/01.m3u8
KCTV 광주,http://119.77.96.184:1935/chn05/chn05/chunklist_w1306745753.m3u8
Korea TV,https://hlive.ktv.go.kr/live/klive_h.stream/playlist.m3u8
KShopping,https://fhs8036.bd-61.ktcdn.co.kr/klive/smil:klive.smil/playlist.m3u8
MBC,http://123.254.72.24:1935/tvlive/livestream2/playlist.m3u8
MBC,http://vod.mpmbc.co.kr:1935/live/encoder-tv/playlist.m3u8
NBS,https://media.joycorp.co.kr:4443/live/live_720p/playlist.m3u8
SBS,http://1.222.207.80:1935/live/cjbtv/chunklist_w1357270949.m3u8
TBS Seoul,https://cdntv.tbs.seoul.kr/tbs/tbs_tv_web.smil/playlist.m3u8
국방国防TV,http://mediaworks.dema.mil.kr:1935/live_edge/cudo.sdp/playlist.m3u8
NHK World Japan,https://nhkwlive-ojp.akamaized.net/hls/live/2003459/nhkwlive-ojp-en/index_4M.m3u8
日本テレビ,https://movie.mcas.jp/switcher/smil:mcas8.smil/chunklist_b1800000.m3u8
日テレNEWS24,https://n24-cdn-live.ntv.co.jp/ch01/index.m3u8
Weather News,https://movie.mcas.jp/mcas/wn1_2/master.m3u8
QVC Japan,https://cdn-live1.qvc.jp/iPhone/1501/1501.m3u8
Shop Channel,http://stream1.shopch.jp/HLS/out2/prog_index.m3u8
Tokyo MX 1,https://movie.mcas.jp/mcas/mx1_2/chunklist.m3u8
Tokyo MX 2,https://movie.mcas.jp/mcas/mx2_2/chunklist.m3u8
J SPORTS 1,https://stream01.willfonk.com/live_playlist.m3u8?cid=BS242&r=FHD&ccode=JP&m=d0%3A20%3A20%3A04%3A35%3Acc&t=0d6938cb3dcf4b79848bc1753a59daf1
J SPORTS 2,https://stream01.willfonk.com/live_playlist.m3u8?cid=BS243&r=FHD&ccode=JP&m=d0%3A20%3A20%3A04%3A35%3Acc&t=0d6938cb3dcf4b79848bc1753a59daf1
J SPORTS 3,https://stream01.willfonk.com/live_playlist.m3u8?cid=BS244&r=FHD&ccode=JP&m=d0%3A20%3A20%3A04%3A35%3Acc&t=0d6938cb3dcf4b79848bc1753a59daf1
J Sports 4,https://stream01.willfonk.com/live_playlist.m3u8?cid=BS245&r=FHD&ccode=JP&m=d0%3A20%3A20%3A04%3A35%3Acc&t=0d6938cb3dcf4b79848bc1753a59daf1
釣りビジョン,https://stream01.willfonk.com/live_playlist.m3u8?cid=BS251&r=FHD&ccode=JP&m=d0%3A20%3A20%3A04%3A35%3Acc&t=0d6938cb3dcf4b79848bc1753a59daf1
東映チャンネル,https://stream01.willfonk.com/live_playlist.m3u8?cid=CS218&r=FHD&ccode=JP&m=d0%3A20%3A20%3A04%3A35%3Acc&t=0d6938cb3dcf4b79848bc1753a59daf1
歌謡ポップスチャンネル,https://stream01.willfonk.com/live_playlist.m3u8?cid=CS329&r=FHD&ccode=JP&m=d0%3A20%3A20%3A04%3A35%3Acc&t=0d6938cb3dcf4b79848bc1753a59daf1
日本映画専門チャンネル,https://stream01.willfonk.com/live_playlist.m3u8?cid=BS255&r=FHD&ccode=JP&m=d0%3A20%3A20%3A04%3A35%3Acc&t=0d6938cb3dcf4b79848bc1753a59daf1
チャンネル銀河,https://stream01.willfonk.com/live_playlist.m3u8?cid=CS305&r=FHD&ccode=JP&m=d0%3A20%3A20%3A04%3A35%3Acc&t=0d6938cb3dcf4b79848bc1753a59daf1
チャンネルNECO,https://stream01.willfonk.com/live_playlist.m3u8?cid=CS223&r=FHD&ccode=JP&m=d0%3A20%3A20%3A04%3A35%3Acc&t=0d6938cb3dcf4b79848bc1753a59daf1
テレビ朝日,https://stream01.willfonk.com/live_playlist.m3u8?cid=BS295&r=FHD&ccode=JP&m=d0%3A20%3A20%3A04%3A35%3Acc&t=0d6938cb3dcf4b79848bc1753a59daf1
テレビ東京,https://stream01.willfonk.com/live_playlist.m3u8?cid=BS297&r=FHD&ccode=JP&m=d0%3A20%3A20%3A04%3A35%3Acc&t=0d6938cb3dcf4b79848bc1753a59daf1
ファミリー劇場,https://stream01.willfonk.com/live_playlist.m3u8?cid=CS293&r=FHD&ccode=JP&m=d0%3A20%3A20%3A04%3A35%3Acc&t=0d6938cb3dcf4b79848bc1753a59daf1
フジテレビ,https://stream01.willfonk.com/live_playlist.m3u8?cid=BS298&r=FHD&ccode=JP&m=d0%3A20%3A20%3A04%3A35%3Acc&t=0d6938cb3dcf4b79848bc1753a59daf1
ホームドラマチャンネル,https://stream01.willfonk.com/live_playlist.m3u8?cid=CS294&r=FHD&ccode=JP&m=d0%3A20%3A20%3A04%3A35%3Acc&t=0d6938cb3dcf4b79848bc1753a59daf1
ムービープラス,https://stream01.willfonk.com/live_playlist.m3u8?cid=CS240&r=FHD&ccode=JP&m=d0%3A20%3A20%3A04%3A35%3Acc&t=0d6938cb3dcf4b79848bc1753a59daf1
日本テレビ,https://stream01.willfonk.com/live_playlist.m3u8?cid=BS294&r=FHD&ccode=JP&m=d0%3A20%3A20%3A04%3A35%3Acc&t=0d6938cb3dcf4b79848bc1753a59daf1
日テレNEWS24,https://stream01.willfonk.com/live_playlist.m3u8?cid=CS349&r=FHD&ccode=JP&m=d0%3A20%3A20%3A04%3A35%3Acc&t=0d6938cb3dcf4b79848bc1753a59daf1
日テレジータス,https://stream01.willfonk.com/live_playlist.m3u8?cid=CS257&r=FHD&ccode=JP&m=d0%3A20%3A20%3A04%3A35%3Acc&t=0d6938cb3dcf4b79848bc1753a59daf1
時代劇専門チャンネル,https://stream01.willfonk.com/live_playlist.m3u8?cid=CS292&r=FHD&ccode=JP&m=d0%3A20%3A20%3A04%3A35%3Acc&t=0d6938cb3dcf4b79848bc1753a59daf1
囲碁?将棋チャンネル,https://stream01.willfonk.com/live_playlist.m3u8?cid=CS363&r=FHD&ccode=JP&m=d0%3A20%3A20%3A04%3A35%3Acc&t=0d6938cb3dcf4b79848bc1753a59daf1
BSアニマックス,https://stream01.willfonk.com/live_playlist.m3u8?cid=BS236&r=FHD&ccode=JP&m=d0%3A20%3A20%3A04%3A35%3Acc&t=0d6938cb3dcf4b79848bc1753a59daf1
BSテレ東,https://stream01.willfonk.com/live_playlist.m3u8?cid=BS171&r=FHD&ccode=JP&m=d0%3A20%3A20%3A04%3A35%3Acc&t=0d6938cb3dcf4b79848bc1753a59daf1
GAORA,https://stream01.willfonk.com/live_playlist.m3u8?cid=CS254&r=FHD&ccode=JP&m=d0%3A20%3A20%3A04%3A35%3Acc&t=0d6938cb3dcf4b79848bc1753a59daf1
LaLaTV,https://stream01.willfonk.com/live_playlist.m3u8?cid=CS314&r=FHD&ccode=JP&m=d0%3A20%3A20%3A04%3A35%3Acc&t=0d6938cb3dcf4b79848bc1753a59daf1
NHK BS1,https://stream01.willfonk.com/live_playlist.m3u8?cid=BS101&r=FHD&ccode=JP&m=d0%3A20%3A20%3A04%3A35%3Acc&t=0d6938cb3dcf4b79848bc1753a59daf1
NHK教育,https://stream01.willfonk.com/live_playlist.m3u8?cid=BS292&r=FHD&ccode=JP&m=d0%3A20%3A20%3A04%3A35%3Acc&t=0d6938cb3dcf4b79848bc1753a59daf1
NHK総合,https://stream01.willfonk.com/live_playlist.m3u8?cid=BS291&r=FHD&ccode=JP&m=d0%3A20%3A20%3A04%3A35%3Acc&t=0d6938cb3dcf4b79848bc1753a59daf1
WOWOWシネマ,https://stream01.willfonk.com/live_playlist.m3u8?cid=BS193&r=FHD&ccode=JP&m=d0%3A20%3A20%3A04%3A35%3Acc&t=0d6938cb3dcf4b79848bc1753a59daf1
WOWOWプライム,https://stream01.willfonk.com/live_playlist.m3u8?cid=BS191&r=FHD&ccode=JP&m=d0%3A20%3A20%3A04%3A35%3Acc&t=0d6938cb3dcf4b79848bc1753a59daf1
WOWOWライブ,https://stream01.willfonk.com/live_playlist.m3u8?cid=BS192&r=FHD&ccode=JP&m=d0%3A20%3A20%3A04%3A35%3Acc&t=0d6938cb3dcf4b79848bc1753a59daf1
キッズステーション,https://stream01.willfonk.com/live_playlist.m3u8?cid=CS330&r=FHD&ccode=JP&m=d0%3A20%3A20%3A04%3A35%3Acc&t=0d6938cb3dcf4b79848bc1753a59daf1
ゴルフネットワーク,https://stream01.willfonk.com/live_playlist.m3u8?cid=CS262&r=FHD&ccode=JP&m=d0%3A20%3A20%3A04%3A35%3Acc&t=0d6938cb3dcf4b79848bc1753a59daf1
スーパー!ドラマTV,https://stream01.willfonk.com/live_playlist.m3u8?cid=CS310&r=FHD&ccode=JP&m=d0%3A20%3A20%3A04%3A35%3Acc&t=0d6938cb3dcf4b79848bc1753a59daf1
スカイA,https://stream01.willfonk.com/live_playlist.m3u8?cid=CS250&r=FHD&ccode=JP&m=d0%3A20%3A20%3A04%3A35%3Acc&t=0d6938cb3dcf4b79848bc1753a59daf1
スターチャンネル1,https://stream01.willfonk.com/live_playlist.m3u8?cid=BS200&r=FHD&ccode=JP&m=d0%3A20%3A20%3A04%3A35%3Acc&t=0d6938cb3dcf4b79848bc1753a59daf1
スターチャンネル2,https://stream01.willfonk.com/live_playlist.m3u8?cid=BS201&r=FHD&ccode=JP&m=d0%3A20%3A20%3A04%3A35%3Acc&t=0d6938cb3dcf4b79848bc1753a59daf1
スターチャンネル3,https://stream01.willfonk.com/live_playlist.m3u8?cid=BS202&r=FHD&ccode=JP&m=d0%3A20%3A20%3A04%3A35%3Acc&t=0d6938cb3dcf4b79848bc1753a59daf1
「韩」DJ Soda Remix 2021,https://vd3.bdstatic.com/mda-mev3hw0htz28h5wn/1080p/cae_h264/1622343504467773766/mda-mev3hw0htz28h5wn.mp4
「韩」佳仁-ParadiseLost,https://15799848.s21v.faiusr.com/58/ABUIABA6GAAgy9j64wUogPOGEQ.mp4
「韩」僵尸舞,https://15799848.s21v.faiusr.com/58/ABUIABA6GAAgw5Cv4gUoiZqZ4wE.mp4
「韩」朴孝敏–SKETCH,https://15799848.s21v.faiusr.com/58/ABUIABA6GAAguq6r7gUouOyF4gE.mp4
「韩」金泫雅1,https://15799848.s21v.faiusr.com/58/ABUIABA6GAAgyt_s4gUolOCslAQ.mp4
「韩」Alan Walker-feat,https://15799848.s21v.faiusr.com/58/ABUIABA6GAAg9qiM5gUo-tns8Qc.mp4
「韩」AOA - Excuse Me,https://15799848.s21v.faiusr.com/58/ABUIABA6GAAgmozg7AUolaeS8gU.mp4
「韩」AOA - Like A Cat,https://15799848.s21v.faiusr.com/58/ABUIABA6GAAgtfm95QUok8Wu6AQ.mp4
「韩」Areia Kpop Remix,https://15799848.s21v.faiusr.com/58/ABUIABA6GAAg____4gUopsLtrQQ.mp4
「韩」DalShabet,https://15799848.s21v.faiusr.com/58/ABUIABA6GAAg3fq95QUoisPxpAM.mp4
「韩」DavidJones,https://15799848.s21v.faiusr.com/58/ABUIABA6GAAg-vqa4gUotM7X6wc.mp4
「韩」EXID-UP&DOWN,https://15799848.s21v.faiusr.com/58/ABUIABA6GAAgzMnG4gUoroOQgQU.mp4
「韩」Four Ladies-Move,https://15799848.s21v.faiusr.com/58/ABUIABA6GAAg85Do5QUow-P-wwI.mp4
「韩」School-初恋,https://15799848.s21v.faiusr.com/58/ABUIABA6GAAgn-a24gUouMCswQY.mp4
「韩」School-Flashback,https://15799848.s21v.faiusr.com/58/ABUIABA6GAAg_PSc4gUoxOLZ3AM.mp4
「韩」Stellar-Vibrato,https://15799848.s21v.faiusr.com/58/ABUIABA6GAAg_O_-4gUo257EIg.mp4
「韩」StickySticky,https://15799848.s21v.faiusr.com/58/ABUIABA6GAAgnIS24gUoptqYDQ.mp4
「韩」TroubleMaker,https://15799848.s21v.faiusr.com/58/ABUIABA6GAAg2fWv4gUo9JT7DQ.mp4
「韩」TroubleMaker-Now,https://15799848.s21v.faiusr.com/58/ABUIABA6GAAgvue_4gUomZa1kQU.mp4
「韩」1,https://cloud.video.taobao.com//play/u/57349687/p/1/e/6/t/1/240095359203.mp4
「韩」2,https://cloud.video.taobao.com//play/u/57349687/p/1/e/6/t/1/239978750464.mp4
「韩」3,https://cloud.video.taobao.com//play/u/57349687/p/1/e/6/t/1/239858729476.mp4
「韩」4,https://cloud.video.taobao.com//play/u/57349687/p/1/e/6/t/1/239755956819.mp4
「韩」5,https://cloud.video.taobao.com//play/u/57349687/p/1/e/6/t/1/239987758613.mp4
「韩」6,https://cloud.video.taobao.com//play/u/57349687/p/1/e/6/t/1/239880949246.mp4
「韩」7,https://cloud.video.taobao.com//play/u/57349687/p/1/e/6/t/1/239903717006.mp4
「韩」8,https://cloud.video.taobao.com//play/u/57349687/p/1/e/6/t/1/239903321355.mp4
「韩」9,https://cloud.video.taobao.com//play/u/57349687/p/1/e/6/t/1/239799872402.mp4
「韩」10,https://cloud.video.taobao.com//play/u/57349687/p/1/e/6/t/1/239799088974.mp4
「韩」11,https://cloud.video.taobao.com//play/u/57349687/p/1/e/6/t/1/240024786285.mp4
「韩」12,https://cloud.video.taobao.com//play/u/57349687/p/1/e/6/t/1/240142715042.mp4
「韩」13,https://cloud.video.taobao.com//play/u/57349687/p/1/e/6/t/1/240025046562.mp4
「韩」14,https://cloud.video.taobao.com//play/u/57349687/p/1/e/6/t/1/240145171654.mp4
「韩」15,https://cloud.video.taobao.com//play/u/57349687/p/1/e/6/t/1/240147051191.mp4
「韩」16,https://cloud.video.taobao.com//play/u/57349687/p/1/e/6/t/1/239805200933.mp4
「韩」17,https://cloud.video.taobao.com//play/u/57349687/p/1/e/6/t/1/239910253332.mp4
「韩」18,https://cloud.video.taobao.com//play/u/57349687/p/1/e/6/t/1/239806164759.mp4
「韩」19,https://cloud.video.taobao.com//play/u/57349687/p/1/e/6/t/1/239807872136.mp4
「韩」20,https://cloud.video.taobao.com//play/u/57349687/p/1/e/6/t/1/240032526123.mp4
「韩」21,https://cloud.video.taobao.com//play/u/57349687/p/1/e/6/t/1/239808028600.mp4
「韩」22,https://cloud.video.taobao.com//play/u/57349687/p/1/e/6/t/1/240031614983.mp4
「韩」23,https://cloud.video.taobao.com//play/u/57349687/p/1/e/6/t/1/240150331617.mp4
「韩」24,https://cloud.video.taobao.com//play/u/57349687/p/1/e/6/t/1/239809100782.mp4
「韩」25,https://cloud.video.taobao.com//play/u/57349687/p/1/e/6/t/1/240151167718.mp4
「韩」26,https://cloud.video.taobao.com//play/u/57349687/p/1/e/6/t/1/240033362815.mp4
「韩」27,https://cloud.video.taobao.com//play/u/57349687/p/1/e/6/t/1/240151167938.mp4
「韩」28,https://cloud.video.taobao.com//play/u/57349687/p/1/e/6/t/1/240035466345.mp4
「韩」29,https://cloud.video.taobao.com//play/u/57349687/p/1/e/6/t/1/239811800375.mp4
「韩」30,https://cloud.video.taobao.com//play/u/57349687/p/1/e/6/t/1/239916285148.mp4
「韩」31,https://cloud.video.taobao.com//play/u/57349687/p/1/e/6/t/1/239927589941.mp4
「韩」32,https://cloud.video.taobao.com//play/u/57349687/p/1/e/6/t/1/239931661209.mp4
「韩」33,https://cloud.video.taobao.com//play/u/57349687/p/1/e/6/t/1/240171579858.mp4
「韩」34,https://cloud.video.taobao.com//play/u/57349687/p/1/e/6/t/1/239831144046.mp4
「韩」35,https://cloud.video.taobao.com//play/u/57349687/p/1/e/6/t/1/240056530470.mp4
「韩」36,https://cloud.video.taobao.com//play/u/57349687/p/1/e/6/t/1/239832040344.mp4
「韩」37,https://cloud.video.taobao.com//play/u/57349687/p/1/e/6/t/1/240173879894.mp4
「韩」38,https://cloud.video.taobao.com//play/u/57349687/p/1/e/6/t/1/240057078179.mp4
「韩」39,https://cloud.video.taobao.com//play/u/57349687/p/1/e/6/t/1/239936685999.mp4
「韩」40,https://cloud.video.taobao.com//play/u/57349687/p/1/e/6/t/1/240059018784.mp4
「韩」41,https://cloud.video.taobao.com//play/u/57349687/p/1/e/6/t/1/239834324813.mp4
「韩」42,https://cloud.video.taobao.com//play/u/57349687/p/1/e/6/t/1/239834716201.mp4
「韩」43,https://cloud.video.taobao.com//play/u/57349687/p/1/e/6/t/1/239837532125.mp4
「韩」44,https://cloud.video.taobao.com//play/u/57349687/p/1/e/6/t/1/240179867562.mp4
「韩」45,https://cloud.video.taobao.com//play/u/57349687/p/1/e/6/t/1/240063650207.mp4
「韩」46,https://cloud.video.taobao.com//play/u/57349687/p/1/e/6/t/1/240181243061.mp4
「韩」47,https://cloud.video.taobao.com//play/u/57349687/p/1/e/6/t/1/240181363115.mp4
「韩」48,https://cloud.video.taobao.com//play/u/57349687/p/1/e/6/t/1/239944465251.mp4
「韩」49,https://cloud.video.taobao.com//play/u/57349687/p/1/e/6/t/1/240065122134.mp4
「韩」50,https://cloud.video.taobao.com//play/u/57349687/p/1/e/6/t/1/239840536452.mp4
「韩」51,https://cloud.video.taobao.com//play/u/57349687/p/1/e/6/t/1/240065838644.mp4
「韩」52,https://cloud.video.taobao.com//play/u/57349687/p/1/e/6/t/1/239945877111.mp4
「韩」53,https://cloud.video.taobao.com//play/u/57349687/p/1/e/6/t/1/240184339138.mp4
「韩」54,https://cloud.video.taobao.com//play/u/57349687/p/1/e/6/t/1/239842640589.mp4
「韩」55,https://cloud.video.taobao.com//play/u/57349687/p/1/e/6/t/1/240186067562.mp4
「韩」56,https://cloud.video.taobao.com//play/u/57349687/p/1/e/6/t/1/240187071401.mp4
「韩」57,https://cloud.video.taobao.com//play/u/57349687/p/1/e/6/t/1/240069974546.mp4
「韩」58,https://cloud.video.taobao.com//play/u/57349687/p/1/e/6/t/1/240070346911.mp4
「韩」59,https://cloud.video.taobao.com//play/u/57349687/p/1/e/6/t/1/240070818783.mp4
「韩」60,https://cloud.video.taobao.com//play/u/57349687/p/1/e/6/t/1/239846692034.mp4
「韩」61,https://cloud.video.taobao.com//play/u/57349687/p/1/e/6/t/1/239951329234.mp4
「韩」62,https://cloud.video.taobao.com//play/u/57349687/p/1/e/6/t/1/240191295627.mp4
「韩」63,https://cloud.video.taobao.com//play/u/57349687/p/1/e/6/t/1/240026585459.mp4
「韩」64,https://cloud.video.taobao.com//play/u/57349687/p/1/e/6/t/1/240192067467.mp4
「韩」65,https://cloud.video.taobao.com//play/u/57349687/p/1/e/6/t/1/239911732892.mp4
「韩」66,https://cloud.video.taobao.com//play/u/57349687/p/1/e/6/t/1/240196491782.mp4
「韩」67,https://cloud.video.taobao.com//play/u/57349687/p/1/e/6/t/1/239960909980.mp4
「韩」68,https://cloud.video.taobao.com//play/u/57349687/p/1/e/6/t/1/240017737344.mp4
「韩」69,https://cloud.video.taobao.com//play/u/57349687/p/1/e/6/t/1/240202339353.mp4
「韩」70,https://cloud.video.taobao.com//play/u/57349687/p/1/e/6/t/1/240203243765.mp4
「韩」71,https://cloud.video.taobao.com//play/u/57349687/p/1/e/6/t/1/240205555546.mp4
「韩」72,https://cloud.video.taobao.com//play/u/57349687/p/1/e/6/t/1/239983417489.mp4
「韩」74,https://cloud.video.taobao.com//play/u/57349687/p/1/e/6/t/1/240221687198.mp4
「韩」75,https://cloud.video.taobao.com//play/u/57349687/p/1/e/6/t/1/240222023079.mp4
「韩」76,https://cloud.video.taobao.com//play/u/57349687/p/1/e/6/t/1/240107150280.mp4
「韩」77,https://cloud.video.taobao.com//play/u/57349687/p/1/e/6/t/1/240224523227.mp4
「韩」78,https://cloud.video.taobao.com//play/u/57349687/p/1/e/6/t/1/239987569147.mp4
「韩」79,https://cloud.video.taobao.com//play/u/57349687/p/1/e/6/t/1/240225803033.mp4
「韩」80,https://cloud.video.taobao.com//play/u/57349687/p/1/e/6/t/1/239989445779.mp4
「韩」81,https://cloud.video.taobao.com//play/u/57349687/p/1/e/6/t/1/240229579224.mp4
「韩」82,https://cloud.video.taobao.com//play/u/57349687/p/1/e/6/t/1/239993533054.mp4
「韩」83,https://cloud.video.taobao.com//play/u/57349687/p/1/e/6/t/1/239994225085.mp4
「韩」84,https://cloud.video.taobao.com//play/u/57349687/p/1/e/6/t/1/239994741288.mp4
「韩」85,https://cloud.video.taobao.com//play/u/57349687/p/1/e/6/t/1/239995197198.mp4
「韩」86,https://cloud.video.taobao.com//play/u/57349687/p/1/e/6/t/1/240232939168.mp4
「韩」87,https://cloud.video.taobao.com//play/u/57349687/p/1/e/6/t/1/239890536417.mp4
「韩」88,https://cloud.video.taobao.com//play/u/57349687/p/1/e/6/t/1/239890568711.mp4
「韩」89,https://cloud.video.taobao.com//play/u/57349687/p/1/e/6/t/1/240233783820.mp4
「韩」90,https://cloud.video.taobao.com//play/u/57349687/p/1/e/6/t/1/239894180409.mp4
「韩」92,https://cloud.video.taobao.com//play/u/57349687/p/1/e/6/t/1/239895496483.mp4
「韩」93,https://cloud.video.taobao.com//play/u/57349687/p/1/e/6/t/1/240119938989.mp4
「韩」94,https://cloud.video.taobao.com//play/u/57349687/p/1/e/6/t/1/240002397273.mp4
「韩」95,https://cloud.video.taobao.com//play/u/57349687/p/1/e/6/t/1/240241527208.mp4
「韩」96,https://cloud.video.taobao.com//play/u/57349687/p/1/e/6/t/1/239899840062.mp4
「韩」97,https://cloud.video.taobao.com//play/u/57349687/p/1/e/6/t/1/240243499351.mp4
「韩」98,https://cloud.video.taobao.com//play/u/57349687/p/1/e/6/t/1/240127638122.mp4
「韩」99,https://cloud.video.taobao.com//play/u/57349687/p/1/e/6/t/1/240030505796.mp4
「韩」100,https://cloud.video.taobao.com//play/u/57349687/p/1/e/6/t/1/240245283772.mp4
「韩」101,https://cloud.video.taobao.com//play/u/57349687/p/1/e/6/t/1/240247623420.mp4
「韩」102,https://cloud.video.taobao.com//play/u/57349687/p/1/e/6/t/1/240043672242.mp4
「韩」103,https://cloud.video.taobao.com//play/u/57349687/p/1/e/6/t/1/240339124000.mp4
「韩」104,https://cloud.video.taobao.com//play/u/57349687/p/1/e/6/t/1/240221702622.mp4
「韩」105,https://cloud.video.taobao.com//play/u/57349687/p/1/e/6/t/1/239993732827.mp4
「韩」106,https://cloud.video.taobao.com//play/u/57349687/p/1/e/6/t/1/239994460907.mp4
「韩」107,https://cloud.video.taobao.com//play/u/57349687/p/1/e/6/t/1/240340899550.mp4
「韩」108,https://cloud.video.taobao.com//play/u/57349687/p/1/e/6/t/1/239995692215.mp4
「韩」109,https://cloud.video.taobao.com//play/u/57349687/p/1/e/6/t/1/240341971789.mp4
「韩」110,https://cloud.video.taobao.com//play/u/57349687/p/1/e/6/t/1/239996664565.mp4
「韩」111,https://cloud.video.taobao.com//play/u/57349687/p/1/e/6/t/1/240342839842.mp4
「韩」112,https://cloud.video.taobao.com//play/u/57349687/p/1/e/6/t/1/240225254466.mp4
「韩」113,https://cloud.video.taobao.com//play/u/57349687/p/1/e/6/t/1/240225226897.mp4
「韩」114,https://cloud.video.taobao.com//play/u/57349687/p/1/e/6/t/1/239998000351.mp4
「韩」115,https://cloud.video.taobao.com//play/u/57349687/p/1/e/6/t/1/240105989528.mp4
「韩」116,https://cloud.video.taobao.com//play/u/57349687/p/1/e/6/t/1/239998340711.mp4
「韩」117,https://cloud.video.taobao.com//play/u/57349687/p/1/e/6/t/1/240106477140.mp4
「韩」118,https://cloud.video.taobao.com//play/u/57349687/p/1/e/6/t/1/240107389699.mp4
「韩」119,https://cloud.video.taobao.com//play/u/57349687/p/1/e/6/t/1/240345787129.mp4
「韩」120,https://cloud.video.taobao.com//play/u/57349687/p/1/e/6/t/1/240227966801.mp4
「韩」121,https://cloud.video.taobao.com//play/u/57349687/p/1/e/6/t/1/240228462625.mp4
「韩」122,https://cloud.video.taobao.com//play/u/57349687/p/1/e/6/t/1/240108721427.mp4
「韩」123,https://cloud.video.taobao.com//play/u/57349687/p/1/e/6/t/1/240001176191.mp4
「韩」125,https://cloud.video.taobao.com//play/u/57349687/p/1/e/6/t/1/240001228776.mp4
「韩」126,https://cloud.video.taobao.com//play/u/57349687/p/1/e/6/t/1/240109533631.mp4
「韩」127,https://cloud.video.taobao.com//play/u/57349687/p/1/e/6/t/1/240347663598.mp4
「韩」128,https://cloud.video.taobao.com//play/u/57349687/p/1/e/6/t/1/240001932458.mp4
「韩」129,https://cloud.video.taobao.com//play/u/57349687/p/1/e/6/t/1/240002044738.mp4
「韩」130,https://cloud.video.taobao.com//play/u/57349687/p/1/e/6/t/1/240111085001.mp4
「韩」131,https://cloud.video.taobao.com//play/u/57349687/p/1/e/6/t/1/240350575186.mp4
「韩」132,https://cloud.video.taobao.com//play/u/57349687/p/1/e/6/t/1/240350771160.mp4
「韩」133,https://cloud.video.taobao.com//play/u/57349687/p/1/e/6/t/1/240113261859.mp4
「韩」134,https://cloud.video.taobao.com//play/u/57349687/p/1/e/6/t/1/240352039996.mp4
「韩」135,https://cloud.video.taobao.com//play/u/57349687/p/1/e/6/t/1/240236014123.mp4
「韩」136,https://cloud.video.taobao.com//play/u/57349687/p/1/e/6/t/1/240008036293.mp4
「韩」137,https://cloud.video.taobao.com//play/u/57349687/p/1/e/6/t/1/240354863286.mp4
「韩」138,https://cloud.video.taobao.com//play/u/57349687/p/1/e/6/t/1/240008780109.mp4
「韩」139,https://cloud.video.taobao.com//play/u/57349687/p/1/e/6/t/1/240009608741.mp4
「韩」140,https://cloud.video.taobao.com//play/u/57349687/p/1/e/6/t/1/240379515679.mp4
「韩」141,https://cloud.video.taobao.com//play/u/57349687/p/1/e/6/t/1/240262842385.mp4
「韩」142,https://cloud.video.taobao.com//play/u/57349687/p/1/e/6/t/1/240264262344.mp4
「韩」143,https://cloud.video.taobao.com//play/u/57349687/p/1/e/6/t/1/240384227055.mp4
「韩」145,https://cloud.video.taobao.com//play/u/57349687/p/1/e/6/t/1/240267170778.mp4
「韩」146,https://cloud.video.taobao.com//play/u/57349687/p/1/e/6/t/1/240386743317.mp4
「韩」147,https://cloud.video.taobao.com//play/u/57349687/p/1/e/6/t/1/240268654616.mp4
「韩」148,https://cloud.video.taobao.com//play/u/57349687/p/1/e/6/t/1/240387107547.mp4
「韩」149,https://cloud.video.taobao.com//play/u/57349687/p/1/e/6/t/1/240150573492.mp4
「韩」150,https://cloud.video.taobao.com//play/u/57349687/p/1/e/6/t/1/240388683474.mp4
「韩」151,https://cloud.video.taobao.com//play/u/57349687/p/1/e/6/t/1/240270774376.mp4
「韩」152,https://cloud.video.taobao.com//play/u/57349687/p/1/e/6/t/1/240151273206.mp4
「韩」153,https://cloud.video.taobao.com//play/u/57349687/p/1/e/6/t/1/240389031565.mp4
「韩」154,https://15799848.s21v.faiusr.com/58/ABUIABA6GAAgr-2n9AUoqsakNg.mp4
「韩」155,https://15799848.s21v.faiusr.com/58/ABUIABA6GAAgz-qc4gUo4vj-tQY.mp4
「韩」156,https://cloud.video.taobao.com//play/u/57349687/p/1/e/6/t/1/240162304531.mp4
「韩」157,https://cloud.video.taobao.com//play/u/57349687/p/1/e/6/t/1/240167997205.mp4
「韩」158,https://cloud.video.taobao.com//play/u/57349687/p/1/e/6/t/1/240059400880.mp4
「韩」159,https://cloud.video.taobao.com//play/u/57349687/p/1/e/6/t/1/240407847242.mp4
「韩」160,https://cloud.video.taobao.com//play/u/57349687/p/1/e/6/t/1/240062596020.mp4
「韩」161,https://cloud.video.taobao.com//play/u/57349687/p/1/e/6/t/1/240170661907.mp4
「韩」162,https://cloud.video.taobao.com//play/u/57349687/p/1/e/6/t/1/240411259014.mp4
「韩」163,https://cloud.video.taobao.com//play/u/57349687/p/1/e/6/t/1/240174309994.mp4
「韩」164,https://cloud.video.taobao.com//play/u/57349687/p/1/e/6/t/1/240175225325.mp4
「韩」165,https://cloud.video.taobao.com//play/u/57349687/p/1/e/6/t/1/240066736888.mp4
「韩」166,https://cloud.video.taobao.com//play/u/57349687/p/1/e/6/t/1/240175161903.mp4
「韩」167,https://cloud.video.taobao.com//play/u/57349687/p/1/e/6/t/1/240295526170.mp4
「韩」168,https://cloud.video.taobao.com//play/u/57349687/p/1/e/6/t/1/240295818399.mp4
「韩」169,https://cloud.video.taobao.com//play/u/57349687/p/1/e/6/t/1/240177321736.mp4
「韩」170,https://cloud.video.taobao.com//play/u/57349687/p/1/e/6/t/1/240177941288.mp4
「韩」171,https://cloud.video.taobao.com//play/u/57349687/p/1/e/6/t/1/240070652257.mp4
「韩」172,https://cloud.video.taobao.com//play/u/57349687/p/1/e/6/t/1/240298266546.mp4
「韩」173,https://cloud.video.taobao.com//play/u/57349687/p/1/e/6/t/1/240070884570.mp4
「韩」174,https://cloud.video.taobao.com//play/u/57349687/p/1/e/6/t/1/240298694512.mp4
「韩」175,https://cloud.video.taobao.com//play/u/57349687/p/1/e/6/t/1/240418087243.mp4
「韩」176,https://cloud.video.taobao.com//play/u/57349687/p/1/e/6/t/1/240299394846.mp4
「韩」177,https://cloud.video.taobao.com//play/u/57349687/p/1/e/6/t/1/240181409471.mp4
「韩」178,https://cloud.video.taobao.com//play/u/57349687/p/1/e/6/t/1/240182993056.mp4
「韩」179,https://cloud.video.taobao.com//play/u/57349687/p/1/e/6/t/1/240301854532.mp4
「韩」180,https://cloud.video.taobao.com//play/u/57349687/p/1/e/6/t/1/240075164377.mp4
「韩」181,https://cloud.video.taobao.com//play/u/57349687/p/1/e/6/t/1/240349762400.mp4
「韩」182,https://cloud.video.taobao.com//play/u/57349687/p/1/e/6/t/1/240121912724.mp4
「韩」183,https://cloud.video.taobao.com//play/u/57349687/p/1/e/6/t/1/240126480392.mp4
「韩」184,https://cloud.video.taobao.com//play/u/57349687/p/1/e/6/t/1/240355262537.mp4
「韩」185,https://cloud.video.taobao.com//play/u/57349687/p/1/e/6/t/1/240355734488.mp4%EF%BB%BF
「韩」186,https://cloud.video.taobao.com//play/u/57349687/p/1/e/6/t/1/240237453313.mp4
「韩」187,https://cloud.video.taobao.com//play/u/57349687/p/1/e/6/t/1/240130092025.mp4
「韩」188,https://cloud.video.taobao.com//play/u/57349687/p/1/e/6/t/1/240478207039.mp4
「韩」189,https://cloud.video.taobao.com//play/u/57349687/p/1/e/6/t/1/240361330093.mp4
「韩」190,https://cloud.video.taobao.com//play/u/57349687/p/1/e/6/t/1/240139316317.mp4
「韩」191,https://cloud.video.taobao.com//play/u/57349687/p/1/e/6/t/1/240248465975.mp4
「韩」192,https://cloud.video.taobao.com//play/u/57349687/p/1/e/6/t/1/240139720035.mp4
「韩」193,https://cloud.video.taobao.com//play/u/57349687/p/1/e/6/t/1/240368550193.mp4
「韩」194,https://cloud.video.taobao.com//play/u/57349687/p/1/e/6/t/1/240250429573.mp4
「韩」195,https://cloud.video.taobao.com//play/u/57349687/p/1/e/6/t/1/240370230905.mp4
「韩」196,https://cloud.video.taobao.com//play/u/57349687/p/1/e/6/t/1/240160716008.mp4
「韩」197,https://cloud.video.taobao.com//play/u/57349687/p/1/e/6/t/1/240161212784.mp4
「韩」198,https://cloud.video.taobao.com//play/u/57349687/p/1/e/6/t/1/240389662042.mp4
「欧美」迈克尔杰克逊,https://15799848.s21v.faiusr.com/58/ABUIABA6GAAgw9ma4gUo3YLDvgU.mp4
「欧美」1,https://15799848.s21v.faiusr.com/58/ABUIABA6GAAgyMqg4gUo-uSR5AU.mp4
「欧美」2,https://15799848.s21v.faiusr.com/58/ABUIABA6GAAgianW4gUoj9-Aaw.mp4
「欧美」3,https://15799848.s21v.faiusr.com/58/ABUIABA6GAAgpdia4gUo7oWfiAE.mp4
「印度」1,http://15799848.s21v.faiusr.com/58/ABUIABA6GAAguOCe9wUotr-RqQU.mp4
「印度」2,http://15799848.s21v.faiusr.com/58/ABUIABA6GAAguuCe9wUoyKfU-gI.mp4
「印度」3,http://15799848.s21v.faiusr.com/58/ABUIABA6GAAgl_Ce9wUo6t-WdQ.mp4
「印度」4,http://15799848.s21v.faiusr.com/58/ABUIABA6GAAgmeCe9wUoiJmTxgc.mp4
「印度」5,http://15799848.s21v.faiusr.com/58/ABUIABA6GAAgj_Ce9wUoqtHxJQ.mp4
「印度」6,http://15799848.s21v.faiusr.com/58/ABUIABA6GAAgmuCe9wUokNHLuAQ.mp4
「印度」7,http://15799848.s21v.faiusr.com/58/ABUIABA6GAAgneCe9wUouKLe8Ac.mp4
「印度」8,http://15799848.s21v.faiusr.com/58/ABUIABA6GAAg3N_e9wUogdbOaQ.mp4
「印度」9,http://15799848.s21v.faiusr.com/58/ABUIABA6GAAg1t_e9wUouM_i8wM.mp4
「印度」10,http://15799848.s21v.faiusr.com/58/ABUIABA6GAAg45qY9wUonJT41gc.mp4
「印度」11,http://15799848.s21v.faiusr.com/58/ABUIABA6GAAgvZ6k4wUo0cGkhgQ.mp4
「印度」12,http://15799848.s21v.faiusr.com/58/ABUIABA6GAAghrTW4gUojKzXlwI.mp4
「中」UP&DOWN(中文版),https://15799848.s21v.faiusr.com/58/ABUIABA6GAAgtd6M9QUokpHf7AY.mp4
「中」毛不易-不染,https://vd3.bdstatic.com/mda-jmceuahfwxarnh7v/hd/mda-jmceuahfwxarnh7v.mp4?pd=20&playlist=%5B%22hd%22%2C%22sc%22%5D
「中」蔡丽津月圆情,http://vd3.bdstatic.com/mda-jm53zq7k0b0kbxch/sc/mda-jm53zq7k0b0kbxch.mp4
「中」草蜢-半点心,http://vodcdn.video.taobao.com/oss/ali-video/68fc953ff930412784dada5eb79d0821/1461058499/video.m3u8.m3u8
「中」草蜢-宝贝对不起,http://bizcommon.alicdn.com/l2nDqpMmn6DGHnWzZQA/RQdMfitGKCINh4BPzc9%40%40sd.m3u8
「中」草蜢-失恋阵线联盟,http://vodcdn.video.taobao.com/oss/ali-video/bbae2fc164d9517913ed5a9117f8455b/video.m3u8
「中」草蜢-忘情森巴舞,http://vodcdn.video.taobao.com/oss/ali-video/a30020a6cd9ce2a8b387e029f9c5365c/video.m3u8
「中」刘清沨-曾经拥有的那些年,http://em.21dtv.com/songs/60110036.mkv
「中」陈百潭-初恋,http://vd4.bdstatic.com/mda-jk22i7yt5vyjbgwt/hd/mda-jk22i7yt5vyjbgwt.mp4
「中」陈慧娴-孤单背影,http://vodcdn.video.taobao.com/oss/ali-video/092bc3fac8ea013544a1dda61de41e58/video.m3u8
「中」陈慧娴-归来吧,http://vodcdn.video.taobao.com/oss/ali-video/c89589fd5809cf6e2f1a4d7a52023733/video.m3u8
「中」陈慧娴-红茶馆,http://vodcdn.video.taobao.com/oss/ali-video/22ecb463b2e44875b1fa78090d0ffd4e/1460015776/video.m3u8.m3u8
「中」陈慧娴-千千阙歌,http://vodcdn.video.taobao.com/oss/ali-video/8f45a35108ebe1b1951d2936007e3cd0/video.m3u8
「中」陈慧娴-跳舞街,http://vodcdn.video.taobao.com/oss/ali-video/5e463c16339f3dd6839e6a7d2074915c/video.m3u8
「中」陈柯宇-生僻字,http://vd2.bdstatic.com/mda-jb28qp6tauzkzpy9/hd/mda-jb28qp6tauzkzpy9.mp4
「中」陈明真-百万个吻,http://vodcdn.video.taobao.com/oss/ali-video/0c66aff1e198e944fb0460172d33d780/video.m3u8
「中」陈明真-变心的翅膀,http://vodcdn.video.taobao.com/oss/ali-video/e18dd3abfada11fb6faf26a521084343/video.m3u8
「中」陈明真-情债,http://vodcdn.video.taobao.com/oss/ali-video/99c8f1df6d5686d99e4adc1e6caed7b7/video.m3u8
「中」陈明真-为爱笑着流泪,http://vodcdn.video.taobao.com/oss/ali-video/4f31a4692aae0974dbc82a95d23339f4/video.m3u8
「中」陈倩倩-婴儿,http://vodcdn.video.taobao.com/oss/ali-video/4fc8d043456c092c392483bd293d0ee3/video.m3u8
「中」陈瑞-爱得真伤的深,http://antiserver.kuwo.cn/anti.s?rid=MUSIC_1218839&response=res&format=mp4&type=convert_url
「中」陈瑞-爱的痕迹,http://antiserver.kuwo.cn/anti.s?rid=MUSIC_1218815&response=res&format=mp4&type=convert_url
「中」陈瑞-别思,http://antiserver.kuwo.cn/anti.s?rid=MUSIC_3429064&response=res&format=mp4&type=convert_url
「中」陈瑞-分手了别来打扰我,http://antiserver.kuwo.cn/anti.s?rid=MUSIC_5835684&response=res&format=mp4&type=convert_url
「中」陈瑞-父亲,http://antiserver.kuwo.cn/anti.s?rid=MUSIC_4247454&response=res&format=mp4&type=convert_url
「中」陈瑞-红尘永相伴,http://antiserver.kuwo.cn/anti.s?rid=MUSIC_506435&response=res&format=mp4&type=convert_url
「中」陈瑞-三生三世,http://antiserver.kuwo.cn/anti.s?rid=MUSIC_6449820&response=res&format=mp4&type=convert_url
「中」陈瑞-天长地久,http://antiserver.kuwo.cn/anti.s?rid=MUSIC_1583220&response=res&format=mp4&type=convert_url
「中」陈瑞-心中的牵挂,http://antiserver.kuwo.cn/anti.s?rid=MUSIC_1583211&response=res&format=mp4&type=convert_url
「中」陈瑞-一辈子的真爱,http://antiserver.kuwo.cn/anti.s?rid=MUSIC_28470656&response=res&format=mp4&type=convert_url
「中」陈瑞-一生的等待,http://antiserver.kuwo.cn/anti.s?rid=MUSIC_1583215&response=res&format=mp4&type=convert_url
「中」陈瑞-有谁知道我在等你,http://antiserver.kuwo.cn/anti.s?rid=MUSIC_1583218&response=res&format=mp4&type=convert_url
「中」陈瑞-鱼和水的故事,http://antiserver.kuwo.cn/anti.s?rid=MUSIC_353501&response=res&format=mp4&type=convert_url
「中」陈瑞-烛光里的妈妈,http://antiserver.kuwo.cn/anti.s?rid=MUSIC_1024266&response=res&format=mp4&type=convert_url
「中」陈淑苹-黄昏之恋,http://vd4.bdstatic.com/mda-jk0m1rgje4eh01cw/hd/mda-jk0m1rgje4eh01cw.mp4
「中」陈淑苹-离家,http://vd2.bdstatic.com/mda-iftyuk6tjcxrm53p/sc/mda-iftyuk6tjcxrm53p.mp4
「中」大田后-生仔,https://vdse.bdstatic.com/1f5b8de1e52e8ebe8d5493d29bf29981.mp4?authorization=%2A%2A%2A
「中」花粥/马雨阳-盗将行,https://vdse.bdstatic.com//8355cbc6c2fe19c5ad280869218430f5.mp4?authorization=%2A%2A%2A
「中」凤凰传奇-策马奔腾,http://antiserver.kuwo.cn/anti.s?rid=MUSIC_24042013&response=res&format=mp4&type=convert_url
「中」凤凰传奇-歌唱二小放牛郎,http://antiserver.kuwo.cn/anti.s?rid=MUSIC_8120530&response=res&format=mp4&type=convert_url
「中」凤凰传奇-光芒,http://antiserver.kuwo.cn/anti.s?rid=MUSIC_24042019&response=res&format=mp4&type=convert_url
「中」凤凰传奇-华夏传说,http://antiserver.kuwo.cn/anti.s?rid=MUSIC_40828850&response=res&format=mp4&type=convert_url
「中」凤凰传奇-今生的缘,http://antiserver.kuwo.cn/anti.s?rid=MUSIC_646024&response=res&format=mp4&type=convert_url
「中」凤凰传奇-奇迹世界,http://antiserver.kuwo.cn/anti.s?rid=MUSIC_954805&response=res&format=mp4&type=convert_url
「中」凤凰传奇-温柔姑娘,http://antiserver.kuwo.cn/anti.s?rid=MUSIC_6401404&response=res&format=mp4&type=convert_url
「中」凤凰传奇-御龙归字谣,http://antiserver.kuwo.cn/anti.s?rid=MUSIC_1164118&response=res&format=mp4&type=convert_url
「中」凤凰传奇-月亮之上,http://antiserver.kuwo.cn/anti.s?rid=MUSIC_7084968&response=res&format=mp4&type=convert_url
「中」凤凰传奇-中国味道,http://antiserver.kuwo.cn/anti.s?rid=MUSIC_24042021&response=res&format=mp4&type=convert_url
「中」凤凰传奇-自由飞翔,http://antiserver.kuwo.cn/anti.s?rid=MUSIC_18747906&response=res&format=mp4&type=convert_url
「中」凤凰传奇-自由自在,http://antiserver.kuwo.cn/anti.s?rid=MUSIC_24042025&response=res&format=mp4&type=convert_url
「中」刘珂矣-芙蓉雨,https://vdse.bdstatic.com//85593e1127a1389dc49e9b0491814df2.mp4?authorization=%2A%2A%2A
「中」张杰-浮诛,https://vdse.bdstatic.com/1c2dc5580507bc1b0ef507c63b3fc461.mp4?authorization=%2A%2A%2A
「中」杨小壮-孤芳自赏,https://vdse.bdstatic.com//650fda26067e619a8632b173052b3a08.mp4?authorization=%2A%2A%2A
「中」光良-第一次,http://vodcdn.video.taobao.com/oss/ali-video/fe68ff471420aaefcb3a7f4f413ad3f4/video.m3u8
「中」光良-童话,http://vodcdn.video.taobao.com/oss/ali-video/e2c54a5b89aaa794cfc186c41d2ef348/video.m3u8
「中」胡杨林-香水有毒,http://vodcdn.video.taobao.com/oss/ali-video/180f9fcdb9e2b24d3b13a526fb90003e/video.m3u8
「中」黄凯芹-相爱很难,http://vodcdn.video.taobao.com/oss/ali-video/11b6273898b6a1b1da34e646264cd036/video.m3u8
「中」江蕙-梦中的情话,http://vd2.bdstatic.com/mda-ji4rwrwg7fijyqkh/mda-ji4rwrwg7fijyqkh.mp4
「中」曾惜-讲真的,https://vdse.bdstatic.com//9145a29aecbbf594c5b21ab1e6b14d20.mp4?authorization=%2A%2A%2A
「中」张杰-就算没有如果,https://vdse.bdstatic.com//b362a1c2ecbc60b18d3dc06cdc97f142.mp4?authorization=%2A%2A%2A
「中」筷子兄弟-小苹果,http://vd1.bdstatic.com/mda-hc2rwgemn6yrnvw2/mda-hc2rwgemn6yrnvw2.mp4
「中」冷漠-不要再说你还爱我,http://antiserver.kuwo.cn/anti.s?rid=MUSIC_911272&response=res&format=mp4&type=convert_url
「中」冷漠-古咖啡,http://antiserver.kuwo.cn/anti.s?rid=MUSIC_3142984&response=res&format=mp4&type=convert_url
「中」冷漠-你把爱情给了谁,http://antiserver.kuwo.cn/anti.s?rid=MUSIC_1210771&response=res&format=mp4&type=convert_url
「中」冷漠-谁都不要说分手,http://antiserver.kuwo.cn/anti.s?rid=MUSIC_12975393&response=res&format=mp4&type=convert_url
「中」冷漠-时光海湾,http://antiserver.kuwo.cn/anti.s?rid=MUSIC_9867444&response=res&format=mp4&type=convert_url
「中」冷漠-我是否也在你心中,http://antiserver.kuwo.cn/anti.s?rid=MUSIC_4378249&response=res&format=mp4&type=convert_url
「中」冷漠-再爱也没有用,http://antiserver.kuwo.cn/anti.s?rid=MUSIC_5834217&response=res&format=mp4&type=convert_url
「中」冷漠-真不是闹着玩,http://antiserver.kuwo.cn/anti.s?rid=MUSIC_22836669&response=res&format=mp4&type=convert_url
「中」黎瑞恩-为情为爱,http://vodcdn.video.taobao.com/oss/ali-video/73348f95d4cee3fcc96a63c30deed357/video.m3u8
「中」李圣杰-痴心绝对,http://vodcdn.video.taobao.com/oss/ali-video/f2b27944f9960f3dbb2c6dd6c4679747/video.m3u8
「中」李翊君-诺言,http://vodcdn.video.taobao.com/oss/ali-video/b8096cd4762369bbcb4ceb52cc25a938/video.m3u8
「中」凉凉张碧晨杨宗纬,https://vdse.bdstatic.com//56bc61cb4f9d080708a7e74647a1c2b2.mp4?authorization=%2A%2A%2A
「中」梁朝伟-一天一天爱恋,http://vodcdn.video.taobao.com/oss/ali-video/d8c74bd184d05f8cf1cbd4bbd7307f79/video.m3u8
「中」梁静茹-问,http://vodcdn.video.taobao.com/oss/ali-video/b2a2adf565e97d00d1bd6d62145184d1/video.m3u8
「中」梁静茹-勇气,http://vodcdn.video.taobao.com/oss/ali-video/f501ffc81da040099b17fb1db30b92fe/1462937648/video.m3u8.m3u8
「中」龙梅子-泪满天,http://vodcdn.video.taobao.com/oss/ali-video/2ea2890443421f58665a7fdf0a297265/video.m3u8
「中」吕方-多爱你一天,http://vodcdn.video.taobao.com/oss/ali-video/dcd97358c3e72377932aa883727320f9/video.m3u8
「中」吕方-朋友别哭,http://bizcommon.alicdn.com/l2nDqpMmn6DGHnWzZQA/qgljCDKewD8vEgOMrrt%40%40sd.m3u8
「中」罗时丰-爱那么痛,http://vd2.bdstatic.com/mda-jcrjbhmgprhs00c4/sc/mda-jcrjbhmgprhs00c4.mp4
「中」罗时丰-爱情的路,http://vd4.bdstatic.com/mda-jcrjcp1wy5q2i00n/sc/mda-jcrjcp1wy5q2i00n.mp4
「中」罗时丰-擦掉彼句我爱你,http://vd1.bdstatic.com/mda-hj3j9zhu12h99a79/vs-f5f50550f0b93f5020da43ab88266eda-watermark/hd/mda-hj3j9zhu12h99a79.mp4
「中」罗时丰-无情之梦,http://vd2.bdstatic.com/mda-je1jq1hvgmab08gd/sc/mda-je1jq1hvgmab08gd.mp4
「中」罗时丰-心事,http://vd2.bdstatic.com/mda-jaadiz1rwrtrj7kw/sc/mda-jaadiz1rwrtrj7kw.mp4
「中」罗时丰一定要成功,http://vd1.bdstatic.com/mda-hgmk00ncqxvvix0v/mda-hgmk00ncqxvvix0v.mp4
「中」赵方婧-芒种,https://vd3.bdstatic.com/mda-kat1tr4ka5st965k/hd/mda-kat1tr4ka5st965k.mp4?pd=20
「中」毛宁-蓝蓝的夜蓝蓝的梦,http://vodcdn.video.taobao.com/oss/ali-video/6d5a8c2e7667e3d6138246a45571d1f7/video.m3u8
「中」毛宁-晚秋,http://vodcdn.video.taobao.com/oss/ali-video/95751adaad64e6ca860b18f4855cd94d/video.m3u8
「中」毛宁/杨钰莹-心雨,http://vodcdn.video.taobao.com/oss/ali-video/0191a1eb6017684a3641a51d32c9633a/video.m3u8
「中」孟庭苇-爱你太深,http://bizcommon.alicdn.com/l2nDqpMmn6DGHnWzZQA/KbJb4OVT1yH1ZDvri5p%40%40hd.m3u8
「中」孟庭苇-把思念寄托远方,http://bizcommon.alicdn.com/l2nDqpMmn6DGHnWzZQA/Y0iKpwmE2YZona6PY7A%40%40hd.m3u8
「中」孟庭苇-不下雨就出太阳吧,http://bizcommon.alicdn.com/l2nDqpMmn6DGHnWzZQA/lhaW77A2RRwiJrh0CiJ%40%40hd.m3u8
「中」孟庭苇-春雪,http://bizcommon.alicdn.com/l2nDqpMmn6DGHnWzZQA/5ZFrpzPk37KvY7CaTUj%40%40hd.m3u8
「中」孟庭苇-冬季到台北来看雨,http://bizcommon.alicdn.com/l2nDqpMmn6DGHnWzZQA/Pd8qTC385qKJVXaXcKj%40%40hd.m3u8
「中」孟庭苇-风里的梦,http://vodcdn.video.taobao.com/oss/ali-video/626e2336b5e9765e14ba22a617fd6223/video.m3u8
「中」孟庭苇-风中有朵雨做的云,http://bizcommon.alicdn.com/l2nDqpMmn6DGHnWzZQA/Cg9qI5imMInpPvK5Mnm%40%40hd.m3u8
「中」孟庭苇-过冬,http://bizcommon.alicdn.com/l2nDqpMmn6DGHnWzZQA/U9QKnKK2RpKMElnSS07%40%40hd.m3u8
「中」孟庭苇-红雨,http://vodcdn.video.taobao.com/oss/ali-video/a816f01838e07c4dac5f8612331bca63/video.m3u8
「中」孟庭苇-你究竟有多少个好妹妹,http://vodcdn.video.taobao.com/oss/ali-video/dfb07cbdd8435d48cb1e6691122d8d85/video.m3u8
「中」孟庭苇-你看你看月亮的脸,http://vodcdn.video.taobao.com/oss/ali-video/6e098f7b47614885845efb7a45998eb1/1465875165/video.m3u8.m3u8
「中」孟庭苇-谁的眼泪在飞,http://vodcdn.video.taobao.com/oss/ali-video/bfcfddb1694a43957962294c2f75bdfb/video.m3u8
「中」孟庭苇-我说的谎都是真的,http://bizcommon.alicdn.com/l2nDqpMmn6DGHnWzZQA/9aqTcUjlJ7KZkA37W1E%40%40hd.m3u8
「中」孟庭苇-无声的雨,http://vodcdn.video.taobao.com/oss/ali-video/d404a897abb4526c94bb5f72dc566952/video.m3u8
「中」孟庭苇-雾里看花,http://bizcommon.alicdn.com/l2nDqpMmn6DGHnWzZQA/fi3PjAgsnTjwzAvSboT%40%40hd.m3u8
「中」孟庭苇-真的还是假的,http://bizcommon.alicdn.com/l2nDqpMmn6DGHnWzZQA/vhJvCIZiDOz7f6VTCON%40%40hd.m3u8
「中」摩登兄弟-探清水河,http://vd2.bdstatic.com/mda-jg6dffnbt92877h0/sc/mda-jg6dffnbt92877h0.mp4
「中」阿冗-你的答案,https://vdse.bdstatic.com/363480020aaa13240bbe51121d3e2a65.mp4?authorization=%2A%2A%2A
「中」陈雪凝-你的酒馆对我打了烊,https://vd3.bdstatic.com/mda-ka59e4w0qxxsxnt0/hd/mda-ka59e4w0qxxsxnt0.mp4?pd=19&vt=1
「中」阿悠悠-你若三冬,https://vdse.bdstatic.com/865b4e81a729189fcafe910104151a75.mp4?authorization=%2A%2A%2A
「中」彭佳慧-回味,http://vodcdn.video.taobao.com/oss/ali-video/6801f707771eacdb5264f8bb20e4d599/video.m3u8
「中」彭佳慧-无法割舍,http://vodcdn.video.taobao.com/oss/ali-video/8be8f7d28d4f2c7ce759d431f0d3181b/video.m3u8
「中」海伦-桥边姑娘,https://vdse.bdstatic.com/8ae4235344c61f9c05ccf3716c84e823.mp4?authorization=%2A%2A%2A
「中」裘正海-爱你十分泪七分,http://vodcdn.video.taobao.com/oss/ali-video/6ad63af2dc4b244d0dc773b2004374c3/video.m3u8
「中」任齐贤-心太软,http://vodcdn.video.taobao.com/oss/ali-video/1675208d8b5f0f0d8ce09236f4068dfe/video.m3u8
「中」如果有一天我变的很有钱,https://vd3.bdstatic.com/mda-jjmfvpaqh1z11ibc/hd/mda-jjmfvpaqh1z11ibc.mp4?pd=19&vt=1
「中」如梦令,https://vdse.bdstatic.com/20e606730cb53b91bd4a4d2b0323e563.mp4?authorization=%2A%2A%2A
「中」马健淘-杀阡陌,https://vdse.bdstatic.com/17014878933308f5eb81b2a9d98783d8.mp4?authorization=%2A%2A%2A
「中」柏松-世界美好与你环环相扣,https://vdse.bdstatic.com//90f59f9978da89c2f5f8dec807a238b6.mp4?authorization=%2A%2A%2A
「中」誓言-求佛,http://vodcdn.video.taobao.com/oss/ali-video/f4f761d970399f186ce1f9ac6d009721/video.m3u8
「中」思慕-郁可唯,https://vdse.bdstatic.com/5ec8d619d2ecb4ff832cfa252a967bb8.mp4?authorization=%2A%2A%2A
「中」谭咏麟/关淑怡-明天你是否依然爱我,http://vodcdn.video.taobao.com/oss/ali-video/0b56ad556e887a9be35d496d318a7565/video.m3u8
「中」于文文-体面,https://vdse.bdstatic.com//f18bdf41f28b68a1b0177fa5e5cdf8fe.mp4?authorization=%2A%2A%2A
「中」杨紫/邓伦-天地无霜,https://vdse.bdstatic.com//bd1f7fcb1263b608c60793c5c7094ce9.mp4?authorization=%2A%2A%2A
「中」王彩华-爱情的骗子我问你,http://vd4.bdstatic.com/mda-jm4h7v1isxwc660u/sc/mda-jm4h7v1isxwc660u.mp4
「中」王菲-爱与痛的边缘,http://vodcdn.video.taobao.com/oss/ali-video/f5e79c70df75bdccf2714ed788764f58/video.m3u8
「中」王菲-如风,http://vodcdn.video.taobao.com/oss/ali-video/f176658a3f974aecd5ce3df456092835/video.m3u8
「中」王菲-执迷不悔,http://vodcdn.video.taobao.com/oss/ali-video/15bf7da88b44048edaabe73d6b17c00b/video.m3u8
「中」王麟-伤不起,http://vodcdn.video.taobao.com/oss/ali-video/1e3633ff1c3a525e148968b45c18f780/video.m3u8
「中」损茜茹/马良-往后余生,https://vd3.bdstatic.com/mda-jatub6sb1pzwxfnb/hd/mda-jatub6sb1pzwxfnb.mp4?pd=19&vt=1
「中」赵丽颖/张碧晨-望,https://vdse.bdstatic.com/25f5ae931f851bf09c48abaebe5d6f8d.mp4?authorization=%2A%2A%2A
「中」翁立友-阿公的茶,http://vd2.bdstatic.com/mda-ijgqgd9jwz54ray7/sc/mda-ijgqgd9jwz54ray7.mp4
「中」翁立友-爱过无心,http://vd4.bdstatic.com/mda-ijgqk17gxf3xh2wz/sc/mda-ijgqk17gxf3xh2wz.mp4
「中」翁立友-爱情的陷阱,http://vd3.bdstatic.com/mda-ijgee8tg9n4a95ij/sc/mda-ijgee8tg9n4a95ij.mp4
「中」翁立友-表示,http://vd4.bdstatic.com/mda-ijge8r0m6vgx46ms/sc/mda-ijge8r0m6vgx46ms.mp4
「中」翁立友-痴情雨,http://vd1.bdstatic.com/mda-hemzqd1rrbr8q4kw/sc/mda-hemzqd1rrbr8q4kw.mp4
「中」翁立友-独身仔的生活,http://vd4.bdstatic.com/mda-jdmd7ydrsa0dp6e2/hd/mda-jdmd7ydrsa0dp6e2.mp4
「中」翁立友-感恩,http://vd2.bdstatic.com/mda-jdc4v9b9tvrjw4pe/hd/mda-jdc4v9b9tvrjw4pe.mp4
「中」翁立友-乎我理由,http://vd3.bdstatic.com/mda-jd0bzjvcp1d19b0k/sc/mda-jd0bzjvcp1d19b0k.mp4
「中」翁立友-甲妳惜命命,http://vd2.bdstatic.com/mda-jk2ptewhvn5cee6n/sc/mda-jk2ptewhvn5cee6n.mp4
「中」翁立友-坚持,http://vd2.bdstatic.com/mda-ji4uxxfqu5tgr7c3/mda-ji4uxxfqu5tgr7c3.mp4
「中」翁立友-今生今世,http://vd3.bdstatic.com/mda-ji4sadsbxes30b8h/mda-ji4sadsbxes30b8h.mp4
「中」翁立友-妈妈请你不通痛,http://vd3.bdstatic.com/mda-im9gh6d15m05zu9p/sc/mda-im9gh6d15m05zu9p.mp4
「中」翁立友-迷魂香,http://vd1.bdstatic.com/mda-hid0euc4xc7xmum0/sc/mda-hid0euc4xc7xmum0.mp4
「中」翁立友-恁姊仔住市内,http://vd3.bdstatic.com/mda-ijfekw4yxergj9ak/sc/mda-ijfekw4yxergj9ak.mp4
「中」翁立友-拼命的坚持,http://vd4.bdstatic.com/mda-jd9ksvdjk0n3qiae/hd/mda-jd9ksvdjk0n3qiae.mp4
「中」翁立友-前途,http://vd2.bdstatic.com/mda-jijnuvcf8ggs5wte/mda-jijnuvcf8ggs5wte.mp4
「中」翁立友-情缘路,http://vd3.bdstatic.com/mda-ijgdxmwrrfv4tsam/sc/mda-ijgdxmwrrfv4tsam.mp4
「中」翁立友-思念的情泪,http://vd3.bdstatic.com/mda-hmhng3p0jbskv57p/sc/mda-hmhng3p0jbskv57p.mp4
「中」翁立友-送你送到这,http://vd2.bdstatic.com/mda-jm33ts9txcjuaq27/hd/mda-jm33ts9txcjuaq27.mp4
「中」翁立友-探听,http://vd2.bdstatic.com/mda-igmf3i4hied5ar5u/hd/mda-igmf3i4hied5ar5u.mp4
「中」翁立友-为爱相逢,http://vd2.bdstatic.com/mda-ijgq79ukweagj0v0/sc/mda-ijgq79ukweagj0v0.mp4
「中」翁立友-温暖家园,http://vd3.bdstatic.com/mda-igim5cnwnq4xv94f/hd/mda-igim5cnwnq4xv94f.mp4
「中」翁立友-我问天,http://vd4.bdstatic.com/mda-im9gwdckyxiq5ab6/sc/mda-im9gwdckyxiq5ab6.mp4
「中」翁立友-沃澹的相片,http://vd4.bdstatic.com/mda-jefjhd593hvtfjsc/sc/mda-jefjhd593hvtfjsc.mp4
「中」翁立友-限时批,http://vd3.bdstatic.com/mda-iighnnxyc3nfj9zu/sc/mda-iighnnxyc3nfj9zu.mp4
「中」翁立友-行棋,http://vd2.bdstatic.com/mda-ji4w8pcxse8taw5b/sc/mda-ji4w8pcxse8taw5b.mp4
「中」翁立友-因为你的爱,http://vd2.bdstatic.com/mda-jk2r3d0w8sqkk59j/mda-jk2r3d0w8sqkk59j.mp4
「中」翁立友-用泪写缘份,http://vd4.bdstatic.com/mda-ijfeqx4zc0gxq5jq/sc/mda-ijfeqx4zc0gxq5jq.mp4
「中」翁立友-找巢,http://vd2.bdstatic.com/mda-jm5gc09g63p6j10k/sc/mda-jm5gc09g63p6j10k.mp4
「中」我曾,https://vd3.bdstatic.com/mda-jjm8i93paakzz8yj/hd/mda-jjm8i93paakzz8yj.mp4?pd=20&vt=1
「中」我愿意平凡的陪在你身旁,https://vdse.bdstatic.com/570e05ef514db00b14c9c10d1aef7f1f.mp4?authorization=%2A%2A%2A
「中」巫启贤-太傻,http://vodcdn.video.taobao.com/oss/ali-video/e6f2953419f904065dc2ce38efc85515/video.m3u8
「中」巫启贤-只因你伤心,http://vodcdn.video.taobao.com/oss/ali-video/c28acbe36530da595b04161855bba004/video.m3u8
「中」屋顶着火宋茜,https://vd3.bdstatic.com/mda-ife08h4xpq85sg65/logo/hd/mda-ife08h4xpq85sg65.mp4?pd=19&vt=1
「中」下山,https://vdse.bdstatic.com/e2d35750d461a6d524080c7a3c4cb7a4.mp4?authorization=%2A%2A%2A
「中」消愁,https://vd3.bdstatic.com/mda-ifkj2zwdscwthsfj/logo/hd/mda-ifkj2zwdscwthsfj.mp4?pd=20
「中」小凤凤爱情一阵风,http://vd2.bdstatic.com/mda-jjm7vgq1iahz0zpg/mda-jjm7vgq1iahz0zpg.mp4
「中」辛晓琪-仿佛是昨天,http://vodcdn.video.taobao.com/oss/ali-video/dbaf6d1d5a0ec2d93a668796e46e4f05/video.m3u8
「中」辛晓琪-俩俩相忘,http://vodcdn.video.taobao.com/oss/ali-video/6b406c70e3007a5c66a2085c39b13d80/video.m3u8
「中」辛晓琪-领悟,http://vodcdn.video.taobao.com/oss/ali-video/2a4e61d4bba6b712bd5638fd508e85a5/video.m3u8
「中」辛晓琪-味道,http://vodcdn.video.taobao.com/oss/ali-video/ce005204d02a88cfac474f1583f08add/video.m3u8
「中」许茹芸-不爱我放了我,http://vodcdn.video.taobao.com/oss/ali-video/b0f458650135c68f1b88ea7667eec629/video.m3u8
「中」许茹芸-独角戏,http://vodcdn.video.taobao.com/oss/ali-video/5333f389ce940d0a2c1dd6090927746c/video.m3u8
「中」许茹芸-泪海,http://vodcdn.video.taobao.com/oss/ali-video/76fe6eb28aee716783f2a47ba8a15e5a/video.m3u8
「中」许茹芸-如果云知道,http://vodcdn.video.taobao.com/oss/ali-video/fd87aea7bc293a5930b8a64c752df476/video.m3u8
「中」许茹芸-我依然爱你,http://vodcdn.video.taobao.com/oss/ali-video/4c4ec12e6efa0d76e5a269ac05ea394e/video.m3u8
「中」杨曼-9999滴眼泪,http://vodcdn.video.taobao.com/oss/ali-video/f6d027835c0e8f72d3c74379b86fb696/video.m3u8
「中」杨钰莹-等你一万年,http://vodcdn.video.taobao.com/oss/ali-video/e1e0b88e5c6d40d7176f353d41aac985/video.m3u8
「中」杨钰莹-红彤彤的春天,http://vodcdn.video.taobao.com/oss/ali-video/31fcc5242ffc9a00a5a62d89b21c0bea/video.m3u8
「中」杨钰莹-轻轻告诉你,http://vodcdn.video.taobao.com/oss/ali-video/1905c60363f40cea52f342ec59132da0/video.m3u8
「中」杨钰莹-我不想说,http://vodcdn.video.taobao.com/oss/ali-video/cc97a07de2cac88c025590ef874253fc/video.m3u8
「中」叶倩文-曾经心痛,http://vodcdn.video.taobao.com/oss/ali-video/0ea34400f2502a94ee14aea506e0042b/video.m3u8
「中」叶倩文-伤逝,http://vodcdn.video.taobao.com/oss/ali-video/9f6ad7cd057bc2cf21d1c5a6cc57eed7/video.m3u8
「中」叶倩文-我的爱对你说,http://bizcommon.alicdn.com/l2nDqpMmn6DGHnWzZQA/7xXG24i7EbZtCTOtSnh%40%40sd.m3u8
「中」叶倩文-潇洒走一回,http://vodcdn.video.taobao.com/oss/ali-video/371d75312720e701b5f3988d46cdf4ef/video.m3u8
「中」一念一年,https://vdse.bdstatic.com/ea4ad861c3816ba29b415da2494706a1.mp4?authorization=%2A%2A%2A
「中」一曲相思,https://vdse.bdstatic.com//e547b08ce3afad200eec374f3c4ee450.mp4?authorization=%2A%2A%2A
「中」余年,https://vdse.bdstatic.com/660c78b56b33dca31497de9c6921c5a6.mp4?authorization=%2A%2A%2A
「中」原版大鱼海棠,http://vd3.bdstatic.com/mda-jm9x2pw13gpb4d82/sc/mda-jm9x2pw13gpb4d82.mp4
「中」站着等你三千年,https://vdse.bdstatic.com//967f216dea39a6f3ccb44884a219f8ff.mp4?authorization=%2A%2A%2A
「中」张惠妹-别在伤口撒盐,http://vodcdn.video.taobao.com/oss/ali-video/5997fdd5c8b241b7b2995ae6da3bc8f8/1458294379/video.m3u8.m3u8
「中」张惠妹-听海,http://vodcdn.video.taobao.com/oss/ali-video/c105aa7685c54fbfa74b92e8cc88a3e3/1457681472/video.m3u8.m3u8
「中」张秀卿车站,http://vd2.bdstatic.com/mda-jjmnjgiabtvmy13u/sc/mda-jjmnjgiabtvmy13u.mp4
「中」张学友-一颗不变心,http://vodcdn.video.taobao.com/oss/ali-video/1dcf180669ab98697e49c4c9b5f76cd7/video.m3u8
「中」张学友-只想一生跟你走,http://vodcdn.video.taobao.com/oss/ali-video/7f567e1159256a099f3de8f1fdda2db0/video.m3u8
「中」张智霖-片片枫叶情,http://vodcdn.video.taobao.com/oss/ali-video/1d02cf8794a542c930fbf210c0a4e3e7/video.m3u8
「中」张智霖-现代爱情故事,http://vodcdn.video.taobao.com/oss/ali-video/864b1ca28cb8b566e2989775ae737de7/video.m3u8
「中」只问你肯不肯,https://vdse.bdstatic.com/d4463cd83c0c47fba7ce65c71ad94bbb.mp4?authorization=%2A%2A%2A
「中」纸短情长,https://vdse.bdstatic.com//e214194bf6de7f598b9873619b691fa6.mp4?authorization=%2A%2A%2A
「中」周华健-风雨无阻,http://vodcdn.video.taobao.com/oss/ali-video/8d77795bdc63d87125ba47f993e0bfb4/video.m3u8
「中」周华健-朋友,http://vodcdn.video.taobao.com/oss/ali-video/6079de4355c45a42073ead75954c1b2f/video.m3u8
「中」周慧敏-痴心换情深,http://vodcdn.video.taobao.com/oss/ali-video/aa07f0b5c8a36740b3bee03d69a4116c/video.m3u8
「中」卓依婷-爱拼才会赢,http://vd3.bdstatic.com/mda-jfreugw1pcza8xr1/mda-jfreugw1pcza8xr1.mp4?playlist=%5B%22hd%22%2C%22sc%22%5D
「中」卓依婷-爱情一阵风,http://vd3.bdstatic.com/mda-jf5fre7jvd0q3rfu/mda-jf5fre7jvd0q3rfu.mp4?playlist=%5B%22hd%22%2C%22sc%22%5D
「中」卓依婷-擦干眼泪,http://vd3.bdstatic.com/mda-jeqd4kq8iwh67a1k/mda-jeqd4kq8iwh67a1k.mp4?playlist=%5B%22hd%22%2C%22sc%22%5D
「中」卓依婷-采红菱,http://vd3.bdstatic.com/mda-jfdvpsg280t986rz/mda-jfdvpsg280t986rz.mp4?playlist=%5B%22hd%22%2C%22sc%22%5D
「中」卓依婷-常回家看看,http://vd3.bdstatic.com/mda-jerf6nxy7nc0d6m5/mda-jerf6nxy7nc0d6m5.mp4?playlist=%5B%22hd%22%2C%22sc%22%5D
「中」卓依婷-大家一起来DJ,http://vd3.bdstatic.com/mda-jf1jfkgj3qte7h96/mda-jf1jfkgj3qte7h96.mp4?playlist=%5B%22hd%22%2C%22sc%22%5D
「中」卓依婷-歹路不通行,http://vd3.bdstatic.com/mda-imigfktdeeseud4j/mda-imigfktdeeseud4j.mp4?playlist=%5B%22hd%22%2C%22sc%22%5D
「中」卓依婷-电话情思,http://vd3.bdstatic.com/mda-jfghscj8datutink/mda-jfghscj8datutink.mp4?playlist=%5B%22hd%22%2C%22sc%22%5D
「中」卓依婷-东南西北风,http://vd3.bdstatic.com/mda-jf9fszd51shymgp6/mda-jf9fszd51shymgp6.mp4?playlist=%5B%22hd%22%2C%22sc%22%5D
「中」卓依婷-杜十娘,http://vd3.bdstatic.com/mda-jekst5s3c341xwyd/mda-jekst5s3c341xwyd.mp4?playlist=%5B%22hd%22%2C%22sc%22%5D
「中」卓依婷-橄榄树,http://vd3.bdstatic.com/mda-jfagwdhxb30ymr13/mda-jfagwdhxb30ymr13.mp4?playlist=%5B%22hd%22%2C%22sc%22%5D
「中」卓依婷-花好月圆,http://vd3.bdstatic.com/mda-jepfhjwcthgci13y/mda-jepfhjwcthgci13y.mp4?playlist=%5B%22hd%22%2C%22sc%22%5D
「中」卓依婷-旧情也绵绵,http://vd3.bdstatic.com/mda-jfje0s0z33b0c9vf/mda-jfje0s0z33b0c9vf.mp4?playlist=%5B%22hd%22%2C%22sc%22%5D
「中」卓依婷-看不见温柔,http://vd3.bdstatic.com/mda-jeqg6s6gc0ietmst/mda-jeqg6s6gc0ietmst.mp4?playlist=%5B%22hd%22%2C%22sc%22%5D
「中」卓依婷-流星雨,http://vd3.bdstatic.com/mda-jfap39wqmi2yisu6/mda-jfap39wqmi2yisu6.mp4?playlist=%5B%22hd%22%2C%22sc%22%5D
「中」卓依婷-鲁冰花,http://vd3.bdstatic.com/mda-jf8fbjprnf1fvpxm/mda-jf8fbjprnf1fvpxm.mp4?playlist=%5B%22hd%22%2C%22sc%22%5D
「中」卓依婷-美酒加咖啡,http://vd3.bdstatic.com/mda-jfrred8ck6pnh6bq/mda-jfrred8ck6pnh6bq.mp4?playlist=%5B%22hd%22%2C%22sc%22%5D
「中」卓依婷-梦醒十分,http://vd3.bdstatic.com/mda-jennyc5ci1ugrxzi/mda-jennyc5ci1ugrxzi.mp4?playlist=%5B%22hd%22%2C%22sc%22%5D
「中」卓依婷-免失志,http://vd3.bdstatic.com/mda-jdngvdh4ru0irwma/mda-jdngvdh4ru0irwma.mp4?playlist=%5B%22hd%22%2C%22sc%22%5D
「中」卓依婷-莫辜负好时光,http://vd3.bdstatic.com/mda-jfkkh6m5u47trvqc/mda-jfkkh6m5u47trvqc.mp4?playlist=%5B%22hd%22%2C%22sc%22%5D
「中」卓依婷-萍聚,http://vd3.bdstatic.com/mda-jenmbx88uk365k40/mda-jenmbx88uk365k40.mp4?playlist=%5B%22hd%22%2C%22sc%22%5D
「中」卓依婷-山不转水转,http://vd3.bdstatic.com/mda-jb7pfvgc6wuivhqi/mda-jb7pfvgc6wuivhqi.mp4?playlist=%5B%22hd%22%2C%22sc%22%5D
「中」卓依婷-同一首歌,http://vd3.bdstatic.com/mda-jf1j2af0dji6ju83/mda-jf1j2af0dji6ju83.mp4?playlist=%5B%22hd%22%2C%22sc%22%5D
「中」卓依婷-蜗牛与黄鹂鸟,http://vd3.bdstatic.com/mda-jfjnacpfn6r21dec/mda-jfjnacpfn6r21dec.mp4?playlist=%5B%22hd%22%2C%22sc%22%5D
「中」卓依婷-无聊的爱情,http://vd3.bdstatic.com/mda-jfkhu7bksxcqjq2z/mda-jfkhu7bksxcqjq2z.mp4?playlist=%5B%22hd%22%2C%22sc%22%5D
「中」卓依婷-无情的班机,http://vd3.bdstatic.com/mda-jeqjsqimdzvytgvv/mda-jeqjsqimdzvytgvv.mp4?playlist=%5B%22hd%22%2C%22sc%22%5D
「中」卓依婷-无言的结局,http://vd3.bdstatic.com/mda-jenpdiydc7kez9ze/mda-jenpdiydc7kez9ze.mp4?playlist=%5B%22hd%22%2C%22sc%22%5D
「中」卓依婷-谢谢你的爱,http://vd3.bdstatic.com/mda-jf2fuh2yhd0txff0/mda-jf2fuh2yhd0txff0.mp4?playlist=%5B%22hd%22%2C%22sc%22%5D
「中」卓依婷-心挂意无处用,http://vd3.bdstatic.com/mda-jfkgx7x5gki9xpgs/mda-jfkgx7x5gki9xpgs.mp4?playlist=%5B%22hd%22%2C%22sc%22%5D
「中」卓依婷-夜来香,http://vd3.bdstatic.com/mda-jfai9k0sxf0nisvq/mda-jfai9k0sxf0nisvq.mp4?playlist=%5B%22hd%22%2C%22sc%22%5D
「中」卓依婷-雨过天晴,http://vd3.bdstatic.com/mda-jfbggf264f55hv4m/mda-jfbggf264f55hv4m.mp4?playlist=%5B%22hd%22%2C%22sc%22%5D
「中」卓依婷-捉泥鳅,http://vd3.bdstatic.com/mda-jf6k8v71hrs8s441/mda-jf6k8v71hrs8s441.mp4?playlist=%5B%22hd%22%2C%22sc%22%5D
「中」醉千年李袁杰,http://vd3.bdstatic.com/mda-ihai9qt3yny3sx53/hd/mda-ihai9qt3yny3sx53.mp4?pd=19&vt=1
「中」左手指月,https://vdse.bdstatic.com//b35227847ccb42d48ea6414d47087ce9.mp4?authorization=%2A%2A%2A
「中」sheep张艺兴,https://vdse.bdstatic.com/971347deaddd6fdb5ada6e87e4722ece.mp4?authorization=%2A%2A%2A
30A Investment Pitch,http://www.30a-tv.com/InvPit.m3u8?checkedby%3Aiptvcat.com=
30A Music,http://30a-tv.com/music.m3u8?checkedby%3Aiptvcat.com=
88 Stereo,http://k3.usastreams.com/CableLatino/88stereo/playlist.m3u8?checkedby%3Aiptvcat.com=
ABC News,https://abc-iview-mediapackagestreams-2.akamaized.net/out/v1/6e1cc6d25ec0480ea099a5399d73bc4b/index.m3u8
Access Sacramento Channel 17,https://reflect-access-sacramento.cablecast.tv/live-7/live/live.m3u8?checkedby%3Aiptvcat.com=
Access Sacramento Channel 18,https://reflect-access-sacramento.cablecast.tv/live-8/live/live.m3u8?checkedby%3Aiptvcat.com=
Action Hollywood Movies,https://cdn-apse1-prod.tsv2.amagi.tv/linear/amg01076-lightningintern-actionhollywood-samsungnz/playlist.m3u8?checkedby%3Aiptvcat.com=
Ahlulbayt TV,http://109.123.126.14:1935/live/livestream1.sdp/chunklist.m3u8?checkedby%3Aiptvcat.com=
Al Horreya TV,http://media.smc-host.com:1935/alhorreya.tv/_definst_/mp4:alhorreya3/playlist.m3u8?checkedby%3Aiptvcat.com=
Al Maali TV (1080p),https://kali.vdopanel.com:3986/live/mbashalive.m3u8?checkedby%3Aiptvcat.com=
AR | 5TV Corrientes,http://www.coninfo.net:1935/tvcinco/live1/chunklist_w1546509083.m3u8?checkedby%3Aiptvcat.com=
Arroyo Grande Gov't Access TV Channel 20,https://agp-nimble.streamguys1.com/AGCC/AGCC/playlist.m3u8?checkedby%3Aiptvcat.com=
Bahrain Sports 2,https://5c7b683162943.streamlock.net/live/ngrp:bahrainsportstwo_all/playlist.m3u8?checkedby%3Aiptvcat.com=
BBC Arabic,https://vs-hls-pushb-ww-live.akamaized.net/x=3/i=urn:bbc:pips:service:bbc_arabic_tv/pc_hd_abr_v2_akamai_hls_live_http.m3u8?checkedby%3Aiptvcat.com=
BBC Persian,https://vs-hls-pushb-ww-live.akamaized.net/x=3/i=urn:bbc:pips:service:bbc_persian_tv/pc_hd_abr_v2_akamai_hls_live_http.m3u8?checkedby%3Aiptvcat.com=
BBC World News,http://103.199.161.254/Content/bbcworld/Live/Channel%28BBCworld%29/index.m3u8
Better Life TV,http://uni5rtmp.tulix.tv:1935/betterlife/betterlife/playlist.m3u8?checkedby%3Aiptvcat.com=
Better Nature TV,http://uni5rtmp.tulix.tv:1935/betternature/betternature/playlist.m3u8?checkedby%3Aiptvcat.com=
Bloomberg Quicktake,http://bloomberg-quicktake-1-nl.samsung.wurl.tv/playlist.m3u8?checkedby%3Aiptvcat.com=
CafeTV24 Veneto,https://srvx1.selftv.video/cafe/live/playlist.m3u8?checkedby%3Aiptvcat.com=
Camp Spoopy「少儿」,https://stream.ads.ottera.tv/playlist.m3u8?network_id=269&livestream=1&live=1&app_bundle=com.plexapp.desktop&did=df8e1a36-847d-5096-86a7-3803ed330ede&app_domain=app.plex.tv&app_name=plex&h=691&w=1224&content_title=MorUy57ijWhGe4ixZb_T&content_series=5f77a99416621400402b3dc1&custom4=plex&gdpr=1&device_make=Windows&device_model=Firefox&coppa=1&us_privacy=1---&checkedby%3Aiptvcat.com=
Canal 13 La Rioja,http://arcast.net:1935/mp/mp/playlist.m3u8?checkedby%3Aiptvcat.com=
Canal 4 Jujuy,http://190.52.32.13:1935/canal4/smil:manifest.smil/playlist.m3u8?checkedby%3Aiptvcat.com=
Cartoon Network,https://playout.cdn.cartoonnetwork.com.br/playout_02/playlist.m3u8?checkedby%3Aiptvcat.com=
Christian Youth Channel,http://media.smc-host.com:1935/cycnow.com/cyc2/chunklist_w884806316.m3u8?checkedby%3Aiptvcat.com=
CineView,https://cdn-apse1-prod.tsv2.amagi.tv/linear/amg01076-lightningintern-rialto-samsungnz/playlist.m3u8?checkedby%3Aiptvcat.com=
Cloudflare TV,https://cloudflare.tv/hls/live.m3u8?checkedby%3Aiptvcat.com=
Clubbing TV,https://clubbingtv-samsungnz.amagi.tv/playlist.m3u8?checkedby%3Aiptvcat.com=
Colosal TV,http://tv.ticosmedia.com:1935/COLOSAL/COLOSAL/playlist.m3u8?checkedby%3Aiptvcat.com=
Comet TV,http://usgeowall.sinclairstoryline.com/channel/3e45c6b5354a40f787e0b2aadb0f5d6a.m3u8?checkedby%3Aiptvcat.com=
Cultura 24,http://vs8.live.opencaster.com/cultura24/_definst_/mp4:cultura24_480/chunklist_w1999901240.m3u8?checkedby%3Aiptvcat.com=
DC Council Channel,http://video.oct.dc.gov/out/u/15_12.m3u8?checkedby%3Aiptvcat.com=
Dunya News,http://imob.dunyanews.tv/live/_definst_/dunyalive_1/FluxusTV.m3u8?checkedby%3Aiptvcat.com=
Dust,https://cdn-apse1-prod.tsv2.amagi.tv/linear/amg00219-gunpowdersky-dustintlnz-samsungnz/playlist.m3u8?checkedby%3Aiptvcat.com=
Eman Channel,https://ap02.iqplay.tv:8082/iqb8002/3m9n/playlist.m3u8?checkedby%3Aiptvcat.com=
Entertainment TV:Charge,https://usgeowall.sinclairstoryline.com/channel/37eb732888614810b512fdd82604244e.m3u8?checkedby%3Aiptvcat.com=
Failarmy International,http://failarmy-international-in.samsung.wurl.tv/playlist.m3u8?checkedby%3Aiptvcat.com=
Folk TV,http://584b0aa350b92.streamlock.net:1935/folk-tv/myStream.sdp/playlist.m3u8?checkedby%3Aiptvcat.com=
GB News,https://cdn-apse1-prod.tsv2.amagi.tv/linear/amg01076-lightningintern-gbnewsnz-samsungnz/playlist.m3u8?checkedby%3Aiptvcat.com=
Gems TV,http://57d6b85685bb8.streamlock.net:1935/abrgemporiaukgfx/livestream_360p/index.m3u8?checkedby%3Aiptvcat.com=
Gigant FM,https://video.uitzending.tv:19360/gigantfm/gigantfm.m3u8?checkedby%3Aiptvcat.com=
Gusto TV,https://cdn-apse1-prod.tsv2.amagi.tv/linear/amg01077-gustoworldwidem-gustotvnz-samsungnz/playlist.m3u8?checkedby%3Aiptvcat.com=
Hell's Kitchen,https://cdn-uw2-prod.tsv2.amagi.tv/linear/amg00654-itvstudios-hellskitchennl-samsungnl/playlist.m3u8?checkedby%3Aiptvcat.com=
HollyWire,https://bozztv.com/hwotta/playlist/playlist.m3u8?checkedby%3Aiptvcat.com=
Horse and Country,https://hncfree-samsungau.amagi.tv/playlist.m3u8
Iqra TV,https://ap02.iqplay.tv:8082/iqb8002/iq6a7k/playlist.m3u8?checkedby%3Aiptvcat.com=
KBEV Spectrum Channel 6 [Beverly Hills],https://s3-us-west-2.amazonaws.com/beverly-hills-high-school.castus-vod/live/ch1/video.m3u8?checkedby%3Aiptvcat.com=
Legislative Assembly of Ontario,http://origin-http-delivery.isilive.ca/live/_definst_/ontla/house-en/playlist.m3u8?checkedby%3Aiptvcat.com=
LifevisionTV,http://uni5rtmp.tulix.tv/lifevision/lifevision.stream/playlist.m3u8?checkedby%3Aiptvcat.com=
LON TV (Lokale Omroep Nuenen),https://streamingserver02.omroepnuenen.nl/lon/lonweb_720p/playlist.m3u8?checkedby%3Aiptvcat.com=
Midpen Media Center Arts Issues and Lifestyles Channel 30,https://5c2974786200d.streamlock.net/live-chan30/ngrp:ch30_all/playlist.m3u8?checkedby%3Aiptvcat.com=
Midpen Media Center Diversity and Culture Channel 75,https://5c2974786200d.streamlock.net/live-chan75/ngrp:ch75_all/playlist.m3u8?checkedby%3Aiptvcat.com=
Midpen Media Center Government etc Channel 26,https://5c2974786200d.streamlock.net/live-chan26/ngrp:ch26_all/playlist.m3u8?checkedby%3Aiptvcat.com=
Midpen Media Center Government etc Channel 29,https://5c2974786200d.streamlock.net/live-chan29/ngrp:ch29_all/playlist.m3u8?checkedby%3Aiptvcat.com=
Midpen Media Center Youth Education and Sports Channel 28,https://5c2974786200d.streamlock.net/live-chan28/ngrp:ch28_all/playlist.m3u8?checkedby%3Aiptvcat.com=
Morro Bay Channel 20,https://agp-nimble.streamguys1.com/MBCh20/MBCh20/playlist.m3u8?checkedby%3Aiptvcat.com=
NRBTV,http://uni6rtmp.tulix.tv/nrbnetwork/myStream.sdp/playlist.m3u8?checkedby%3Aiptvcat.com=
PequeRadio TV「少儿」,http://canadaremar2.todostreaming.es/live/peque-pequetv.m3u8?checkedby%3Aiptvcat.com=
Realitatea Plus,https://edge.realitatea.net/realitatea/plus_fq/playlist.m3u8?checkedby%3Aiptvcat.com=
Regio8 TV,https://ms7.mx-cd.net/dtv-10/91-475821/Regio8TV.smil/playlist.m3u8?checkedby%3Aiptvcat.com=
Reuters,https://32ce4aad1eed49b1ba2999fb68d119c8.mediatailor.us-east-1.amazonaws.com/v1/manifest/44f73ba4d03e9607dcd9bebdcb8494d86964f1d8/Plex_ReutersNow/678e78de-ad71-4747-936a-55da37f68898/6.m3u8?checkedby%3Aiptvcat.com=
RTV Rijnstreek TV,https://ms7.mx-cd.net/tv/290-3222276/RTV_Rijnstreek.smil/playlist.m3u8?checkedby%3Aiptvcat.com=
Ryan and Friends,https://cdn-apse1-prod.tsv2.amagi.tv/linear/amg00286-pocketwatch-ryanandfriends-samsungnz/playlist.m3u8?checkedby%3Aiptvcat.com=
Satran TV,http://139.162.182.79/live/test/index.m3u8?checkedby%3Aiptvcat.com=
SEA TV,http://203.176.130.123:8989/live/seatv_480k.stream/playlist.m3u8?checkedby%3Aiptvcat.com=
Smithsonian Channel,https://cdn-apse1-prod.tsv2.amagi.tv/linear/amg01553-blueantmediaasi-smithsoniannz-samsungnz/playlist.m3u8?checkedby%3Aiptvcat.com=
Smithsonian Channel Asia,https://smithsonianaus-samsungau.amagi.tv/playlist.m3u8
Stingray Classic Rock「音乐」,https://ott-linear-channels.stingray.com/hls/stirr/101.m3u8?checkedby%3Aiptvcat.com=
Stingray Everything 80s「音乐」,https://ott-linear-channels.stingray.com/hls/stirr/128.m3u8?checkedby%3Aiptvcat.com=
Stingray Flashback 70s「音乐」,https://ott-linear-channels.stingray.com/hls/stirr/115.m3u8?checkedby%3Aiptvcat.com=
Stingray Hit List「音乐」,https://ott-linear-channels.stingray.com/hls/stirr/107.m3u8?checkedby%3Aiptvcat.com=
Stingray Holiday Hits「音乐」,https://ott-linear-channels.stingray.com/hls/stirr/155.m3u8?checkedby%3Aiptvcat.com=
Stingray Hot Country「音乐」,https://ott-linear-channels.stingray.com/hls/stirr/108.m3u8?checkedby%3Aiptvcat.com=
Stingray Rock Alternative「音乐」,https://ott-linear-channels.stingray.com/hls/stirr/102.m3u8?checkedby%3Aiptvcat.com=
Stingray Today's Latin Pop「音乐」,https://ott-linear-channels.stingray.com/hls/stirr/190.m3u8?checkedby%3Aiptvcat.com=
Stingray Urban Beats「音乐」,https://ott-linear-channels.stingray.com/hls/stirr/133.m3u8?checkedby%3Aiptvcat.com=
Super Radyo DZBB,http://stream.gmanews.tv/ioslive/livestream/chunklist.m3u8?checkedby%3Aiptvcat.com=
SWR 3 Visual Radio,https://swrswr3vr-hls.akamaized.net/hls/live/2018683/swr3vr/master.m3u8?checkedby%3Aiptvcat.com=
TBD,http://content.uplynk.com/channel/1831163f97674328ad9f4b4814ed39c5.m3u8?checkedby%3Aiptvcat.com=
TelePegaso,https://flash2.xdevel.com/telepegasocanale812/telepegasocanale812/playlist.m3u8?checkedby%3Aiptvcat.com=
TeleUno TV,http://tv.teleunotv.cr:1935/TVUNO/TVUNO/playlist.m3u8?checkedby%3Aiptvcat.com=
The 360 Channel,https://www.filmon.com/vr-streams/4136.high/playlist.m3u8?checkedby%3Aiptvcat.com=
The Shopping Channel,https://tscstreaming-lh.akamaihd.net/i/TSCLiveStreaming_1@91031/master.m3u8?checkedby%3Aiptvcat.com=
Tierramia TV,http://live-edge01.telecentro.net.ar/live/smil:trm.smil/playlist.m3u8?checkedby%3Aiptvcat.com=
Time Line Australia,https://lds-timeline-samsungau.amagi.tv/playlist.m3u8
TJB「韩国」,http://1.245.74.5:1935/live/tv/.m3u8
Trace Sports Stars,https://trace-sportstars-samsungnz.amagi.tv/playlist.m3u8?checkedby%3Aiptvcat.com=
TV 41,http://stream.taksimbilisim.com:1935/tv41/smil:tv41.smil/chunklist.m3u8?checkedby%3Aiptvcat.com=
TV Brusque,https://5ad482a77183d.streamlock.net/rodrigotvbrusque.com.br/5d880199c902eb4a1e8df00d/playlist.m3u8?checkedby%3Aiptvcat.com=
TV Ellef,https://61ae39677a1ab.streamlock.net/tvellef/tvellef/playlist.m3u8?checkedby%3Aiptvcat.com=
TV Guará,https://video02.logicahost.com.br/tvguara23/tvguara23/playlist.m3u8?checkedby%3Aiptvcat.com=
TVK,http://203.176.130.123:8989/live/tvk_480k.stream/playlist.m3u8?checkedby%3Aiptvcat.com=
UCTV - University of California,https://59e8e1c60a2b2.streamlock.net/509/509.stream/playlist.m3u8?checkedby%3Aiptvcat.com=
UK | Akaal TV,http://cdnamd-hls-globecast.akamaized.net/live/ramdisk/akaal_tv/hls1_smart_akaal/akaal_tv.m3u8?checkedby%3Aiptvcat.com=
US | Albany | CBS 6 WRGB,https://content.uplynk.com/channel/bba3e7da884a49bba96341ecf5128f0f.m3u8?checkedby%3Aiptvcat.com=
US | Better Life TV,https://uni10rtmp.tulix.tv/betterlife/betterlife.stream/chunklist.m3u8?checkedby%3Aiptvcat.com=
US | Denver | ABC 7 KMGH,https://content.uplynk.com/channel/64ca339f04964a5e961c3207a7771bf1.m3u8?checkedby%3Aiptvcat.com=
WABI 5 - Bangor - Maine,https://ad-playlistserver.aws.syncbak.com/playlist/13613390/master.m3u8?access_token=%2A%2A%2A&checkedby%3Aiptvcat.com=
WCCA-TV,http://worcester.vod.castus.tv/live/ch1.m3u8?checkedby%3Aiptvcat.com=
Wicked Tuna,https://cdn-uw2-prod.tsv2.amagi.tv/linear/amg00353-lionsgatestudio-wickedtunanl-samsungnl/playlist.m3u8?checkedby%3Aiptvcat.com=
WJLA,https://content.uplynk.com/40cec2bf074c40f08932da03ab4510be.m3u8?checkedby%3Aiptvcat.com=
WKAQ-DT1 (Telemundo Puerto Rico),https://nbculocallive.akamaized.net/hls/live/2037499/puertorico/stream1/master.m3u8?checkedby%3Aiptvcat.com=
Wonder,https://cdn-apse1-prod.tsv2.amagi.tv/linear/amg00426-littledotstudio-wondernz-samsungnz/playlist.m3u8?checkedby%3Aiptvcat.com=
Wonder,https://lds-wonder-samsungau.amagi.tv/playlist.m3u8
Xplore,https://cdn-uw2-prod.tsv2.amagi.tv/linear/amg00111-hearstmediaprod-xploreintlnl-samsungnl/playlist.m3u8?checkedby%3Aiptvcat.com=
爱吃鱼的棕熊,https://hls.cntv.kcdnvip.com/asp/hls/1200/0303000a/3/default/79c7bb4495f74ca698f3111a6f7ba567/1200.m3u8
爱的奉献1,https://hls.cntv.kcdnvip.com/asp/hls/1200/0303000a/3/default/5b062ba2cd854ba993166d277af8a40d/1200.m3u8
爱的奉献2,https://hls.cntv.kcdnvip.com/asp/hls/1200/0303000a/3/default/80cf935aef484e15aa31b8fbd565be39/1200.m3u8
爱的奉献3,https://hls.cntv.kcdnvip.com/asp/hls/1200/0303000a/3/default/aee1f28cf3e94a5fa7468206d4f417ed/1200.m3u8
爱你我的宝宝(上),https://hls.cntv.kcdnvip.com/asp/hls/1200/0303000a/3/default/08f97ee21d884d0486c37ae6fb7c5683/1200.m3u8
爱你我的宝宝(下),https://hls.cntv.kcdnvip.com/asp/hls/1200/0303000a/3/default/f16dbba3ddf84af2a0ff1521448ee4da/1200.m3u8
爱与狗相伴,https://hls.cntv.kcdnvip.com/asp/hls/1200/0303000a/3/default/530a12d274184293802f51c38603f75a/1200.m3u8
遨游海底两万里,https://hls.cntv.kcdnvip.com/asp/hls/1200/0303000a/3/default/31d0363fb3714ce4b916790aa7da22db/1200.m3u8
白狮的荒野故事(上),https://hls.cntv.kcdnvip.com/asp/hls/1200/0303000a/3/default/649a0df6bc394fde973b2e8ef12ef3d6/1200.m3u8
白狮的荒野故事(下),https://hls.cntv.kcdnvip.com/asp/hls/1200/0303000a/3/default/1eee9eda1dec4c8da256c6b2ef70114a/1200.m3u8
白狮归来1,https://hls.cntv.kcdnvip.com/asp/hls/1200/0303000a/3/default/199ab14f5ba44a208371a3eef0029a09/1200.m3u8
白狮归来2,https://hls.cntv.kcdnvip.com/asp/hls/1200/0303000a/3/default/e3b36e52d0bc4a0a851a1bd3fa181365/1200.m3u8
白狮归来4,https://hls.cntv.kcdnvip.com/asp/hls/1200/0303000a/3/default/ffda5e0584b64e0d9dc3cc43783900cf/1200.m3u8
豹妈当家(上),https://hls.cntv.kcdnvip.com/asp/hls/1200/0303000a/3/default/984cda8d35d544658fbd96b417bdea1f/1200.m3u8
豹妈当家(下),https://hls.cntv.kcdnvip.com/asp/hls/1200/0303000a/3/default/33343249dabd4dcfaeb64da7ab7fe061/1200.m3u8
北极熊的冒险之旅(上),https://hls.cntv.kcdnvip.com/asp/hls/1200/0303000a/3/default/e1b4b7a8beb3459bbd44f505a3fcc99c/1200.m3u8
北极熊的冒险之旅(下),https://hls.cntv.kcdnvip.com/asp/hls/1200/0303000a/3/default/9ab29267ff5b4b2b99fdb74d1b9fec55/1200.m3u8
北极熊路在何方,https://hls.cntv.kcdnvip.com/asp/hls/1200/0303000a/3/default/38321222144945faa76d79c7785346a6/1200.m3u8
北极熊之光(上),https://hls.cntv.kcdnvip.com/asp/hls/1200/0303000a/3/default/9df8189c94b24b8b8bb6c69e448cc936/1200.m3u8
北极熊之光(下),https://hls.cntv.kcdnvip.com/asp/hls/1200/0303000a/3/default/ca1fabcc21d64b1f8cc933844830fcc5/1200.m3u8
被母狮拯救的小角马(上),https://hls.cntv.kcdnvip.com/asp/hls/1200/0303000a/3/default/ba95e1a983584925887c11306f83ccf8/1200.m3u8
被母狮拯救的小角马(下),https://hls.cntv.kcdnvip.com/asp/hls/1200/0303000a/3/default/8e655ba0c751468b9d18f3020133571f/1200.m3u8
变形记,https://hls.cntv.kcdnvip.com/asp/hls/1200/0303000a/3/default/c88fd67847314d1ab20524c9fd94d555/1200.m3u8
冰天雪地北极熊(上),https://hls.cntv.kcdnvip.com/asp/hls/1200/0303000a/3/default/15dd2029621a498d9c4d3eb2982285e7/1200.m3u8
冰天雪地北极熊(下),https://hls.cntv.kcdnvip.com/asp/hls/1200/0303000a/3/default/360e77812fc84a8198e85a60f087b049/1200.m3u8
冰雪王国里的童话,https://hls.cntv.kcdnvip.com/asp/hls/1200/0303000a/3/default/3b291326cf2648cd8119f5facf9e3b92/1200.m3u8
捕猎刹那间1,https://hls.cntv.kcdnvip.com/asp/hls/1200/0303000a/3/default/6b222a92e2b9484f86121a558915ddb5/1200.m3u8
捕猎刹那间2,https://hls.cntv.kcdnvip.com/asp/hls/1200/0303000a/3/default/eb2cf087eae64ff9a40258bbbc1a92ba/1200.m3u8
捕猎刹那间3,https://hls.cntv.kcdnvip.com/asp/hls/1200/0303000a/3/default/799ea1ddb3db403484fe2421d4831287/1200.m3u8
捕食奇谋(上),https://hls.cntv.kcdnvip.com/asp/hls/1200/0303000a/3/default/543fa61893394cc48d2802207c8a51e8/1200.m3u8
捕食奇谋(下),https://hls.cntv.kcdnvip.com/asp/hls/1200/0303000a/3/default/05ba8dcc7a224442a58f6d6f86885d25/1200.m3u8
捕食一瞬间(上),https://hls.cntv.kcdnvip.com/asp/hls/1200/0303000a/3/default/426cfdd1924a452b863c0cd52af6436b/1200.m3u8
捕食一瞬间(下),https://hls.cntv.kcdnvip.com/asp/hls/1200/0303000a/3/default/b66704d4d4aa4ea7bab6e6ef673568b3/1200.m3u8
捕食者大观,https://hls.cntv.kcdnvip.com/asp/hls/1200/0303000a/3/default/d19e46abe2754e2985715a147e653626/1200.m3u8
捕食者身体构造,https://hls.cntv.kcdnvip.com/asp/hls/1200/0303000a/3/default/83901acd0fed408f904a9b554c8e16ef/1200.m3u8
捕食者追猎现场(上),https://hls.cntv.kcdnvip.com/asp/hls/1200/0303000a/3/default/853b68324c2e4718ad08298aaed459b7/1200.m3u8
捕食者追猎现场(下),https://hls.cntv.kcdnvip.com/asp/hls/1200/0303000a/3/default/6016b09920a7447eb798f3f891f52bad/1200.m3u8
彩蛇之舞,https://hls.cntv.kcdnvip.com/asp/hls/1200/0303000a/3/default/002334474c7c4b8b98bad237a7bdeb7b/1200.m3u8
草原三巨头,https://hls.cntv.kcdnvip.com/asp/hls/1200/0303000a/3/default/2bdc779138bb4235b20a5155e40fa7c8/1200.m3u8
草原上的大猫王国,https://hls.cntv.kcdnvip.com/asp/hls/1200/0303000a/3/default/e98eed67d3164ec0a2f5a9215693f7a8/1200.m3u8
草原狮子的戏剧舞台(上),https://hls.cntv.kcdnvip.com/asp/hls/1200/0303000a/3/default/93fde1242f50415faa6da2dd5da9105b/1200.m3u8
草原狮子的戏剧舞台(下),https://hls.cntv.kcdnvip.com/asp/hls/1200/0303000a/3/default/c5b600bcb2c44c44b56e9afdb5243a07/1200.m3u8
草原之王上战场,https://hls.cntv.kcdnvip.com/asp/hls/1200/0303000a/3/default/bfb6917b29ea413c89e8ed8fa6e2a6ab/1200.m3u8
超凡猎手,https://hls.cntv.kcdnvip.com/asp/hls/1200/0303000a/3/default/77d5ca903f0948ad8c5ec57e49b3cc95/1200.m3u8
超凡猎手,https://hls.cntv.kcdnvip.com/asp/hls/1200/0303000a/3/default/8bd3d27314fd431a84d8443c2fdc8b02/1200.m3u8
超级猫行动,https://hls.cntv.kcdnvip.com/asp/hls/1200/0303000a/3/default/8d952bbdd6cc4e6abf9df153bc18e927/1200.m3u8
超级狮子家族,https://hls.cntv.kcdnvip.com/asp/hls/1200/0303000a/3/default/f689bc846e93479898d8dcbdffad9744/1200.m3u8
超级狮子群的故事(上),https://hls.cntv.kcdnvip.com/asp/hls/1200/0303000a/3/default/1c0a25fcb5564e02a435ec33fbdc4888/1200.m3u8
超级狮子群的故事(下),https://hls.cntv.kcdnvip.com/asp/hls/1200/0303000a/3/default/8986640e9a3f43be9ffe66f0feb41f72/1200.m3u8
充满爱的象家族1,https://hls.cntv.kcdnvip.com/asp/hls/1200/0303000a/3/default/4bd5e30e25244ef1a622142a1053d8c0/1200.m3u8
充满爱的象家族2,https://hls.cntv.kcdnvip.com/asp/hls/1200/0303000a/3/default/0acf5b4f7fc248f1bd0801b768375fd6/1200.m3u8
穿越森林的迷宫,https://hls.cntv.kcdnvip.com/asp/hls/1200/0303000a/3/default/52bf33932d1646529b95b044f187d4d3/1200.m3u8
穿越狮子的领地,https://hls.cntv.kcdnvip.com/asp/hls/1200/0303000a/3/default/ea08ccce272f4b7984eb665a97bab536/1200.m3u8
传奇母狮,https://hls.cntv.kcdnvip.com/asp/hls/1200/0303000a/3/default/c550dc54139b4e619e7d4a1c1ab69e56/1200.m3u8
聪明的建筑师,https://hls.cntv.kcdnvip.com/asp/hls/1200/0303000a/3/default/d04a550f19ac42869d7b4d3f5f9246b2/1200.m3u8
丛林勇士之战(上),https://hls.cntv.kcdnvip.com/asp/hls/1200/0303000a/3/default/2550722b92464a749fa7aceb52e22895/1200.m3u8
丛林勇士之战(下),https://hls.cntv.kcdnvip.com/asp/hls/1200/0303000a/3/default/c02959d3f2b14d3abf05ec017179c964/1200.m3u8
丛林之王美洲豹,https://hls.cntv.kcdnvip.com/asp/hls/1200/0303000a/3/default/bbb1037a32ad44cf8bab822eda34bc86/1200.m3u8
打造一只超级猫,https://hls.cntv.kcdnvip.com/asp/hls/1200/0303000a/3/default/ba966901198844d09399a354e203e6cb/1200.m3u8
大地骄子,https://hls.cntv.kcdnvip.com/asp/hls/1200/0303000a/3/default/b08d6ad2f22047bd93af89955db5ce46/1200.m3u8
大力士捕鱼记,https://hls.cntv.kcdnvip.com/asp/hls/1200/0303000a/3/default/1bcefb1f860746ebbbfe7f969c3a84ea/1200.m3u8
大猫榜中榜(上),https://hls.cntv.kcdnvip.com/asp/hls/1200/0303000a/3/default/e5c95f6d2f9447e2bbb0b2bba952e062/1200.m3u8
大猫榜中榜(下),https://hls.cntv.kcdnvip.com/asp/hls/1200/0303000a/3/default/9f813ed35c264d4ea10e57516dafe5d6/1200.m3u8
大猫传奇,https://hls.cntv.kcdnvip.com/asp/hls/1200/0303000a/3/default/6976a5d0ae0d4426bbd94bc1dd8f44a9/1200.m3u8
大猫归来,https://hls.cntv.kcdnvip.com/asp/hls/1200/0303000a/3/default/8c13b8463ee54e93a0a0ccc33dab33ef/1200.m3u8
大猫和邻居们(上),https://hls.cntv.kcdnvip.com/asp/hls/1200/0303000a/3/default/84359a09aab544b184a40865454e0b0a/1200.m3u8
大猫和邻居们(下),https://hls.cntv.kcdnvip.com/asp/hls/1200/0303000a/3/default/2c4bc4b10e7d408a8de9c9e3012f64ca/1200.m3u8
大猫猎手训练营,https://hls.cntv.kcdnvip.com/asp/hls/1200/0303000a/3/default/a08d9451f00a451682973c99b503dd6a/1200.m3u8
大猫们的世界,https://hls.cntv.kcdnvip.com/asp/hls/1200/0303000a/3/default/830375ed0f54449e8e369edc9635e329/1200.m3u8
大水獭回归的故事,https://hls.cntv.kcdnvip.com/asp/hls/1200/0303000a/3/default/0e114c18fa084fe58238307c66506675/1200.m3u8
大水獭桑丘的故事(上),https://hls.cntv.kcdnvip.com/asp/hls/1200/0303000a/3/default/ffea8bb4f0a04e53a82dab943e32bfb1/1200.m3u8
大水獭桑丘的故事(下),https://hls.cntv.kcdnvip.com/asp/hls/1200/0303000a/3/default/9934a6c232264addaf109ac76f21e7da/1200.m3u8
大象的别样生活(上),https://hls.cntv.kcdnvip.com/asp/hls/1200/0303000a/3/default/f4e6615b73ce42aa805767845425078a/1200.m3u8
大象的别样生活(下),https://hls.cntv.kcdnvip.com/asp/hls/1200/0303000a/3/default/f80446c8a43c4357af8680057ec1669f/1200.m3u8
大象的秘密生活(上),https://hls.cntv.kcdnvip.com/asp/hls/1200/0303000a/3/default/81f43884b4064750af230205752dbb63/1200.m3u8
大象的秘密生活(下),https://hls.cntv.kcdnvip.com/asp/hls/1200/0303000a/3/default/43e021f3a6dc4b6089c71afe80552fae/1200.m3u8
大象与羊的快乐生活,https://hls.cntv.kcdnvip.com/asp/hls/1200/0303000a/3/default/b72e3a49fdd44f36915d6cc59aa0a113/1200.m3u8
大象与羊的神奇友情(上),https://hls.cntv.kcdnvip.com/asp/hls/1200/0303000a/3/default/7689d02607d34fdb8ce22cc479e42e91/1200.m3u8
大象与羊的神奇友情(下),https://hls.cntv.kcdnvip.com/asp/hls/1200/0303000a/3/default/8ab73d30adff4cfa8e5afda910387dfc/1200.m3u8
冬季传说雪鸮,https://hls.cntv.kcdnvip.com/asp/hls/1200/0303000a/3/default/e76b2116c4514daea844fbdd1b56ab5d/1200.m3u8
冬日雪鸮,https://hls.cntv.kcdnvip.com/asp/hls/1200/0303000a/3/default/1a7b439474b6439c91dc5d5b2cb736d4/1200.m3u8
动物宝宝闯天涯(上),https://hls.cntv.kcdnvip.com/asp/hls/1200/0303000a/3/default/e1f91fe01a9b4b24834a0a6e4b309bb2/1200.m3u8
动物宝宝闯天涯(下),https://hls.cntv.kcdnvip.com/asp/hls/1200/0303000a/3/default/d5937591787941518b5a1390f7a1e792/1200.m3u8
动物搏击赛,https://hls.cntv.kcdnvip.com/asp/hls/1200/0303000a/3/default/22ef116331af49a782d42488e396837e/1200.m3u8
动物搏击运动会,https://hls.cntv.kcdnvip.com/asp/hls/1200/0303000a/3/default/0f74c44316a34ea482ecae43f5c12fa8/1200.m3u8
动物的海底宫殿,https://hls.cntv.kcdnvip.com/asp/hls/1200/0303000a/3/default/0929798fce744530b14a6add96afcdf3/1200.m3u8
动物父母有梦想(上),https://hls.cntv.kcdnvip.com/asp/hls/1200/0303000a/3/default/f069e600b3584765840f34e9d641919a/1200.m3u8
动物父母有梦想(下),https://hls.cntv.kcdnvip.com/asp/hls/1200/0303000a/3/default/1c1df6f1bff5454a9570693475f920ef/1200.m3u8
动物冠军竞技场(上),https://hls.cntv.kcdnvip.com/asp/hls/1200/0303000a/3/default/cf107046774d4db5a1ac622e880488e2/1200.m3u8
动物冠军竞技场(下),https://hls.cntv.kcdnvip.com/asp/hls/1200/0303000a/3/default/9f1dc957013c4765a96b86c1890e4ae2/1200.m3u8
动物冠军俱乐部,https://hls.cntv.kcdnvip.com/asp/hls/1200/0303000a/3/default/65227347336749ffa373661cac985952/1200.m3u8
动物界捕食奇观,https://hls.cntv.kcdnvip.com/asp/hls/1200/0303000a/3/default/5215de3e2a7b41009ed1ded1f29fea40/1200.m3u8
动物霓裳羽衣之妙,https://hls.cntv.kcdnvip.com/asp/hls/1200/0303000a/3/default/b4aea8cd185c4126a37aa6e92d179f82/1200.m3u8
动物世界,https://hls.cntv.kcdnvip.com/asp/hls/1200/0303000a/3/default/71d7dce230b74c1b9e35b41e837ffc5f/1200.m3u8
动物与计谋,https://hls.cntv.kcdnvip.com/asp/hls/1200/0303000a/3/default/403122f54ee5492fa9e5d2b8f0087ad2/1200.m3u8
都市里的丛林(上),https://hls.cntv.kcdnvip.com/asp/hls/1200/0303000a/3/default/2e2e0e875d624196af0488f6b07bb2e0/1200.m3u8
都市里的丛林(下),https://hls.cntv.kcdnvip.com/asp/hls/1200/0303000a/3/default/9f79dac568844de8813e682b280efb4f/1200.m3u8
都市里的野生家园(上),https://hls.cntv.kcdnvip.com/asp/hls/1200/0303000a/3/default/03770b0594d44f289ce91022fe37a7bf/1200.m3u8
都市里的野生家园(下),https://hls.cntv.kcdnvip.com/asp/hls/1200/0303000a/3/default/06ca0e5a61624f11987ba99dc9a8ed64/1200.m3u8
鳄鱼出海,https://hls.cntv.kcdnvip.com/asp/hls/1200/0303000a/3/default/7bdf23a599b44a7c8308684cbb789da0/1200.m3u8
鳄鱼王漂流记,https://hls.cntv.kcdnvip.com/asp/hls/1200/0303000a/3/default/8da4a365db75455cb0c15bd7681b57fc/1200.m3u8
非同一般的友谊,https://hls.cntv.kcdnvip.com/asp/hls/1200/0303000a/3/default/fc5b68979baa47e6ab90db7e78b43364/1200.m3u8
非洲水牛战狮群(上),https://hls.cntv.kcdnvip.com/asp/hls/1200/0303000a/3/default/945ab75be37f46c984dade1efb742b00/1200.m3u8
非洲水牛战狮群(下),https://hls.cntv.kcdnvip.com/asp/hls/1200/0303000a/3/default/76d3b3c55eaf44b198ceb0f456f41416/1200.m3u8
非洲野放计划2,https://hls.cntv.kcdnvip.com/asp/hls/1200/0303000a/3/default/21ff76c2151743f983d8f67d3cc7231d/1200.m3u8
非洲野放计划3,https://hls.cntv.kcdnvip.com/asp/hls/1200/0303000a/3/default/234631821d1343b086ed272be364d861/1200.m3u8
非洲野放计划4,https://hls.cntv.kcdnvip.com/asp/hls/1200/0303000a/3/default/28f6148101924fadb0f1cab6017801fe/1200.m3u8
非洲野狗家族,https://hls.cntv.kcdnvip.com/asp/hls/1200/0303000a/3/default/2e64ec647a314b74b27ebc7f6bb985f2/1200.m3u8
疯狂的爱,https://hls.cntv.kcdnvip.com/asp/hls/1200/0303000a/3/default/35b481b5e27a4fa2b2c03f42596b68ba/1200.m3u8
高个子幸运儿,https://hls.cntv.kcdnvip.com/asp/hls/1200/0303000a/3/default/0ea3dbe589a34258b6109229223de234/1200.m3u8
古老的活化石恒河鳄(上),https://hls.cntv.kcdnvip.com/asp/hls/1200/0303000a/3/default/f8c9f1b5ac454c9a9ec5fda21c62b926/1200.m3u8
古老的活化石恒河鳄(下),https://hls.cntv.kcdnvip.com/asp/hls/1200/0303000a/3/default/966f8103448c4dcdabee095eeb340451/1200.m3u8
海的呼唤,https://hls.cntv.kcdnvip.com/asp/hls/1200/0303000a/3/default/ee6a46541b624388a01ba2fc14c34079/1200.m3u8
海底生存战,https://hls.cntv.kcdnvip.com/asp/hls/1200/0303000a/3/default/20225ac33ef7408e8c7040cb39d6a595/1200.m3u8
海鬣蜥的故事,https://hls.cntv.kcdnvip.com/asp/hls/1200/0303000a/3/default/d19635c3f57f4e538e078569ac796fd6/1200.m3u8
海鬣蜥的幸福生活,https://hls.cntv.kcdnvip.com/asp/hls/1200/0303000a/3/default/a66f6344f9cc4ed3b42b06e678124d0f/1200.m3u8
海豚的奇妙生活(上),https://hls.cntv.kcdnvip.com/asp/hls/1200/0303000a/3/default/30385b1caa214c9a8c6c53ef69ce7e18/1200.m3u8
海豚的奇妙生活(下),https://hls.cntv.kcdnvip.com/asp/hls/1200/0303000a/3/default/b61b0646586142aca08c2e8d333c385b/1200.m3u8
海洋宫殿的守护者,https://hls.cntv.kcdnvip.com/asp/hls/1200/0303000a/3/default/86c73156b8ad405180ed252940b2155c/1200.m3u8
海洋里的神奇家族(上),https://hls.cntv.kcdnvip.com/asp/hls/1200/0303000a/3/default/ef8e561920694e4a81cd1933314610cb/1200.m3u8
海洋里的神奇家族(下),https://hls.cntv.kcdnvip.com/asp/hls/1200/0303000a/3/default/5775e1919dca48169eb22986804455b3/1200.m3u8
海洋里的神奇家族(下),https://hls.cntv.kcdnvip.com/asp/hls/1200/0303000a/3/default/a68ae907dc7e4783af8d9547a1926435/1200.m3u8
海洋猎手,https://hls.cntv.kcdnvip.com/asp/hls/1200/0303000a/3/default/f98ebc30517647839c09fb17e0dbea04/1200.m3u8
旱季极限生存战,https://hls.cntv.kcdnvip.com/asp/hls/1200/0303000a/3/default/1b750e952abb452c9f77d44f8d8bae17/1200.m3u8
旱季冒险故事,https://hls.cntv.kcdnvip.com/asp/hls/1200/0303000a/3/default/ac505ca5d2d5469eb21448c300a8c16c/1200.m3u8
旱季生存攻略,https://hls.cntv.kcdnvip.com/asp/hls/1200/0303000a/3/default/3f34548881664dd6afb01ccdcb677a5d/1200.m3u8
呵护,https://hls.cntv.kcdnvip.com/asp/hls/1200/0303000a/3/default/3e2d88a89cd9464e89f3b4b6353db194/1200.m3u8
河里的捕食大师(上),https://hls.cntv.kcdnvip.com/asp/hls/1200/0303000a/3/default/bf70f8033ec049f5be4698c3497d3868/1200.m3u8
河里的捕食大师(下),https://hls.cntv.kcdnvip.com/asp/hls/1200/0303000a/3/default/040c050908a340238dacd1ac86694543/1200.m3u8
河龙王出海,https://hls.cntv.kcdnvip.com/asp/hls/1200/0303000a/3/default/f352ba97a41146279f5d250cc8c670bb/1200.m3u8
黑猩猩的丛林法则,https://hls.cntv.kcdnvip.com/asp/hls/1200/0303000a/3/default/05ff5278105445e1a9d5651372faf47e/1200.m3u8
猴子的智慧,https://hls.cntv.kcdnvip.com/asp/hls/1200/0303000a/3/default/ef01d6b79fe74daf9bd63ff0469713d2/1200.m3u8
虎妈妈爱(上),https://hls.cntv.kcdnvip.com/asp/hls/1200/0303000a/3/default/6855ee238c9c4e9893ff342b7dbe5a2b/1200.m3u8
虎妈妈爱(下),https://hls.cntv.kcdnvip.com/asp/hls/1200/0303000a/3/default/9b07324b869c457e80531b72e979ee1a/1200.m3u8
花豹柔情,https://hls.cntv.kcdnvip.com/asp/hls/1200/0303000a/3/default/96712ee30d144f21a0566f3c1b2fbc56/1200.m3u8
荒野里的呼唤,https://hls.cntv.kcdnvip.com/asp/hls/1200/0303000a/3/default/de55f16b130042b19472ef89e184d719/1200.m3u8
家有萌宝(五),https://hls.cntv.kcdnvip.com/asp/hls/1200/0303000a/3/default/496e4c0e2de74aaf968651d447eeb12a/1200.m3u8
家有萌宝1,https://hls.cntv.kcdnvip.com/asp/hls/1200/0303000a/3/default/7c53f1554802430587ecc54b1cef1002/1200.m3u8
家有萌宝2,https://hls.cntv.kcdnvip.com/asp/hls/1200/0303000a/3/default/81f9af4e6a6f41daa48c6c0091e4d66b/1200.m3u8
家有萌宝3,https://hls.cntv.kcdnvip.com/asp/hls/1200/0303000a/3/default/fe463d857de5415daa72441ab0cdab7f/1200.m3u8
家有萌宝4,https://hls.cntv.kcdnvip.com/asp/hls/1200/0303000a/3/default/15d2240bbfc34785bfc2ab8147244466/1200.m3u8
家有萌狗,https://hls.cntv.kcdnvip.com/asp/hls/1200/0303000a/3/default/0fb39f83b1764305bd0216f15b8ab88a/1200.m3u8
角马幸运儿(上),https://hls.cntv.kcdnvip.com/asp/hls/1200/0303000a/3/default/40c883e3f4c441d08422ce49aec61644/1200.m3u8
角马幸运儿(下),https://hls.cntv.kcdnvip.com/asp/hls/1200/0303000a/3/default/67b7d65e3b3e4b509e314e65937ef369/1200.m3u8
金豺夫妇的故事,https://hls.cntv.kcdnvip.com/asp/hls/1200/0303000a/3/default/5b71afacb8eb442d9d4a5844d3ceca15/1200.m3u8
进化中的北极熊,https://hls.cntv.kcdnvip.com/asp/hls/1200/0303000a/3/default/caf316bd282e4bfdbbd36bac2514c428/1200.m3u8
镜头里的真相1,https://hls.cntv.kcdnvip.com/asp/hls/1200/0303000a/3/default/df70034b3a4243bd888d18b8b877787d/1200.m3u8
巨兽来了,https://hls.cntv.kcdnvip.com/asp/hls/1200/0303000a/3/default/1224d3b3e1ba410d8dc316f2f2ab1872/1200.m3u8
巨藻林的守卫者,https://hls.cntv.kcdnvip.com/asp/hls/1200/0303000a/3/default/432e7e692dc841bfaefb5e662de89bdc/1200.m3u8
凯门鳄的奇妙旅程,https://hls.cntv.kcdnvip.com/asp/hls/1200/0303000a/3/default/aba970eff8be48beb339a2ad027592cf/1200.m3u8
看得见的远方1,https://hls.cntv.kcdnvip.com/asp/hls/1200/0303000a/3/default/f532415139fb4dc3a0e9de757d535d6a/1200.m3u8
看得见的远方3,https://hls.cntv.kcdnvip.com/asp/hls/1200/0303000a/3/default/255a802e924a44f381318db92a32431e/1200.m3u8
可爱的海獭(上),https://hls.cntv.kcdnvip.com/asp/hls/1200/0303000a/3/default/340266a6b3ff421fa174208845f56fef/1200.m3u8
可爱的海獭(下),https://hls.cntv.kcdnvip.com/asp/hls/1200/0303000a/3/default/ef9b2898e92146d29a2e926ce1107eac/1200.m3u8
辣妈带娃记,https://hls.cntv.kcdnvip.com/asp/hls/1200/0303000a/3/default/8fd303fc08454c3497673fa40ced6284/1200.m3u8
来到这个美丽的世界(上),https://hls.cntv.kcdnvip.com/asp/hls/1200/0303000a/3/default/003d910853de498299eb47d7d8a2eedf/1200.m3u8
来到这个美丽的世界(下),https://hls.cntv.kcdnvip.com/asp/hls/1200/0303000a/3/default/9323ea96cf6a47afaf798fca6d9411e6/1200.m3u8
冷静与柔情,https://hls.cntv.kcdnvip.com/asp/hls/1200/0303000a/3/default/554c1b879dc646d4ab188dfd58a0f02f/1200.m3u8
猎豹妈妈奋斗记,https://hls.cntv.kcdnvip.com/asp/hls/1200/0303000a/3/default/6b10d45dafaa47f4a3c3444946c074c9/1200.m3u8
猎豹妈妈育儿记(上),https://hls.cntv.kcdnvip.com/asp/hls/1200/0303000a/3/default/dba9097ef49e42acb2c6597e04551fbc/1200.m3u8
猎豹妈妈育儿记(下),https://hls.cntv.kcdnvip.com/asp/hls/1200/0303000a/3/default/fca702ad83284ff0a3b883a735913060/1200.m3u8
猎食计划1,https://hls.cntv.kcdnvip.com/asp/hls/1200/0303000a/3/default/cd732e06e7934a3daef6483c6be1afca/1200.m3u8
猎食计划2,https://hls.cntv.kcdnvip.com/asp/hls/1200/0303000a/3/default/497afdb07e92409fb8cb5c0249dfe6d7/1200.m3u8
猎食计划3,https://hls.cntv.kcdnvip.com/asp/hls/1200/0303000a/3/default/947b6c076a0c4a3ca72a1274731feb66/1200.m3u8
猎手求生记,https://hls.cntv.kcdnvip.com/asp/hls/1200/0303000a/3/default/5bc79939a4804f199e606cc08b1bb416/1200.m3u8
猎手生存攻略,https://hls.cntv.kcdnvip.com/asp/hls/1200/0303000a/3/default/703310100a944d78a5e6838f80920cd6/1200.m3u8
鬣蜥生存攻略,https://hls.cntv.kcdnvip.com/asp/hls/1200/0303000a/3/default/ae22dffaf28f496584fc581ab72fab9c/1200.m3u8
林间潜伏,https://hls.cntv.kcdnvip.com/asp/hls/1200/0303000a/3/default/922b142fef9443218be5eaf44df0b397/1200.m3u8
领养一只宠物狗,https://hls.cntv.kcdnvip.com/asp/hls/1200/0303000a/3/default/ec7ccf71d6544387afbfc956f4c29ceb/1200.m3u8
龙宫里的奇异动物,https://hls.cntv.kcdnvip.com/asp/hls/1200/0303000a/3/default/3528163c6b7d4a48b09b24027351ccf7/1200.m3u8
猫科动物谁为王者(上),https://hls.cntv.kcdnvip.com/asp/hls/1200/0303000a/3/default/17c3860b26c14110a740dfa49785a1bd/1200.m3u8
猫科动物谁为王者(下),https://hls.cntv.kcdnvip.com/asp/hls/1200/0303000a/3/default/1cbb873dc7474315b86788e9f657534a/1200.m3u8
美食的,https://hls.cntv.kcdnvip.com/asp/hls/1200/0303000a/3/default/9debd40527e34471bdfbe1212aa198d7/1200.m3u8
萌狗诞生记,https://hls.cntv.kcdnvip.com/asp/hls/1200/0303000a/3/default/0f68b16f162c493c8d82a57135f16da0/1200.m3u8
猛虎柔情,https://hls.cntv.kcdnvip.com/asp/hls/1200/0303000a/3/default/dd3be5a89c1542d3bb4db0953a1430c6/1200.m3u8
秘境里的动物王国,https://hls.cntv.kcdnvip.com/asp/hls/1200/0303000a/3/default/bb36368ba24f47ed88d4204fd3db5483/1200.m3u8
秘境里的奇观,https://hls.cntv.kcdnvip.com/asp/hls/1200/0303000a/3/default/38ba9675721d4259b3dd327b7e212a39/1200.m3u8
秘境之蛇,https://hls.cntv.kcdnvip.com/asp/hls/1200/0303000a/3/default/c4e45ac9dd2642b6ae9fb95b470224a9/1200.m3u8
母爱的呵护,https://hls.cntv.kcdnvip.com/asp/hls/1200/0303000a/3/default/a6ec4d0475e1453e8ede023e346c2350/1200.m3u8
母爱之路,https://hls.cntv.kcdnvip.com/asp/hls/1200/0303000a/3/default/115d481467e04333be047fcebf482b3e/1200.m3u8
南美野生世界1,https://hls.cntv.kcdnvip.com/asp/hls/1200/0303000a/3/default/35eac4ae4e024654b845f5c7b2221d15/1200.m3u8
南美野生世界2,https://hls.cntv.kcdnvip.com/asp/hls/1200/0303000a/3/default/9c743ea1e41f4bf585fb1470c9575c0d/1200.m3u8
南美野生世界3,https://hls.cntv.kcdnvip.com/asp/hls/1200/0303000a/3/default/68caf99e50bc496fb478b0ed8f4b421a/1200.m3u8
螃蟹岛海战(上),https://hls.cntv.kcdnvip.com/asp/hls/1200/0303000a/3/default/d0137f4e9adc44a7856c7288fe8ca3d2/1200.m3u8
螃蟹岛海战(下),https://hls.cntv.kcdnvip.com/asp/hls/1200/0303000a/3/default/d784a777f3dd42b3b73be06858b71197/1200.m3u8
奇迹发生的时刻,https://hls.cntv.kcdnvip.com/asp/hls/1200/0303000a/3/default/1dbbdbb87b8f410cbc0f3c742201cd7d/1200.m3u8
奇特动物的奇特遭遇(上),https://hls.cntv.kcdnvip.com/asp/hls/1200/0303000a/3/default/2b20f8ba9ae14d96b9907f59bb758595/1200.m3u8
奇特动物的奇特遭遇(下),https://hls.cntv.kcdnvip.com/asp/hls/1200/0303000a/3/default/0ebab68eda084509b18c27982ecfb660/1200.m3u8
奇异世界的动物们2,https://hls.cntv.kcdnvip.com/asp/hls/1200/0303000a/3/default/ef3ee1bb8ff946a9adf07486709883eb/1200.m3u8
奇异世界的动物们3,https://hls.cntv.kcdnvip.com/asp/hls/1200/0303000a/3/default/efa51c5e3af04df89e68606d75333080/1200.m3u8
棋逢对手,https://hls.cntv.kcdnvip.com/asp/hls/1200/0303000a/3/default/3d515f3011c64797ae15bf36c639cb49/1200.m3u8
潜水大师的岛上生活(上),https://hls.cntv.kcdnvip.com/asp/hls/1200/0303000a/3/default/cd88344f084b47c593388fdf6a8c443f/1200.m3u8
潜水大师的岛上生活(下),https://hls.cntv.kcdnvip.com/asp/hls/1200/0303000a/3/default/76332b54d8074b0fada76d081570d621/1200.m3u8
抢滩勇士(下),https://hls.cntv.kcdnvip.com/asp/hls/1200/0303000a/3/default/0d4351715b27425d87a926b964b6cdaf/1200.m3u8
勤奋的捕食者,https://hls.cntv.kcdnvip.com/asp/hls/1200/0303000a/3/default/4793c8276c184d03bc3ba5e9b6dc9610/1200.m3u8
情满大草原1,https://hls.cntv.kcdnvip.com/asp/hls/1200/0303000a/3/default/222ec6157bf34d8c9abd0e62ddae6ee1/1200.m3u8
情满大草原2,https://hls.cntv.kcdnvip.com/asp/hls/1200/0303000a/3/default/8200031edc9f434583d9b3f738ac4448/1200.m3u8
情满大草原3,https://hls.cntv.kcdnvip.com/asp/hls/1200/0303000a/3/default/0ab9b80f79884e22b6390b2deefdc571/1200.m3u8
如履薄冰的北极熊(上),https://hls.cntv.kcdnvip.com/asp/hls/1200/0303000a/3/default/f31953326cca4b5e9c5f7e285a5cddb7/1200.m3u8
如履薄冰的北极熊(下),https://hls.cntv.kcdnvip.com/asp/hls/1200/0303000a/3/default/b6576aa2cd4e43a9a5ddc4af16695a28/1200.m3u8
森林是我家1,https://hls.cntv.kcdnvip.com/asp/hls/1200/0303000a/3/default/c105c056c3f744baa49ce0b8b39c1f3b/1200.m3u8
森林是我家2,https://hls.cntv.kcdnvip.com/asp/hls/1200/0303000a/3/default/63bb582977074c57a127eaca9d954154/1200.m3u8
森林是我家3,https://hls.cntv.kcdnvip.com/asp/hls/1200/0303000a/3/default/14b683f0668f404a9bb8ea74d14c5c8e/1200.m3u8
沙滩上的盛宴,https://hls.cntv.kcdnvip.com/asp/hls/1200/0303000a/3/default/31e38a0232734780842a9031072c2073/1200.m3u8
蛇类大观园,https://hls.cntv.kcdnvip.com/asp/hls/1200/0303000a/3/default/414f84230ced4696af656a112385b72c/1200.m3u8
深海潜伏的猎手,https://hls.cntv.kcdnvip.com/asp/hls/1200/0303000a/3/default/f1a00ae54f3b428bac1ed388ced1ce70/1200.m3u8
神秘的眼睛王蛇,https://hls.cntv.kcdnvip.com/asp/hls/1200/0303000a/3/default/cb73d16a9e02484ab4708b0268b63bcf/1200.m3u8
生存的望(上),https://hls.cntv.kcdnvip.com/asp/hls/1200/0303000a/3/default/fd00ce388b994d7195dbefc1beb5726b/1200.m3u8
生存的望(下),https://hls.cntv.kcdnvip.com/asp/hls/1200/0303000a/3/default/d9765b81ca83444a9ba7b6a335b2466a/1200.m3u8
生存极限大挑战,https://hls.cntv.kcdnvip.com/asp/hls/1200/0303000a/3/default/9dc7b6dcacde4fad9467c4d2c61da3d1/1200.m3u8
盛宴的旅程,https://hls.cntv.kcdnvip.com/asp/hls/1200/0303000a/3/default/fbcd61c318c34e08854c3911086a7406/1200.m3u8
狮口余生的小角马(上),https://hls.cntv.kcdnvip.com/asp/hls/1200/0303000a/3/default/7cfc0fe7981b4022b69c3e1cb7317b77/1200.m3u8
狮群的家园生活,https://hls.cntv.kcdnvip.com/asp/hls/1200/0303000a/3/default/cad939a2eb714f4b9d37c4185674d50b/1200.m3u8
狮群的荣耀,https://hls.cntv.kcdnvip.com/asp/hls/1200/0303000a/3/default/84b850056589475f80528cf28b9b840a/1200.m3u8
狮子捕猎计划,https://hls.cntv.kcdnvip.com/asp/hls/1200/0303000a/3/default/6f2b58a05add4e2a9907ba370473332a/1200.m3u8
狮子的荣耀回归之路1,https://hls.cntv.kcdnvip.com/asp/hls/1200/0303000a/3/default/bec9f485672345339c49bc345edf9fd5/1200.m3u8
狮子的荣耀回归之路2,https://hls.cntv.kcdnvip.com/asp/hls/1200/0303000a/3/default/bdb438a81a20403db85b6e9d12707f2d/1200.m3u8
狮子的荣耀回归之路3,https://hls.cntv.kcdnvip.com/asp/hls/1200/0303000a/3/default/50ef8c8037da4735a9cb9288f45878b0/1200.m3u8
狮子的荣耀回归之路4,https://hls.cntv.kcdnvip.com/asp/hls/1200/0303000a/3/default/2fea6699d56f4274b5ab5260b016fda2/1200.m3u8
狮子和鬣狗(上),https://hls.cntv.kcdnvip.com/asp/hls/1200/0303000a/3/default/6ca061c3b9184e7aa46cef1ead911099/1200.m3u8
狮子和鬣狗(下),https://hls.cntv.kcdnvip.com/asp/hls/1200/0303000a/3/default/e5ea8f4b0cbd4d7aa779b9dfed5a9448/1200.m3u8
狮族迷踪1,https://hls.cntv.kcdnvip.com/asp/hls/1200/0303000a/3/default/801151749824437aaa0afa87bfcf7abf/1200.m3u8
狮族迷踪2,https://hls.cntv.kcdnvip.com/asp/hls/1200/0303000a/3/default/b4ff6041c00246af815b679a7ee6c4a6/1200.m3u8
狮族迷踪3,https://hls.cntv.kcdnvip.com/asp/hls/1200/0303000a/3/default/5e01c3ff2a5844ab80643ce67ba29026/1200.m3u8
湿地小萌兽,https://hls.cntv.kcdnvip.com/asp/hls/1200/0303000a/3/default/00892961ec6546ae8c78e96d1dd0874a/1200.m3u8
湿地有萌兽,https://hls.cntv.kcdnvip.com/asp/hls/1200/0303000a/3/default/e3c31d84ec7e4035a8501db9df1d140b/1200.m3u8
湿地之争豹与鳄鱼,https://hls.cntv.kcdnvip.com/asp/hls/1200/0303000a/3/default/1fe1e5df7c9d4b38a0a855e092a7b6c1/1200.m3u8
兽语如歌,https://hls.cntv.kcdnvip.com/asp/hls/1200/0303000a/3/default/9d7bcf3e27d941cfac2e6c933ad9b543/1200.m3u8
水牛向前冲(上),https://hls.cntv.kcdnvip.com/asp/hls/1200/0303000a/3/default/2f05eb49b3a049c88a848a1104dc856f/1200.m3u8
水牛向前冲(下),https://hls.cntv.kcdnvip.com/asp/hls/1200/0303000a/3/default/bda4b441c07e40cb8a418381d0506c80/1200.m3u8
水牛与狮子的争战,https://hls.cntv.kcdnvip.com/asp/hls/1200/0303000a/3/default/d1e0dc98b1374b43b157bf82eebc6d09/1200.m3u8
水獭奇缘,https://hls.cntv.kcdnvip.com/asp/hls/1200/0303000a/3/default/da2d147b25404552b118111dd52d7a25/1200.m3u8
水豚爱湿地,https://hls.cntv.kcdnvip.com/asp/hls/1200/0303000a/3/default/c7488fc3bed341ad827c054d3ec7e62d/1200.m3u8
速度大比拼(上),https://hls.cntv.kcdnvip.com/asp/hls/1200/0303000a/3/default/2746acf40172425180162fc3a316416b/1200.m3u8
速度大比拼(下),https://hls.cntv.kcdnvip.com/asp/hls/1200/0303000a/3/default/d2e5439b8a9c4b53970e5c3b0eee9abd/1200.m3u8
速度与生存(五),https://hls.cntv.kcdnvip.com/asp/hls/1200/0303000a/3/default/9953caf767b04ae782540c8ac53eaaa4/1200.m3u8
速度与生存1,https://hls.cntv.kcdnvip.com/asp/hls/1200/0303000a/3/default/1cc83ec8b9b44794b63e1a249b9fb2fb/1200.m3u8
速度与生存2,https://hls.cntv.kcdnvip.com/asp/hls/1200/0303000a/3/default/31abc302978f45df9c4e8aaa3972d599/1200.m3u8
速度与生存3,https://hls.cntv.kcdnvip.com/asp/hls/1200/0303000a/3/default/570d9ce8d39d4ede9a26ae6de4d28f54/1200.m3u8
速度与生存4,https://hls.cntv.kcdnvip.com/asp/hls/1200/0303000a/3/default/f37b1966271f4527a581ed9275c34f7c/1200.m3u8
探秘冰上的北极熊(上),https://hls.cntv.kcdnvip.com/asp/hls/1200/0303000a/3/default/6a74d01391d849849c7391b2466f3752/1200.m3u8
探秘冰上的北极熊(下),https://hls.cntv.kcdnvip.com/asp/hls/1200/0303000a/3/default/509e924ad47e422984af226b26236bf6/1200.m3u8
探秘雨林利爪族(上),https://hls.cntv.kcdnvip.com/asp/hls/1200/0303000a/3/default/dc83b3fe7f874e33959bdbf034e6451c/1200.m3u8
探秘雨林利爪族(下),https://hls.cntv.kcdnvip.com/asp/hls/1200/0303000a/3/default/5a8fd3e4e8ba4ca5b62f1b90ae9c3640/1200.m3u8
天生野长生命课程(上),https://hls.cntv.kcdnvip.com/asp/hls/1200/0303000a/3/default/95839705cfdc471aa67a09b7cfd6f52d/1200.m3u8
天生野长生命延续(上),https://hls.cntv.kcdnvip.com/asp/hls/1200/0303000a/3/default/87be5f0e1fb14d139fe696081a787914/1200.m3u8
天生野长生命延续(下),https://hls.cntv.kcdnvip.com/asp/hls/1200/0303000a/3/default/b95e26a16f664da498ef421f74ad3006/1200.m3u8
童话般的雨林(上),https://hls.cntv.kcdnvip.com/asp/hls/1200/0303000a/3/default/a1672972c0b742239237bb1686ba0745/1200.m3u8
童话般的雨林(下),https://hls.cntv.kcdnvip.com/asp/hls/1200/0303000a/3/default/8e99e3c9f38340a98fb79b36ab1c863f/1200.m3u8
团结的水豚家族,https://hls.cntv.kcdnvip.com/asp/hls/1200/0303000a/3/default/51e9c38303624369a0ba257163a5528f/1200.m3u8
蜥蜴安身火山岛(上),https://hls.cntv.kcdnvip.com/asp/hls/1200/0303000a/3/default/0c3c388b10ad4cf78f312c6d6620f1e0/1200.m3u8
蜥蜴安身火山岛(下),https://hls.cntv.kcdnvip.com/asp/hls/1200/0303000a/3/default/5043f9b708fe443fb9207e26da903218/1200.m3u8
险境求生,https://hls.cntv.kcdnvip.com/asp/hls/1200/0303000a/3/default/3f41478fa1f24606bc1bad4725df7b59/1200.m3u8
险境求生的小河马(上),https://hls.cntv.kcdnvip.com/asp/hls/1200/0303000a/3/default/4b24374adc24487db8c9d5ac5d037079/1200.m3u8
险境求生的小河马(下),https://hls.cntv.kcdnvip.com/asp/hls/1200/0303000a/3/default/5c22e195021d49b8bc5868147fdc3139/1200.m3u8
小动物大猎手(上),https://hls.cntv.kcdnvip.com/asp/hls/1200/0303000a/3/default/c46a26d74f5b4da98f5c9d69f8218de0/1200.m3u8
小动物大猎手(下),https://hls.cntv.kcdnvip.com/asp/hls/1200/0303000a/3/default/ef8ad1d36d9c4515a9e04443687a7f33/1200.m3u8
小动物大英雄,https://hls.cntv.kcdnvip.com/asp/hls/1200/0303000a/3/default/27818c0197e94415946b825b2b163e22/1200.m3u8
小动物的森林童话,https://hls.cntv.kcdnvip.com/asp/hls/1200/0303000a/3/default/321727074edc4cf69b5b205111569205/1200.m3u8
小角马历险记,https://hls.cntv.kcdnvip.com/asp/hls/1200/0303000a/3/default/b7594a5bc3d241e3a8b95eac39ebd7e9/1200.m3u8
小鼠奇遇记,https://hls.cntv.kcdnvip.com/asp/hls/1200/0303000a/3/default/9417f7c1d9f2484c901d886245892130/1200.m3u8
小象和绵羊朋友(上),https://hls.cntv.kcdnvip.com/asp/hls/1200/0303000a/3/default/c69ca1ce229648ce86e97c0b86e67c58/1200.m3u8
小象和绵羊朋友(下),https://hls.cntv.kcdnvip.com/asp/hls/1200/0303000a/3/default/138e7ea321c94a86b4f939ccb00a75a9/1200.m3u8
小熊的故事1,https://hls.cntv.kcdnvip.com/asp/hls/1200/0303000a/3/default/d3c750e3481a4ca696898875f6e6dbf1/1200.m3u8
小熊的故事2,https://hls.cntv.kcdnvip.com/asp/hls/1200/0303000a/3/default/3499a172820f47da988e5aaeb187ec29/1200.m3u8
小熊的故事3,https://hls.cntv.kcdnvip.com/asp/hls/1200/0303000a/3/default/3564b5460bea444b8712fb1cb0a59c00/1200.m3u8
小熊的梦幻森林1,https://hls.cntv.kcdnvip.com/asp/hls/1200/0303000a/3/default/b0f2b241c39c42beb732a5e73b5a9782/1200.m3u8
小熊的梦幻森林2,https://hls.cntv.kcdnvip.com/asp/hls/1200/0303000a/3/default/b2e817cee1a7417ba34f062aa919ca02/1200.m3u8
小熊的梦幻森林3,https://hls.cntv.kcdnvip.com/asp/hls/1200/0303000a/3/default/8bbcff92f2ce423bb2d822e0fb67657f/1200.m3u8
小勇士闯天下,https://hls.cntv.kcdnvip.com/asp/hls/1200/0303000a/3/default/8737418de24a461f9785193bcbda0026/1200.m3u8
新狮王诞生记,https://hls.cntv.kcdnvip.com/asp/hls/1200/0303000a/3/default/5e156f1734234e17ab0f6f87f2e7491b/1200.m3u8
兄弟捕猎联盟,https://hls.cntv.kcdnvip.com/asp/hls/1200/0303000a/3/default/0b85d990df5c4f7fae663dc595a084bd/1200.m3u8
兄弟情深(上),https://hls.cntv.kcdnvip.com/asp/hls/1200/0303000a/3/default/0700de47ebc74232bc9f5c5c178aa488/1200.m3u8
兄弟情深(下),https://hls.cntv.kcdnvip.com/asp/hls/1200/0303000a/3/default/30a35b521af54f1a88d74f7215ece1d3/1200.m3u8
雄风再起,https://hls.cntv.kcdnvip.com/asp/hls/1200/0303000a/3/default/b9176a8a35c94c37ade29708eed40190/1200.m3u8
熊的王国,https://hls.cntv.kcdnvip.com/asp/hls/1200/0303000a/3/default/ade1b31d23694fba82c9c4f07dba3267/1200.m3u8
熊在旅途(上),https://hls.cntv.kcdnvip.com/asp/hls/1200/0303000a/3/default/b0b95c35bce84072b10ad0b82cf83951/1200.m3u8
熊在旅途(下),https://hls.cntv.kcdnvip.com/asp/hls/1200/0303000a/3/default/9dc810bc8a3b426f88ac8c998f9e5332/1200.m3u8
雪鸮的风中芭蕾,https://hls.cntv.kcdnvip.com/asp/hls/1200/0303000a/3/default/4ee145f174a8464fb624c4ae62992b1c/1200.m3u8
雪鸮的生存之舞,https://hls.cntv.kcdnvip.com/asp/hls/1200/0303000a/3/default/722362cb57a74028804e0413141a1866/1200.m3u8
耀眼的白狮家族1,https://hls.cntv.kcdnvip.com/asp/hls/1200/0303000a/3/default/07c3395ee5da4f789937372657ab980a/1200.m3u8
耀眼的白狮家族2,https://hls.cntv.kcdnvip.com/asp/hls/1200/0303000a/3/default/3989c3f3416745438c4bc20abeae51ae/1200.m3u8
耀眼的白狮家族3,https://hls.cntv.kcdnvip.com/asp/hls/1200/0303000a/3/default/e0efcf1181234f2dabef87db65bcdec0/1200.m3u8
野狗家族传世之爱,https://hls.cntv.kcdnvip.com/asp/hls/1200/0303000a/3/default/dc4007615a124e29827b16bec3885db5/1200.m3u8
野生白狮(上),https://hls.cntv.kcdnvip.com/asp/hls/1200/0303000a/3/default/a9a5e806d97d41f5827532f1cb3f9afa/1200.m3u8
野生白狮(下),https://hls.cntv.kcdnvip.com/asp/hls/1200/0303000a/3/default/1e405a3890d3497d80df5351ad30f169/1200.m3u8
野生白狮(中),https://hls.cntv.kcdnvip.com/asp/hls/1200/0303000a/3/default/aa5594a7d44b42768d0b4f2fa3e3651d/1200.m3u8
野生世界竞技场(上),https://hls.cntv.kcdnvip.com/asp/hls/1200/0303000a/3/default/11ac06bbb4f0426fbc4c7b3bfd864b3f/1200.m3u8
野生世界竞技场(下),https://hls.cntv.kcdnvip.com/asp/hls/1200/0303000a/3/default/bf683b66c36343599bcad10516c58274/1200.m3u8
一片住着熊的森林1,https://hls.cntv.kcdnvip.com/asp/hls/1200/0303000a/3/default/2ac6789acc644b55a4df03445561c56b/1200.m3u8
一片住着熊的森林2,https://hls.cntv.kcdnvip.com/asp/hls/1200/0303000a/3/default/969d426187eb46e19fc6839a435fbf0f/1200.m3u8
一片住着熊的森林3,https://hls.cntv.kcdnvip.com/asp/hls/1200/0303000a/3/default/fd1e9f94afe948efafaa28a882661620/1200.m3u8
隐秘的海鬣蜥王国,https://hls.cntv.kcdnvip.com/asp/hls/1200/0303000a/3/default/b7af80d20f06401989879c44eaf865e8/1200.m3u8
隐秘王国里的奇迹1,https://hls.cntv.kcdnvip.com/asp/hls/1200/0303000a/3/default/e2094de08292490db17c29ec299b4bc2/1200.m3u8
隐秘王国里的奇迹2,https://hls.cntv.kcdnvip.com/asp/hls/1200/0303000a/3/default/1cee8d6ac393418e887420a6e1d54b6e/1200.m3u8
隐秘王国里的奇迹3,https://hls.cntv.kcdnvip.com/asp/hls/1200/0303000a/3/default/2fe654a3cadf4838bb34ea18441378e8/1200.m3u8
隐秘王国里的奇迹4,https://hls.cntv.kcdnvip.com/asp/hls/1200/0303000a/3/default/953467196a854ed786f7e3521579f1f6/1200.m3u8
勇闯包围圈,https://hls.cntv.kcdnvip.com/asp/hls/1200/0303000a/3/default/3af15ad56d1640fab9a1a065402b3b76/1200.m3u8
勇闯都市丛林,https://hls.cntv.kcdnvip.com/asp/hls/1200/0303000a/3/default/221e94ad951d4001b106d3c5af785537/1200.m3u8
勇闯螃蟹岛,https://hls.cntv.kcdnvip.com/asp/hls/1200/0303000a/3/default/3bba8da0b6c54771aa02b579ba75f8e7/1200.m3u8
勇敢的王者之心,https://hls.cntv.kcdnvip.com/asp/hls/1200/0303000a/3/default/d37b12d09c4144f0a59560f18ff6508a/1200.m3u8
勇敢的长颈鹿(上),https://hls.cntv.kcdnvip.com/asp/hls/1200/0303000a/3/default/8a9d50517baa443b82b3e4c9e0078351/1200.m3u8
勇敢的长颈鹿(下),https://hls.cntv.kcdnvip.com/asp/hls/1200/0303000a/3/default/773b3e9df72f4834b85c46e0f5b038fb/1200.m3u8
勇挑重担的矮獴(上),https://hls.cntv.kcdnvip.com/asp/hls/1200/0303000a/3/default/8ef930c154a446d0a831d2dd93698fd2/1200.m3u8
勇挑重担的矮獴(下),https://hls.cntv.kcdnvip.com/asp/hls/1200/0303000a/3/default/d9ffce5e83824939ab9bb66502778bd9/1200.m3u8
有一只美丽的大水獭,https://hls.cntv.kcdnvip.com/asp/hls/1200/0303000a/3/default/f1ddaab95ca9475da4cd97907cef8e96/1200.m3u8
与野生动物为邻,https://hls.cntv.kcdnvip.com/asp/hls/1200/0303000a/3/default/d25931bed86a49d4afb8780771797c19/1200.m3u8
雨季狮踪,https://hls.cntv.kcdnvip.com/asp/hls/1200/0303000a/3/default/c1af227765174580bb3ad5c641f4dfd1/1200.m3u8
雨林守护的秘密(上),https://hls.cntv.kcdnvip.com/asp/hls/1200/0303000a/3/default/18aecd7b1b064f3692f80ce6906895d5/1200.m3u8
雨林守护的秘密(下),https://hls.cntv.kcdnvip.com/asp/hls/1200/0303000a/3/default/084be96dbd124ac499afc25eb1e4d63d/1200.m3u8
原野逐梦记,https://hls.cntv.kcdnvip.com/asp/hls/1200/0303000a/3/default/01fcf61e12c242bd81dc5aca38b6f183/1200.m3u8
绽放的生命(五),https://hls.cntv.kcdnvip.com/asp/hls/1200/0303000a/3/default/d2f3f0f3b4c242b4983ee62034f85608/1200.m3u8
绽放的生命1,https://hls.cntv.kcdnvip.com/asp/hls/1200/0303000a/3/default/87145268893a47cd8fc9cda530eee111/1200.m3u8
绽放的生命2,https://hls.cntv.kcdnvip.com/asp/hls/1200/0303000a/3/default/7b6ed77c03224d298a72a8311fcf10a7/1200.m3u8
绽放的生命3,https://hls.cntv.kcdnvip.com/asp/hls/1200/0303000a/3/default/aea0ef5ea21c40dea948d723d823a5fb/1200.m3u8
绽放的生命4,https://hls.cntv.kcdnvip.com/asp/hls/1200/0303000a/3/default/fbb3d1d6ae37458e84f574881778ac7c/1200.m3u8
植物王国漫游记,https://hls.cntv.kcdnvip.com/asp/hls/1200/0303000a/3/default/508b9a0c8be74d89a431b24114c91faa/1200.m3u8
植物王国漫游记,https://hls.cntv.kcdnvip.com/asp/hls/1200/0303000a/3/default/fa3ad43978014ff4b64b4bff8914116c/1200.m3u8
追逐的游戏,https://hls.cntv.kcdnvip.com/asp/hls/1200/0303000a/3/default/34459ad5d340461daab2f453d485833d/1200.m3u8
追踪兽王,https://hls.cntv.kcdnvip.com/asp/hls/1200/0303000a/3/default/93dfcb01bd634370bc211fc7484854ec/1200.m3u8
自然界奥运冠军,https://hls.cntv.kcdnvip.com/asp/hls/1200/0303000a/3/default/7b968e9b50984d598d96c6fc5af40b4c/1200.m3u8
棕熊把守的水上要塞(上),https://hls.cntv.kcdnvip.com/asp/hls/1200/0303000a/3/default/50590d053a2245428391323902e07d0e/1200.m3u8
棕熊把守的水上要塞(下),https://hls.cntv.kcdnvip.com/asp/hls/1200/0303000a/3/default/bb2341e42865439eaed4502fcc736ea5/1200.m3u8
棕熊捕鱼季(上),https://hls.cntv.kcdnvip.com/asp/hls/1200/0303000a/3/default/1ef91cb6079d46ccb9a62f046739d5c8/1200.m3u8
棕熊的捕鱼生活(上),https://hls.cntv.kcdnvip.com/asp/hls/1200/0303000a/3/default/388d46918ea34570a3fed5f5ceb393ee/1200.m3u8
棕熊的捕鱼生活(下),https://hls.cntv.kcdnvip.com/asp/hls/1200/0303000a/3/default/09def25492254217aba438e7403741e2/1200.m3u8
走出包围圈,https://hls.cntv.kcdnvip.com/asp/hls/1200/0303000a/3/default/38fc4f8e379445aeab6098b9ece0aa2a/1200.m3u8
走进狗的世界,https://hls.cntv.kcdnvip.com/asp/hls/1200/0303000a/3/default/25c049869a174f5fa5806e57a2c376bd/1200.m3u8
足球超级猎食者(上),https://hls.cntv.kcdnvip.com/asp/hls/1200/0303000a/3/default/4d0dc6b22b8e48efa4a984ec990a4faf/1200.m3u8
足球超级猎食者(下),https://hls.cntv.kcdnvip.com/asp/hls/1200/0303000a/3/default/d7aec4db75da469d915a5dd7a0fb3d70/1200.m3u8
tvg-id="iHOT爱院线" tvg-name="iHOT爱院线" tvg-logo="https://epg.112114.eu.org/logo/IHOT爱院线.png" group-title="IHOT",iHOT爱院线,http://[2409:8087:7001:20:1000::95]:6610/000000001000/6000000006000030630/index.m3u8?channel-id=wasusyt&Contentid=6000000006000030630&livemode=1&stbId=3
tvg-id="iHOT爱科幻" tvg-name="iHOT爱科幻" tvg-logo="https://epg.112114.eu.org/logo/IHOT爱科幻.png" group-title="IHOT",iHOT爱科幻,http://[2409:8087:7001:20:1000::95]:6610/000000001000/6000000006000020630/index.m3u8?channel-id=wasusyt&Contentid=6000000006000020630&livemode=1&stbId=3
tvg-id="iHOT爱浪漫" tvg-name="iHOT爱浪漫" tvg-logo="https://epg.112114.eu.org/logo/IHOT爱浪漫.png" group-title="IHOT",iHOT爱浪漫,http://[2409:8087:7001:20:1000::95]:6610/000000001000/6000000006000040630/index.m3u8?channel-id=wasusyt&Contentid=6000000006000040630&livemode=1&stbId=3
tvg-id="iHOT爱喜剧" tvg-name="iHOT爱喜剧" tvg-logo="https://epg.112114.eu.org/logo/IHOT爱喜剧.png" group-title="IHOT",iHOT爱喜剧,http://[2409:8087:7001:20:1000::95]:6610/000000001000/6000000006000010630/index.m3u8?channel-id=wasusyt&Contentid=6000000006000010630&livemode=1&stbId=3
tvg-id="iHOT爱娱乐" tvg-name="iHOT爱娱乐" tvg-logo="https://epg.112114.eu.org/logo/IHOT爱娱乐.png" group-title="IHOT",iHOT爱娱乐,http://[2409:8087:7001:20:1000::95]:6610/000000001000/6000000006000130630/index.m3u8?channel-id=wasusyt&Contentid=6000000006000130630&livemode=1&stbId=3
tvg-id="iHOT爱悬疑" tvg-name="iHOT爱悬疑" tvg-logo="https://epg.112114.eu.org/logo/IHOT爱悬疑.png" group-title="IHOT",iHOT爱悬疑,http://[2409:8087:7001:20:1000::95]:6610/000000001000/6000000006000050630/index.m3u8?channel-id=wasusyt&Contentid=6000000006000050630&livemode=1&stbId=3
tvg-id="iHOT爱经典" tvg-name="iHOT爱经典" tvg-logo="https://epg.112114.eu.org/logo/IHOT爱经典.png" group-title="IHOT",iHOT爱经典,http://[2409:8087:7001:20:1000::95]:6610/000000001000/6000000006000060630/index.m3u8?channel-id=wasusyt&Contentid=6000000006000060630&livemode=1&stbId=3
tvg-id="iHOT爱江湖" tvg-name="iHOT爱江湖" tvg-logo="https://epg.112114.eu.org/logo/IHOT爱江湖.png" group-title="IHOT",iHOT爱江湖,http://[2409:8087:7001:20:1000::95]:6610/000000001000/6000000006000110630/index.m3u8?channel-id=wasusyt&Contentid=6000000006000110630&livemode=1&stbId=3
tvg-id="iHOT爱赛车" tvg-name="iHOT爱赛车" tvg-logo="https://epg.112114.eu.org/logo/IHOT爱赛车.png" group-title="IHOT",iHOT爱赛车,http://[2409:8087:7001:20:1000::95]:6610/000000001000/6000000006000240630/index.m3u8?channel-id=wasusyt&Contentid=6000000006000240630&livemode=1&stbId=3
tvg-id="iHOT爱体育" tvg-name="iHOT爱体育" tvg-logo="https://epg.112114.eu.org/logo/IHOT爱体育.png" group-title="IHOT",iHOT爱体育,http://[2409:8087:7001:20:1000::95]:6610/000000001000/6000000006000290630/index.m3u8?channel-id=wasusyt&Contentid=6000000006000290630&livemode=1&stbId=3
tvg-id="iHOT爱探索" tvg-name="iHOT爱探索" tvg-logo="https://epg.112114.eu.org/logo/IHOT爱探索.png" group-title="IHOT",iHOT爱探索,http://[2409:8087:7001:20:1000::95]:6610/000000001000/6000000006000300630/index.m3u8?channel-id=wasusyt&Contentid=6000000006000300630&livemode=1&stbId=3
tvg-id="iHOT爱奇谈" tvg-name="iHOT爱奇谈" tvg-logo="https://epg.112114.eu.org/logo/IHOT爱奇谈.png" group-title="IHOT",iHOT爱奇谈,http://[2409:8087:7001:20:1000::95]:6610/000000001000/6000000006000270630/index.m3u8?channel-id=wasusyt&Contentid=6000000006000270630&livemode=1&stbId=3
tvg-id="iHOT爱玩具" tvg-name="iHOT爱玩具" tvg-logo="https://epg.112114.eu.org/logo/IHOT爱玩具.png" group-title="IHOT",iHOT爱玩具,http://[2409:8087:7001:20:1000::95]:6610/000000001000/6000000006000220630/index.m3u8?channel-id=wasusyt&Contentid=6000000006000220630&livemode=1&stbId=3
tvg-id="iHOT爱世界" tvg-name="iHOT爱世界" tvg-logo="https://epg.112114.eu.org/logo/IHOT爱世界.png" group-title="IHOT",iHOT爱世界,http://[2409:8087:7001:20:1000::95]:6610/000000001000/6000000006000210630/index.m3u8?channel-id=wasusyt&Contentid=6000000006000210630&livemode=1&stbId=3
tvg-id="iHOT爱怀旧" tvg-name="iHOT爱怀旧" tvg-logo="https://epg.112114.eu.org/logo/IHOT爱怀旧.png" group-title="IHOT",iHOT爱怀旧,http://[2409:8087:7001:20:1000::95]:6610/000000001000/6000000006000260630/index.m3u8?channel-id=wasusyt&Contentid=6000000006000260630&livemode=1&stbId=3
tvg-id="iHOT爱旅行" tvg-name="iHOT爱旅行" tvg-logo="https://epg.112114.eu.org/logo/IHOT爱旅行.png" group-title="IHOT",iHOT爱旅行,http://[2409:8087:7001:20:1000::95]:6610/000000001000/6000000006000250630/index.m3u8?channel-id=wasusyt&Contentid=6000000006000250630&livemode=1&stbId=3
tvg-id="iHOT爱极限" tvg-name="iHOT爱极限" tvg-logo="https://epg.112114.eu.org/logo/IHOT爱极限.png" group-title="IHOT",iHOT爱极限,http://[2409:8087:7001:20:1000::95]:6610/000000001000/6000000006000170630/index.m3u8?channel-id=wasusyt&Contentid=6000000006000170630&livemode=1&stbId=3
tvg-id="iHOT爱幼教" tvg-name="iHOT爱幼教" tvg-logo="https://epg.112114.eu.org/logo/IHOT爱幼教.png" group-title="IHOT",iHOT爱幼教,http://[2409:8087:7001:20:1000::95]:6610/000000001000/6000000006000180630/index.m3u8?channel-id=wasusyt&Contentid=6000000006000180630&livemode=1&stbId=3
tvg-id="iHOT爱解密" tvg-name="iHOT爱解密" tvg-logo="https://epg.112114.eu.org/logo/IHOT爱解密.png" group-title="IHOT",iHOT爱解密,http://[2409:8087:7001:20:1000::95]:6610/000000001000/6000000006000200630/index.m3u8?channel-id=wasusyt&Contentid=6000000006000200630&livemode=1&stbId=3
tvg-id="iHOT爱谍战" tvg-name="iHOT爱谍战" tvg-logo="https://epg.112114.eu.org/logo/IHOT爱谍战.png" group-title="IHOT",iHOT爱谍战,http://[2409:8087:7001:20:1000::95]:6610/000000001000/6000000006000070630/index.m3u8?channel-id=wasusyt&Contentid=6000000006000070630&livemode=1&stbId=3
tvg-id="iHOT爱历史" tvg-name="iHOT爱历史" tvg-logo="https://epg.112114.eu.org/logo/IHOT爱历史.png" group-title="IHOT",iHOT爱历史,http://[2409:8087:7001:20:1000::95]:6610/000000001000/6000000006000150630/index.m3u8?channel-id=wasusyt&Contentid=6000000006000150630&livemode=1&stbId=3
tvg-id="iHOT爱猎奇" tvg-name="iHOT爱猎奇" tvg-logo="https://epg.112114.eu.org/logo/IHOT爱猎奇.png" group-title="IHOT",iHOT爱猎奇,http://[2409:8087:7001:20:1000::95]:6610/000000001000/6000000006000190630/index.m3u8?channel-id=wasusyt&Contentid=6000000006000190630&livemode=1&stbId=3
tvg-id="iHOT爱都市" tvg-name="iHOT爱都市" tvg-logo="https://epg.112114.eu.org/logo/IHOT爱都市.png" group-title="IHOT",iHOT爱都市,http://[2409:8087:7001:20:1000::95]:6610/000000001000/6000000006000080630/index.m3u8?channel-id=wasusyt&Contentid=6000000006000080630&livemode=1&stbId=3
tvg-id="iHOT爱科学" tvg-name="iHOT爱科学" tvg-logo="https://epg.112114.eu.org/logo/IHOT爱科学.png" group-title="IHOT",iHOT爱科学,http://[2409:8087:7001:20:1000::95]:6610/000000001000/6000000006000160630/index.m3u8?channel-id=wasusyt&Contentid=6000000006000160630&livemode=1&stbId=3
tvg-id="iHOT爱美食" tvg-name="iHOT爱美食" tvg-logo="https://epg.112114.eu.org/logo/IHOT爱美食.png" group-title="IHOT",iHOT爱美食,http://[2409:8087:7001:20:1000::95]:6610/000000001000/6000000006000120630/index.m3u8?channel-id=wasusyt&Contentid=6000000006000120630&livemode=1&stbId=3
tvg-id="iHOT爱时尚" tvg-name="iHOT爱时尚" tvg-logo="https://epg.112114.eu.org/logo/IHOT爱时尚.png" group-title="IHOT",iHOT爱时尚,http://[2409:8087:7001:20:1000::95]:6610/000000001000/6000000006000140630/index.m3u8?channel-id=wasusyt&Contentid=6000000006000140630&livemode=1&stbId=3
tvg-id="iHOT爱青春" tvg-name="iHOT爱青春" tvg-logo="https://epg.112114.eu.org/logo/IHOT爱青春.png" group-title="IHOT",iHOT爱青春,http://[2409:8087:7001:20:1000::95]:6610/000000001000/6000000006000100630/index.m3u8?channel-id=wasusyt&Contentid=6000000006000100630&livemode=1&stbId=3
tvg-id="iHOT爱家庭" tvg-name="iHOT爱家庭" tvg-logo="https://epg.112114.eu.org/logo/IHOT爱家庭.png" group-title="IHOT",iHOT爱家庭,http://[2409:8087:7001:20:1000::95]:6610/000000001000/6000000006000090630/index.m3u8?channel-id=wasusyt&Contentid=6000000006000090630&livemode=1&stbId=3
tvg-id="iHOT爱动漫" tvg-name="iHOT爱动漫" tvg-logo="https://epg.112114.eu.org/logo/IHOT爱动漫.png" group-title="IHOT",iHOT爱动漫,http://[2409:8087:7001:20:1000::95]:6610/000000001000/6000000006000280630/index.m3u8?channel-id=wasusyt&Contentid=6000000006000280630&livemode=1&stbId=3
tvg-id="iHOT爱院线" tvg-name="iHOT爱院线" tvg-logo="https://epg.112114.eu.org/logo/IHOT爱院线.png" group-title="IHOT",iHOT爱院线,http://[2409:8087:7001:20:1000::95]:6610/000000001000/6000000006000030630/index.m3u8?channel-id=wasusyt&Contentid=6000000006000030630&livemode=1&stbId=3
tvg-id="iHOT爱科幻" tvg-name="iHOT爱科幻" tvg-logo="https://epg.112114.eu.org/logo/IHOT爱科幻.png" group-title="IHOT",iHOT爱科幻,http://[2409:8087:7001:20:1000::95]:6610/000000001000/6000000006000020630/index.m3u8?channel-id=wasusyt&Contentid=6000000006000020630&livemode=1&stbId=3
tvg-id="iHOT爱浪漫" tvg-name="iHOT爱浪漫" tvg-logo="https://epg.112114.eu.org/logo/IHOT爱浪漫.png" group-title="IHOT",iHOT爱浪漫,http://[2409:8087:7001:20:1000::95]:6610/000000001000/6000000006000040630/index.m3u8?channel-id=wasusyt&Contentid=6000000006000040630&livemode=1&stbId=3
tvg-id="iHOT爱喜剧" tvg-name="iHOT爱喜剧" tvg-logo="https://epg.112114.eu.org/logo/IHOT爱喜剧.png" group-title="IHOT",iHOT爱喜剧,http://[2409:8087:7001:20:1000::95]:6610/000000001000/6000000006000010630/index.m3u8?channel-id=wasusyt&Contentid=6000000006000010630&livemode=1&stbId=3
tvg-id="iHOT爱娱乐" tvg-name="iHOT爱娱乐" tvg-logo="https://epg.112114.eu.org/logo/IHOT爱娱乐.png" group-title="IHOT",iHOT爱娱乐,http://[2409:8087:7001:20:1000::95]:6610/000000001000/6000000006000130630/index.m3u8?channel-id=wasusyt&Contentid=6000000006000130630&livemode=1&stbId=3
tvg-id="iHOT爱悬疑" tvg-name="iHOT爱悬疑" tvg-logo="https://epg.112114.eu.org/logo/IHOT爱悬疑.png" group-title="IHOT",iHOT爱悬疑,http://[2409:8087:7001:20:1000::95]:6610/000000001000/6000000006000050630/index.m3u8?channel-id=wasusyt&Contentid=6000000006000050630&livemode=1&stbId=3
tvg-id="iHOT爱经典" tvg-name="iHOT爱经典" tvg-logo="https://epg.112114.eu.org/logo/IHOT爱经典.png" group-title="IHOT",iHOT爱经典,http://[2409:8087:7001:20:1000::95]:6610/000000001000/6000000006000060630/index.m3u8?channel-id=wasusyt&Contentid=6000000006000060630&livemode=1&stbId=3
tvg-id="iHOT爱江湖" tvg-name="iHOT爱江湖" tvg-logo="https://epg.112114.eu.org/logo/IHOT爱江湖.png" group-title="IHOT",iHOT爱江湖,http://[2409:8087:7001:20:1000::95]:6610/000000001000/6000000006000110630/index.m3u8?channel-id=wasusyt&Contentid=6000000006000110630&livemode=1&stbId=3
tvg-id="iHOT爱赛车" tvg-name="iHOT爱赛车" tvg-logo="https://epg.112114.eu.org/logo/IHOT爱赛车.png" group-title="IHOT",iHOT爱赛车,http://[2409:8087:7001:20:1000::95]:6610/000000001000/6000000006000240630/index.m3u8?channel-id=wasusyt&Contentid=6000000006000240630&livemode=1&stbId=3
tvg-id="iHOT爱体育" tvg-name="iHOT爱体育" tvg-logo="https://epg.112114.eu.org/logo/IHOT爱体育.png" group-title="IHOT",iHOT爱体育,http://[2409:8087:7001:20:1000::95]:6610/000000001000/6000000006000290630/index.m3u8?channel-id=wasusyt&Contentid=6000000006000290630&livemode=1&stbId=3
tvg-id="iHOT爱探索" tvg-name="iHOT爱探索" tvg-logo="https://epg.112114.eu.org/logo/IHOT爱探索.png" group-title="IHOT",iHOT爱探索,http://[2409:8087:7001:20:1000::95]:6610/000000001000/6000000006000300630/index.m3u8?channel-id=wasusyt&Contentid=6000000006000300630&livemode=1&stbId=3
tvg-id="iHOT爱奇谈" tvg-name="iHOT爱奇谈" tvg-logo="https://epg.112114.eu.org/logo/IHOT爱奇谈.png" group-title="IHOT",iHOT爱奇谈,http://[2409:8087:7001:20:1000::95]:6610/000000001000/6000000006000270630/index.m3u8?channel-id=wasusyt&Contentid=6000000006000270630&livemode=1&stbId=3
tvg-id="iHOT爱玩具" tvg-name="iHOT爱玩具" tvg-logo="https://epg.112114.eu.org/logo/IHOT爱玩具.png" group-title="IHOT",iHOT爱玩具,http://[2409:8087:7001:20:1000::95]:6610/000000001000/6000000006000220630/index.m3u8?channel-id=wasusyt&Contentid=6000000006000220630&livemode=1&stbId=3
tvg-id="iHOT爱世界" tvg-name="iHOT爱世界" tvg-logo="https://epg.112114.eu.org/logo/IHOT爱世界.png" group-title="IHOT",iHOT爱世界,http://[2409:8087:7001:20:1000::95]:6610/000000001000/6000000006000210630/index.m3u8?channel-id=wasusyt&Contentid=6000000006000210630&livemode=1&stbId=3
tvg-id="iHOT爱怀旧" tvg-name="iHOT爱怀旧" tvg-logo="https://epg.112114.eu.org/logo/IHOT爱怀旧.png" group-title="IHOT",iHOT爱怀旧,http://[2409:8087:7001:20:1000::95]:6610/000000001000/6000000006000260630/index.m3u8?channel-id=wasusyt&Contentid=6000000006000260630&livemode=1&stbId=3
tvg-id="iHOT爱旅行" tvg-name="iHOT爱旅行" tvg-logo="https://epg.112114.eu.org/logo/IHOT爱旅行.png" group-title="IHOT",iHOT爱旅行,http://[2409:8087:7001:20:1000::95]:6610/000000001000/6000000006000250630/index.m3u8?channel-id=wasusyt&Contentid=6000000006000250630&livemode=1&stbId=3
tvg-id="iHOT爱极限" tvg-name="iHOT爱极限" tvg-logo="https://epg.112114.eu.org/logo/IHOT爱极限.png" group-title="IHOT",iHOT爱极限,http://[2409:8087:7001:20:1000::95]:6610/000000001000/6000000006000170630/index.m3u8?channel-id=wasusyt&Contentid=6000000006000170630&livemode=1&stbId=3
tvg-id="iHOT爱幼教" tvg-name="iHOT爱幼教" tvg-logo="https://epg.112114.eu.org/logo/IHOT爱幼教.png" group-title="IHOT",iHOT爱幼教,http://[2409:8087:7001:20:1000::95]:6610/000000001000/6000000006000180630/index.m3u8?channel-id=wasusyt&Contentid=6000000006000180630&livemode=1&stbId=3
tvg-id="iHOT爱解密" tvg-name="iHOT爱解密" tvg-logo="https://epg.112114.eu.org/logo/IHOT爱解密.png" group-title="IHOT",iHOT爱解密,http://[2409:8087:7001:20:1000::95]:6610/000000001000/6000000006000200630/index.m3u8?channel-id=wasusyt&Contentid=6000000006000200630&livemode=1&stbId=3
tvg-id="iHOT爱谍战" tvg-name="iHOT爱谍战" tvg-logo="https://epg.112114.eu.org/logo/IHOT爱谍战.png" group-title="IHOT",iHOT爱谍战,http://[2409:8087:7001:20:1000::95]:6610/000000001000/6000000006000070630/index.m3u8?channel-id=wasusyt&Contentid=6000000006000070630&livemode=1&stbId=3
tvg-id="iHOT爱历史" tvg-name="iHOT爱历史" tvg-logo="https://epg.112114.eu.org/logo/IHOT爱历史.png" group-title="IHOT",iHOT爱历史,http://[2409:8087:7001:20:1000::95]:6610/000000001000/6000000006000150630/index.m3u8?channel-id=wasusyt&Contentid=6000000006000150630&livemode=1&stbId=3
tvg-id="iHOT爱猎奇" tvg-name="iHOT爱猎奇" tvg-logo="https://epg.112114.eu.org/logo/IHOT爱猎奇.png" group-title="IHOT",iHOT爱猎奇,http://[2409:8087:7001:20:1000::95]:6610/000000001000/6000000006000190630/index.m3u8?channel-id=wasusyt&Contentid=6000000006000190630&livemode=1&stbId=3
tvg-id="iHOT爱都市" tvg-name="iHOT爱都市" tvg-logo="https://epg.112114.eu.org/logo/IHOT爱都市.png" group-title="IHOT",iHOT爱都市,http://[2409:8087:7001:20:1000::95]:6610/000000001000/6000000006000080630/index.m3u8?channel-id=wasusyt&Contentid=6000000006000080630&livemode=1&stbId=3
tvg-id="iHOT爱科学" tvg-name="iHOT爱科学" tvg-logo="https://epg.112114.eu.org/logo/IHOT爱科学.png" group-title="IHOT",iHOT爱科学,http://[2409:8087:7001:20:1000::95]:6610/000000001000/6000000006000160630/index.m3u8?channel-id=wasusyt&Contentid=6000000006000160630&livemode=1&stbId=3
tvg-id="iHOT爱美食" tvg-name="iHOT爱美食" tvg-logo="https://epg.112114.eu.org/logo/IHOT爱美食.png" group-title="IHOT",iHOT爱美食,http://[2409:8087:7001:20:1000::95]:6610/000000001000/6000000006000120630/index.m3u8?channel-id=wasusyt&Contentid=6000000006000120630&livemode=1&stbId=3
tvg-id="iHOT爱时尚" tvg-name="iHOT爱时尚" tvg-logo="https://epg.112114.eu.org/logo/IHOT爱时尚.png" group-title="IHOT",iHOT爱时尚,http://[2409:8087:7001:20:1000::95]:6610/000000001000/6000000006000140630/index.m3u8?channel-id=wasusyt&Contentid=6000000006000140630&livemode=1&stbId=3
tvg-id="iHOT爱青春" tvg-name="iHOT爱青春" tvg-logo="https://epg.112114.eu.org/logo/IHOT爱青春.png" group-title="IHOT",iHOT爱青春,http://[2409:8087:7001:20:1000::95]:6610/000000001000/6000000006000100630/index.m3u8?channel-id=wasusyt&Contentid=6000000006000100630&livemode=1&stbId=3
tvg-id="iHOT爱家庭" tvg-name="iHOT爱家庭" tvg-logo="https://epg.112114.eu.org/logo/IHOT爱家庭.png" group-title="IHOT",iHOT爱家庭,http://[2409:8087:7001:20:1000::95]:6610/000000001000/6000000006000090630/index.m3u8?channel-id=wasusyt&Contentid=6000000006000090630&livemode=1&stbId=3
tvg-id="iHOT爱动漫" tvg-name="iHOT爱动漫" tvg-logo="https://epg.112114.eu.org/logo/IHOT爱动漫.png" group-title="IHOT",iHOT爱动漫,http://[2409:8087:7001:20:1000::95]:6610/000000001000/6000000006000280630/index.m3u8?channel-id=wasusyt&Contentid=6000000006000280630&livemode=1&stbId=3
中国气象,http://hls.weathertv.cn/tslslive/qCFIfHB/hls/live_sd.m3u8
新华中文,http://39.135.138.58:18890/PLTV/88888888/224/3221225694/index.m3u8
新华英语,http://39.135.138.58:18890/PLTV/88888888/224/3221225693/index.m3u8
新华英语,http://source07.v.news.cn/live/CNC_EN/playlist.m3u8
南方卫视,http://39.135.138.58:18890/PLTV/88888888/224/3221226203/index.m3u8
延边卫视,http://39.135.138.58:18890/PLTV/88888888/224/3221226201/index.m3u8
延边卫视,http://live.ybtvyun.com/video/s10006-44f040627ca1/index.m3u8
延边卫视,http://live.ybtvyun.com/video/s10016-6f0dfd97912f/index.m3u8
康巴卫视,http://39.135.138.58:18890/PLTV/88888888/224/3221226207/index.m3u8
康巴卫视,http://ep.b1791.com/php/sctv.php?id=kbws
池州新闻综合,http://cm.wshls.homecdn.com/live/829f.m3u8
池州新闻综合,http://cm.wshls.homecdn.com/live/829f.flv
池州公共频道,http://cm.wshls.homecdn.com/live/829d.m3u8
池州公共频道,http://cm.wshls.homecdn.com/live/4abdf.m3u8
池州公共频道,http://cm.wshls.homecdn.com/live/4abdf.flv
池州公共频道,http://cm.wshls.homecdn.com/live/829d.flv
宿州新闻综合,http://live.ahsz.tv/video/s10001-szzh/index.m3u8
宿州公共频道,http://live.ahsz.tv/video/s10001-ggpd/index.m3u8
宿州科教频道,http://live.ahsz.tv/video/s10001-kxjy/index.m3u8
亳州新闻频道,http://zbbf2.ahbztv.com/live/416.m3u8
亳州农村频道,http://zbbf2.ahbztv.com/live/418.m3u8
芜湖新闻综合,http://live1.wuhubtv.com/channel1/sd/live.m3u8
芜湖生活频道,http://live1.wuhubtv.com/channel2/sd/live.m3u8
芜湖公共频道,http://live1.wuhubtv.com/channel3/sd/live.m3u8
芜湖教育频道,http://live1.wuhubtv.com/channel4/sd/live.m3u8
六安新闻综合,http://pili-live-rtmp.luan2.hfmt.net/luan2/jjpd.m3u8
六安公共频道,http://pili-live-rtmp.luan2.hfmt.net/luan2/ggpd.m3u8
淮南新闻综合,http://stream.0554news.com/hnds1/sd/live.m3u8
淮南公共频道,http://stream.0554news.com/hnds2/sd/live.m3u8
滁州新闻综合,http://live.cztv.cc:85/live/xwpd.m3u8
滁州科教频道,http://live.cztv.cc:85/live/sjpd.m3u8
滁州公共频道,http://live.cztv.cc:85/live/ggpd.m3u8
南陵新闻综合,http://live2018.wuhunews.cn/video/s10010-nlnews/index.m3u8
固镇新闻频道,http://www.guzhenm.com:7001/hls/hd-live.m3u8
固镇影视频道,http://www.guzhenm.com:7004/hls/hd-live.m3u8
定远综合频道,http://ssdyapp.cn/live/dyv1.m3u8
歙县综合频道,http://112.30.194.221:20080/live/4b3024127d1c472986ccdcb454f81a9f/hls.m3u8
灵璧综合频道,http://live.cms.anhuinews.com/video/s10003-lbtv/index.m3u8
一年级,http://liveplay-kk.rtxapp.com/live/program/live/kkyinj/1300000/mnf.m3u8
肥西综合频道,http://112.30.194.221:20080/live/7210e3a27cc64ac4a3f7aba2e2b683d5/hls.m3u8
二年级,http://liveplay-kk.rtxapp.com/live/program/live/kkernj/1300000/mnf.m3u8
涡阳新闻综合,http://111.39.71.77:8099/live/one/playlist.m3u8
三年级,http://liveplay-kk.rtxapp.com/live/program/live/kksannj/1300000/mnf.m3u8
潜山新闻综合,http://60.171.171.101:8278/rtmp_export/video22.m3u8
宿松新闻综合,http://112.30.194.221:20080/live/a8fd37c471fa46e18ec17b6ce4730eb7/hls.m3u8
四年级,http://liveplay-kk.rtxapp.com/live/program/live/kksinj/1300000/mnf.m3u8
五年级,http://liveplay-kk.rtxapp.com/live/program/live/kkwunj/1300000/mnf.m3u8
六年级,http://liveplay-kk.rtxapp.com/live/program/live/kkliunj/1300000/mnf.m3u8
初一,http://liveplay-kk.rtxapp.com/live/program/live/kkqinj/1300000/mnf.m3u8
初二,http://liveplay-kk.rtxapp.com/live/program/live/kkbanj/1300000/mnf.m3u8
初三,http://liveplay-kk.rtxapp.com/live/program/live/kkjiunj/1300000/mnf.m3u8
高一,http://liveplay-kk.rtxapp.com/live/program/live/kkgaoyinj/1300000/mnf.m3u8
高二,http://liveplay-kk.rtxapp.com/live/program/live/kkgaoernj/1300000/mnf.m3u8
金寨综合频道,http://112.26.80.214:1935/live/xinwen/playlist.m3u8
舒城新闻综合,http://220.180.24.62:1935/live/live2/playlist.m3u8
舒城文化旅游,http://220.180.24.62:1935/live/live1/playlist.m3u8
高三,http://liveplay-kk.rtxapp.com/live/program/live/kkgaosannj/1300000/mnf.m3u8
淮河能源综合,http://play.hhnynews.com/hhny/zhpd.m3u8?auth_key=%2A%2A%2A
北京卡酷少儿,http://39.135.138.58:18890/PLTV/88888888/224/3221225677/index.m3u8
通州电视台,http://pull.dayuntongzhou.com/live/tztv.m3u8
房山无线频道,http://live.funhillrm.com/2/sd/live.m3u8
房山有线频道,http://live.funhillrm.com/5/sd/live.m3u8
怀柔电视台,https://pili-live-hdl.huairtv.com/bjhr/hrxw.m3u8
石景山有线,http://live.sjsrm.com/bjsjs/sd/live.m3u8
昌平综合,http://61.50.142.158/live/0.m3u8
清华大学电视台,http://live.cic.tsinghua.edu.cn/hls/tsinghuatv.m3u8
重庆精彩导视,http://zbxclive.cbg.cn:1935/app_2/ls_105.stream/playlist.m3u8
铜梁综合,http://183.64.174.171:40123/ch1.m3u8
铜梁文旅,http://183.64.174.171:50123/ch2.m3u8
万州综合频道,http://wanzhoulive.cbg.cn:8017/iTXwrGs/800/live.m3u8
万州综合频道,http://123.146.162.24:8013/tslslive/noEX9SG/hls/live_sd.m3u8
万州综合频道,http://123.146.162.24:8017/iTXwrGs/800/live.m3u8
万州三峡移民,http://wanzhoulive.cbg.cn:8017/c2F0hmi/1000/live.m3u8
万州三峡移民,http://123.146.162.24:8013/tslslive/PU2vzMI/hls/live_sd.m3u8
万州三峡移民,http://123.146.162.24:8017/c2F0hmi/1000/live.m3u8
万州最万州,http://wanzhoulive.cbg.cn:8017/d4ceB1a/1000/live.m3u8
万州最万州,http://123.146.162.24:8013/tslslive/vWlnEzU/hls/live_sd.m3u8
万州最万州,http://123.146.162.24:8017/d4ceB1a/1000/live.m3u8
璧山综合频道,http://222.179.42.129:8181/hls1.m3u8
潼南综合频道,http://183.230.184.51:65500/tntv1.m3u8
大足综合频道,http://218.201.85.71:3170/m3u8
江津新闻综合,http://222.179.155.21:1935/ch1.m3u8
江津经济生活,http://222.179.155.21:1935/ch0.m3u8
江津文化旅游,http://222.179.155.21:1935/ch2.m3u8
垫江综合频道,http://125.62.24.185:80/1.m3u8
武隆综合频道,https://qxlmlive9.cbg.cn/applive/wltvzh/playlist.m3u8
荣昌综合频道,http://183.64.181.25:40023/rongchang01.m3u8
北碚综合频道,http://222.178.181.121:12034/beibei01.m3u8
北碚综合频道,http://222.178.181.121:12034/ts1
福建旅游,http://stream7.fjtv.net/lypdntsc/hd/live.m3u8
莆田公共频道,http://api.mydianshijia.com/gslb/live?stream_id=py_pt2&type=.m3u8
漳州一套,http://31182.hlsplay.aodianyun.com/lms_31182/tv_channel_175.m3u8
龙岩新闻综合,http://live.lytv.net.cn/zhpwd/hd/live.m3u8
龙岩新闻综合,http://stream.lytv.net.cn/2/sd/live.m3u8
龙岩公共频道,http://live.lytv.net.cn/ggpd/sd/live.m3u8
三明新闻综合,http://fjnhdb.chinashadt.com:2036/live/stream:nh2.stream/playlist.m3u8
三明新闻综合,http://stream.smntv.cn/smtv1/sd/live.m3u8
三明公共频道,http://stream.smntv.cn/smtv2/sd/live.m3u8
新罗电视一套,http://stream.lyxltv.com/xltv/sd/live.m3u8
新罗电视二套,http://stream.lyxltv.com/xinluotv/sd/live.m3u8
将乐综合,http://218.106.152.196/lsdream/9nbYeUc/1000/live.m3u8
将乐二套,http://218.106.152.196/lsdream/1MKmR5B/2000/live.m3u8
宁化电视一套,http://fjnhdb.chinashadt.com:2036/live/stream:nh1.stream/playlist.m3u8
永安综合频道,http://218.106.152.196/lsdream/x6FnPrm/2000/live.m3u8
霞浦综合频道,http://218.106.152.196/lsdream/G7wCyZW/4000/live.m3u8
武夷山综合频道,http://fjwysdb.chinashadt.com:2036/live/1.stream/playlist.m3u8
武夷山文旅茶,http://fjwysdb.chinashadt.com:2036/live/3.stream/playlist.m3u8
石狮综合,http://218.106.152.196/lsdream/MO13IYx/2000/live.m3u8
漳浦综合,http://220.161.87.62:8090/hls/0/index.m3u8
甘肃公共应急,http://live.todaydunhuang.com:1935/live/live157/500k/tzwj_video.m3u8
白银综合频道,http://live.bygd.cn/byzh/sd/live.m3u8
白银公共频道,http://live.bygd.cn/bygg/sd/live.m3u8
甘南综合频道,http://pili-live-hls.hfmt.net/gntv/gnhytv.m3u8
甘南藏语频道,http://pili-live-hls.hfmt.net/gntv/gnzytv.m3u8
庆阳综合频道,http://stream.gsqytv.com.cn/xwzh/sd/live.m3u8
庆阳公共频道,http://stream.gsqytv.com.cn/ggpd/sd/live.m3u8
酒泉综合频道,http://stream.gsjqtv.com/pd1/sd/live.m3u8
酒泉综合频道,http://live.todaydunhuang.com:1935/live/live159/500k/tzwj_video.m3u8
酒泉公共频道,http://stream.gsjqtv.com/pd2/sd/live.m3u8
敦煌综合频道,http://live.todaydunhuang.com:1935/live/live100/500k/tzwj_video.m3u8
张掖新闻综合,https://play.kankanlive.com/live/1629709727589955.m3u8
张掖公共频道,https://play.kankanlive.com/live/1629710004378956.m3u8
金昌综合频道,http://stream4.liveyun.hoge.cn/ch02/sd/live.m3u8
定西综合频道,https://play.kankanlive.com/live/1645679947087932.m3u8
定西公共频道,https://play.kankanlive.com/live/1645680054929933.m3u8
平川综合频道,https://play.kankanlive.com/live/1621842376245934.m3u8
临洮综合频道,https://play.kankanlive.com/live/1638428318510977.m3u8
金川综合频道,https://play.kankanlive.com/live/1625041962958919.m3u8
古浪综合频道,https://play.kankanlive.com/live/1619400940821967.m3u8
陇西综合频道,http://play.kankanlive.com/live/1641010321462941.m3u8
岷县综合频道,http://play.kankanlive.com/live/1614311581479927.m3u8
通渭综合频道,https://play.kankanlive.com/live/1629944062210970.m3u8
临潭综合频道,http://pili-live-hls.hfmt.net/gntv/lttv.m3u8
夏河综合频道,http://pili-live-hls.hfmt.net/gntv/xhtv.m3u8
卓尼综合频道,http://pili-live-hls.hfmt.net/gntv/zntv.m3u8
舟曲新闻综合,https://play.kankanlive.com/live/1631185650131909.m3u8
礼县综合频道,https://play.kankanlive.com/live/1621416463200961.m3u8
西和综合频道,https://play.kankanlive.com/live/1626051451895935.m3u8
临夏市电视台,http://124.152.34.102:8030/wCMq71/wCMq71_0.m3u8
崆峒综合频道,http://125.74.200.110:10080/hls/001/001_live.m3u8
秦安综合频道,http://play.kankanlive.com/live/1620829433464975.m3u8
广东文化,https://glive.grtn.cn/live/wenhua_test0203.m3u8?auth_key=%2A%2A%2A
深圳龙岗,https://lglivepull.sznews.com/live/2647.m3u8
深圳东部,https://lglivepull.sznews.com/live/2646.m3u8
深圳众创TV,https://lglivepull.sznews.com/live/2645.m3u8
珠海生活,http://120.237.252.67:8800/hls/41/index.m3u8
河源综合,http://tmpstream.hyrtv.cn/xwzh/sd/live.m3u8
河源公共,http://tmpstream.hyrtv.cn/hygg/sd/live.m3u8
梅州二套,http://pili-live-rtmp.tvliving.gdmztv.com/meizhou-tvliving/mztv2.m3u8
阳江综合,https://live.yjtvw.com:8081/live/smil:yjtv1.smil/chunklist_b1152000.m3u8
阳江综合,https://live.yjtvw.com:8081/live/smil:yjtv1.smil/playlist.m3u8
阳江综合,https://live.yjtvw.com:8081/live/smil:yjtv1.smil/chunklist_b928000.m3u8
阳江综合,https://live.yjtvw.com:8081/live/smil:yjtv1.smil/chunklist_b3628000.m3u8
阳江公共,https://live.yjtvw.com:8081/live/smil:yjtv2.smil/chunklist_b1152000.m3u8
阳江公共,https://live.yjtvw.com:8081/live/smil:yjtv2.smil/playlist.m3u8
阳江公共,https://live.yjtvw.com:8081/live/smil:yjtv2.smil/chunklist_b928000.m3u8
阳江公共,https://live.yjtvw.com:8081/live/smil:yjtv2.smil/chunklist_b3628000.m3u8
云浮综合,https://pili-live-hdl-ysx.tianma3600.com/gdyf/gdyfzh.m3u8
云浮公共,https://pili-live-hdl-ysx.tianma3600.com/gdyf/gdyfgg.m3u8
清新综合,http://hls.wiseqx.com/live/qxzh.m3u8
清新公共,http://hls.wiseqx.com/live/qxgg.m3u8
番禺综合,http://video.epaper.pybtv.cn:8080/live/rtmp_live_demo.flv
广西都市,http://111.59.63.32:9901/tsfile/live/1005_1.m3u8
广西影视,http://111.59.63.32:9901/tsfile/live/1006_1.m3u8
广西新闻,http://111.59.63.32:9901/tsfile/live/1007_1.m3u8
广西综艺旅游,http://111.59.63.32:9901/tsfile/live/1004_1.m3u8
南宁新闻综合,http://hls.nntv.cn/nnlive/NNTV_NEWS_A.m3u8
南宁影视娱乐,http://hls.nntv.cn/nnlive/NNTV_VOD_A.m3u8
南宁都市生活,http://hls.nntv.cn/nnlive/NNTV_METRO_A.m3u8
南宁公共,http://hls.nntv.cn/nnlive/NNTV_PUB_A.m3u8
北海新闻综合,http://njgdmm-wshls.homecdn.com/live/4e8a2.m3u8
贺州综合频道,http://zhz.gxhzxw.com:2935/live/HZXW-HD/playlist.m3u8
崇左综合频道,http://111.59.63.32:9901/tsfile/live/1002_1.m3u8
隆安新闻综合,http://hls.nntv.cn/nnlive/LATV_A.m3u8
马山新闻综合,http://hls.nntv.cn/nnlive/MSTV_A.m3u8
马山新闻综合,http://hls.nntv.cn/nnlive/MSTV_A.m3u8
上林电视台,http://hls.nntv.cn/nnlive/SLTV_A.m3u8
罗城综合,http://111.12.75.177:9100/lctvlive/lch.m3u8
贵州公共,http://47.104.173.199/b/hoge.php?ip=gxwztv&id=23&auth=%2A%2A%2A
黔西南综合,http://live2.qxndt.com/zhpd/sd/live.m3u8
黔西南公共,http://live2.qxndt.com/ggpd/sd/live.m3u8
松桃新闻,http://live.strmtzx.cn/stxw/sd/live.m3u8
松桃综艺,http://live.strmtzx.cn/stzy/sd/live.m3u8
金海湖电视台,http://pili-live-hls.jhh.ddcpc.cn/ddcpc-jhh/tv1050-1563865985.m3u8
正安综合,http://pili-live-hls.221.i2863.com/i2863-221/live_221_315303.m3u8
中国交通海南,http://tv.lanjingfm.com/cctbn/hainan.m3u8
河北都市,https://jwplay.hebyun.com.cn/live/hbdstv/1500k/tzwj_video.m3u8
河北影视剧,https://jwplay.hebyun.com.cn/live/hbystv/1500k/tzwj_video.m3u8
河北公共,https://jwplay.hebyun.com.cn/live/hbggtv/1500k/tzwj_video.m3u8
河北农民,http://hbzx.chinashadt.com:2036/zhibo/stream:hbnm.stream/playlist.m3u8
河北农民,http://hbzx.chinashadt.com:2036/zhibo/stream:hbnm.stream_360p/playlist.m3u8
河北农民,http://hbfc.chinashadt.com:2036/live/1003.stream/playlist.m3u8
邯郸新闻综合,https://jwliveqxzb.hebyun.com.cn/hdxwzh/hdxwzh.m3u8
邯郸新闻综合,http://live.hd.hdbs.cn/video/s10001-2021hdxwzh/index.m3u8
邯郸公共频道,https://jwliveqxzb.hebyun.com.cn/hdgg/hdgg.m3u8
邯郸公共频道,https://jwcdnqx.hebyun.com.cn/live/hdgg/1500k/tzwj_video.m3u8
邯郸公共频道,http://live.hd.hdbs.cn/video/s10001-2021hdgg/index.m3u8
邯郸公共频道,http://hls.quklive.com/live/1577759320319924/index.m3u8
邯郸科技教育,https://jwliveqxzb.hebyun.com.cn/hdkj/hdkj.m3u8
邯郸科技教育,https://jwcdnqx.hebyun.com.cn/live/hdkj/1500k/tzwj_video.m3u8
邯郸科技教育,http://live.hd.hdbs.cn/video/s10001-2021hdkjjy/index.m3u8
邯郸科技教育,http://hls.quklive.com/live/1577759346099941/index.m3u8
衡水新闻综合,http://111.225.205.64:8081/964D4p2/800/live.m3u8
邢台综合频道,http://a.xttv.top/xttv/5ebe09cb3d1a0f3f3d062e99c78175a0.flv?auth_key=%2A%2A%2A
邢台公共频道,http://a.xttv.top/xttv/d0586743dc68918f808f28b8bc90c737.flv?auth_key=%2A%2A%2A
承德新闻综合,https://jwliveqxzb.hebyun.com.cn/cdsxwzhtv/cdsxwzhtv.m3u8
承德新闻综合,https://jwcdnqx.hebyun.com.cn/live/cdslywh/1500k/tzwj_video.m3u8
承德新闻综合,https://jwcdnqx.hebyun.com.cn/live/cdsxwzhtv/1500k/tzwj_video.m3u8
承德公共生活,https://jwliveqxzb.hebyun.com.cn/cdsggshtv/cdsggshtv.m3u8
承德公共生活,https://jwcdnqx.hebyun.com.cn/live/cdsggshtv/1500k/tzwj_video.m3u8
鹿泉一套,https://jwliveqxzb.hebyun.com.cn/luquanyi/luquanyi.m3u8
鹿泉一套,https://jwcdnqx.hebyun.com.cn/live/luquanyi/1500k/tzwj_video.m3u8
鹿泉二套,https://jwliveqxzb.hebyun.com.cn/luquaner/luquaner.m3u8
鹿泉二套,https://jwcdnqx.hebyun.com.cn/live/luquaner/1500k/tzwj_video.m3u8
深泽综合频道,https://jwcdnqx.hebyun.com.cn/live/shenzedianshi/1500k/tzwj_video.m3u8
赵县电视一套,http://hbzx.chinashadt.com:2036/zhibo/stream:zx1.stream/playlist.m3u8
赵县电视一套,http://hbzx.chinashadt.com:2036/zhibo/stream:zx1.stream_360p/playlist.m3u8
邱县综合频道,http://live.hd.hdbs.cn/video/s10013-qxds1/index.m3u8
邱县电视二套,http://live.hd.hdbs.cn/video/s10013-qxds2/index.m3u8
涉县新闻综合,https://jwcdnqx.hebyun.com.cn/live/SXTV1/1500k/tzwj_video.m3u8
安平新闻综合,http://shou.city1000.cn/live/apxw.m3u8
阜城综合频道,http://hbfc.chinashadt.com:2036/live/2.stream/playlist.m3u8
阜城经济频道,http://hbfc.chinashadt.com:2036/live/5.stream/playlist.m3u8
景县电视一套,http://hbjx.chinashadt.com:1935/live/stream:jx1.stream/playlist.m3u8
景县电视一套,http://hbjx.chinashadt.com:1935/live/stream:jx1.stream_360p/playlist.m3u8
深州综合频道,http://hbsz.chinashadt.com:2036/live/stream:sztv.stream/playlist.m3u8
深州综合频道,http://hbsz.chinashadt.com:2036/live/stream:sztv.stream_360p/playlist.m3u8
枣强综合,http://hbzqdb.chinashadt.com:1937/live/zqzh.stream_360p/playlist.m3u8
昌黎综合频道,https://jwcdnqx.hebyun.com.cn/live/clzhpd/1500k/tzwj_video.m3u8
昌黎综合频道,https://jwliveqxzb.hebyun.com.cn/clzhpd/clzhpd.m3u8
滦州综合频道,http://hblxx.chinashadt.com:2036/live/stream:lx1.stream/playlist.m3u8
滦州综艺频道,http://hblxx.chinashadt.com:2036/live/stream:lx2.stream/playlist.m3u8
迁安新闻综合,https://jwplay.hebyun.com.cn/live/jiuyunqianan/1500k/tzwj_video.m3u8
迁西综合频道,https://jwliveqxzb.hebyun.com.cn/qxzhpd/qxzhpd.m3u8
迁西综合频道,https://jwcdnqx.hebyun.com.cn/live/qxzhpd/1500k/tzwj_video.m3u8
迁西农业频道,https://jwliveqxzb.hebyun.com.cn/qxny/qxny.m3u8
迁西农业频道,https://jwcdnqx.hebyun.com.cn/live/qxny/1500k/tzwj_video.m3u8
霸州新闻频道,http://hbbz.chinashadt.com:2036/live/stream:bzxw.stream/playlist.m3u8
霸州文化频道,http://hbbz.chinashadt.com:2036/live/stream:bzwh.stream/playlist.m3u8
霸州公共频道,http://hbbz.chinashadt.com:2036/live/stream:bzgg.stream/playlist.m3u8
霸州少儿频道,http://hbbz.chinashadt.com:2036/live/stream:bzse.stream/playlist.m3u8
大厂一套,http://60.10.185.184:1935/live/dc1.stream/playlist.m3u8
大厂二套,http://60.10.185.184:1935/live/dc2.stream/playlist.m3u8
永清综合频道,http://60.10.203.69:8000/0.m3u8
永清影视频道,http://60.10.203.69:8000/4.m3u8
平乡综合频道,http://hbpx.chinashadt.com:2036/live/px1.stream/playlist.m3u8
清河新闻综合,https://jwcdnqx.hebyun.com.cn/live/qinghe/1500k/tzwj_video.m3u8
清河新闻综合,https://jwliveqxzb.hebyun.com.cn/qinghe/qinghe.m3u8
清河经济综艺,https://jwcdnqx.hebyun.com.cn/live/qinghe1/1500k/tzwj_video.m3u8
清河经济综艺,https://jwliveqxzb.hebyun.com.cn/qinghe1/qinghe1.m3u8
沧县综合,http://hebcx.chinashadt.com:2036/live/10001.stream/playlist.m3u8
沧县二套,http://hebcx.chinashadt.com:2036/live/10002.stream/playlist.m3u8
青县新闻,https://jwliveqxzb.hebyun.com.cn/qxtvlive1/qxtvlive1.m3u8
青县新闻,https://jwcdnqx.hebyun.com.cn/live/qxtvlive1/1500k/tzwj_video.m3u8
任丘综合,https://jwcdnqx.hebyun.com.cn/live/rqtv1/1500k/tzwj_video.m3u8
任丘文娱,https://jwcdnqx.hebyun.com.cn/live/rqtv2/1500k/tzwj_video.m3u8
定州新闻综合,https://jwliveqxzb.hebyun.com.cn/xxzhpd/xxzhpd.m3u8
定州新闻综合,https://jwcdnqx.hebyun.com.cn/live/xxzhpd/1500k/tzwj_video.m3u8
定州生活频道,https://jwliveqxzb.hebyun.com.cn/shpd/shpd.m3u8
定州生活频道,https://jwcdnqx.hebyun.com.cn/live/shpd/1500k/tzwj_video.m3u8
涞水新闻频道,https://jwliveqxzb.hebyun.com.cn/lsdst/lsdst.m3u8
涞水新闻频道,https://jwcdnqx.hebyun.com.cn/live/lsdst/1500k/tzwj_video.m3u8
清苑新闻频道,https://jwcdnqx.hebyun.com.cn/live/qyxwpd/1500k/tzwj_video.m3u8
清苑生活频道,https://jwcdnqx.hebyun.com.cn/live/qyshpd/1500k/tzwj_video.m3u8
望都综合频道,https://jwliveqxzb.hebyun.com.cn/wddst/wddst.m3u8
望都综合频道,https://jwcdnqx.hebyun.com.cn/live/wddst/1500k/tzwj_video.m3u8
涿州新闻频道,http://121.18.115.162:8082/live/ch3.m3u8
涿州生活频道,http://121.18.115.162:8082/live/ch4.m3u8
涿州都市频道,http://121.18.115.162:8082/live/ch5.m3u8
丰宁综合频道,https://jwliveqxzb.hebyun.com.cn/fengningzonghe/fengningzonghe.m3u8
丰宁综合频道,https://jwcdnqx.hebyun.com.cn/live/fengningzonghe/1500k/tzwj_video.m3u8
隆化综合频道,http://hblh.chinashadt.com:2036/live/stream:lh1.stream/playlist.m3u8
隆化影视频道,http://hblh.chinashadt.com:2036/live/stream:lh2.stream/playlist.m3u8
滦平新闻频道,https://live.lpxrmtzx.com/live/wh.m3u8
平泉综合频道,https://jwliveqxzb.hebyun.com.cn/pqzh/pqzh.m3u8
平泉综合频道,https://jwcdnqx.hebyun.com.cn/live/pqzh/1500k/tzwj_video.m3u8
平泉影视频道,https://jwliveqxzb.hebyun.com.cn/pqys/pqys.m3u8
平泉影视频道,https://jwcdnqx.hebyun.com.cn/live/pqys/1500k/tzwj_video.m3u8
双滦新闻频道,https://jwcdnqx.hebyun.com.cn/live/slxw/1500k/tzwj_video.m3u8
双滦影视频道,https://jwcdnqx.hebyun.com.cn/live/slys/1500k/tzwj_video.m3u8
兴隆综合频道,https://jwcdnqx.hebyun.com.cn/live/xlzh/1500k/tzwj_video.m3u8
兴隆影视频道,https://jwcdnqx.hebyun.com.cn/live/xlys/1500k/tzwj_video.m3u8
哈尔滨新闻综合,http://stream.hrbtv.net/xwzh/sd/live.m3u8
哈尔滨影视,http://stream.hrbtv.net/yspd/sd/live.m3u8
哈尔滨生活,http://stream.hrbtv.net/shpd/sd/live.m3u8
哈尔滨娱乐,http://stream.hrbtv.net/ylpd/sd/live.m3u8
伊春综合频道,http://live.yichuntv.com/e5d7b4b95cf849d79fa3964431dca1f3/h264_800k_ts/index.m3u8?type=flv2hls_m3u8
伊春综合频道,http://live.yichuntv.com/live/e5d7b4b95cf849d79fa3964431dca1f3?fmt=h264_800k_flv
伊春公共频道,http://live.yichuntv.com/1501fae792774811b2cd1366a078e666/h264_800k_ts/index.m3u8?type=flv2hls_m3u8
鹤岗新闻综合,http://218.10.43.24:81/live/157ba509813644ea400e7c552b934d93/high/live.m3u8
鹤岗公共频道,http://218.10.43.24:81/live/bdac590a43b11a837c716a5ad606e95f/high/live.m3u8
富裕综合,http://221.209.44.174:1980/hls/1001.m3u8
甘南县综合,http://player.juyun.tv/camera/65362146.m3u8
河南都市,http://media.hndyjyfw.gov.cn/live/jz-henandushi/live.m3u8
河南民生,http://media.hndyjyfw.gov.cn/live/jz-henanminsheng/live.m3u8
河南乡村,http://123.6.9.146/live/jz-henanxinnong/live.m3u8
河南移动戏曲,http://media.hndyjyfw.gov.cn/live/jz-henanliyuan/live.m3u8
武术世界,http://live.dxhmt.cn:9080/live/yshnpre.m3u8
梨园频道,http://123.6.9.146/live/jz-henanliyuan/live.m3u8
文物宝库,http://123.6.9.146/live/jz-henanwenwu/live.m3u8
郑州教育频道,https://livezzutv.chinamcache.com/live/zb01.m3u8?auth_key=%2A%2A%2A
焦作综合频道,http://zhpull.dxhmt.cn/jiaozuo/b75a92c9503e47cf9e89f7ff247b65f2/playlist.m3u8
焦作公共频道,http://zhpull.dxhmt.cn/jiaozuo/29b65b69130c4ef1a3283cc7b913da05/playlist.m3u8
焦作教育频道,http://zhpull.dxhmt.cn/jiaozuo/9c10435ad24c409baee219ec289e17d0/playlist.m3u8
睛彩焦作频道,http://zhpull.dxhmt.cn/jiaozuo/c5eb91b47f0e42318f34fc0247c8acaa/playlist.m3u8
开封新闻综合,http://live.dxhmt.cn:9081/tv/10200-2.m3u8
开封新闻综合,http://tvpull.dxhmt.cn:9081/tv/10200-2.m3u8
开封公共频道,http://live.dxhmt.cn:9081/tv/10200-3.m3u8
开封公共频道,http://tvpull.dxhmt.cn:9081/tv/10200-3.m3u8
济源电视一套,http://live.dxhmt.cn:9081/tv/19001-1.m3u8
济源电视一套,http://tvpull.dxhmt.cn:9081/tv/19001-1.m3u8
鹤壁综合频道,http://pili-live-hls.hebitv.com/hebi/hebi.m3u8
驻马店新闻综合,http://tvlive.zmdtvw.cn/live/106770611978226682/index.m3u8
驻马店公共频道,http://tvlive.zmdtvw.cn/live/5927138998607870056/index.m3u8
驻马店科教频道,http://tvlive.zmdtvw.cn/live/8395198981051753732/index.m3u8
平顶山新闻,http://live.dxhmt.cn:9080/13619822555/4ce2b9b6947043b388916f748a518953.m3u8
平顶山城市,http://live.dxhmt.cn:9080/13619822555/29df489f23274977826bb0c55cb0411d.m3u8
平顶山公共,http://live.dxhmt.cn:9080/13619822555/5cc9016a17a54af6803096eec26fdd74.m3u8
清风平顶山,http://live.dxhmt.cn:9080/13619822555/ff0d20a1d7c840a3850bfdab119943ac.m3u8
平顶山民生,http://live.dxhmt.cn:9080/13619822555/b119d353d9fe4ee0ad34056550705665.m3u8
夏邑新闻频道,http://tvpull.dxhmt.cn:9081/tv/11426-1.m3u8
夏邑新闻频道,http://live.dxhmt.cn:9081/tv/11426-1.m3u8
永城新闻,http://tvpull.dxhmt.cn:9081/tv/11481-1.m3u8
永城新闻,http://live.dxhmt.cn:9081/tv/11481-1.m3u8
永城民生,http://tvpull.dxhmt.cn:9081/tv/11481-2.m3u8
永城民生,http://live.dxhmt.cn:9081/tv/11481-2.m3u8
永城卫建,http://tvpull.dxhmt.cn/tv/11481-3.m3u8
永城卫建,http://live.dxhmt.cn:9081/tv/11481-3.m3u8
永城综合,http://tvpull.dxhmt.cn/tv/11481-4.m3u8
永城综合,http://live.dxhmt.cn:9081/tv/11481-4.m3u8
登封综合频道,http://tvpull.dxhmt.cn:9081/tv/10185-1.m3u8
登封综合频道,http://live.dxhmt.cn:9081/tv/10185-1.m3u8
巩义新闻综合,http://tvpull.dxhmt.cn:9081/tv/10181-1.m3u8
巩义新闻综合,http://live.dxhmt.cn:9081/tv/10181-1.m3u8
上街电视台,http://tvpull.dxhmt.cn:9081/tv/10106-1.m3u8
上街电视台,http://live.dxhmt.cn:9081/tv/10106-1.m3u8
新密新闻频道,http://tvpull.dxhmt.cn:9081/tv/10183-2.m3u8
新密新闻频道,http://live.dxhmt.cn:9081/tv/10183-2.m3u8
新郑综合频道,http://tvpull.dxhmt.cn:9081/tv/10184-1.m3u8
新郑综合频道,http://live.dxhmt.cn:9081/tv/10184-1.m3u8
宝丰综合频道,http://tvpull.dxhmt.cn:9081/tv/10421-1.m3u8
宝丰综合频道,http://live.dxhmt.cn:9081/tv/10421-1.m3u8
郏县综合频道,http://tvpull.dxhmt.cn:9081/tv/10425-1.m3u8
郏县综合频道,http://live.dxhmt.cn:9081/tv/10425-1.m3u8
鲁山综合频道,http://tvpull.dxhmt.cn:9081/tv/10423-1.m3u8
鲁山综合频道,http://live.dxhmt.cn:9081/tv/10423-1.m3u8
汝州新闻频道,http://tvpull.dxhmt.cn:9081/tv/10482-1.m3u8
汝州新闻频道,http://live.dxhmt.cn:9081/tv/10482-1.m3u8
汝州科教频道,http://tvpull.dxhmt.cn:9081/tv/10482-2.m3u8
汝州科教频道,http://live.dxhmt.cn:9081/tv/10482-2.m3u8
舞钢新闻综合,http://tvpull.dxhmt.cn:9081/tv/10481-1.m3u8
舞钢新闻综合,http://live.dxhmt.cn:9081/tv/10481-1.m3u8
舞钢新闻综合,http://live.dxhmt.cn:9080/13937510433/1fd30c3556cd401089d087167a7879fe.m3u8
舞钢社会生活,http://live.dxhmt.cn:9080/13937510433/163e693acc664e7980b44f105d696a42.m3u8
叶县一套,http://tvpull.dxhmt.cn:9081/tv/10422-1.m3u8
叶县一套,http://live.dxhmt.cn:9081/tv/10422-1.m3u8
栾川新闻频道,http://wshls.live.migucloud.com/live/LVVUJGFD_C0/playlist.m3u8
栾川新闻频道,http://tvpull.dxhmt.cn:9081/tv/10324-1.m3u8
栾川新闻频道,http://live.dxhmt.cn:9081/tv/10324-1.m3u8
洛宁综合频道,http://wshls.live.migucloud.com/live/WJ1E4VDQ_C0/playlist.m3u8
孟津新闻频道,http://tvpull.dxhmt.cn:9081/tv/10322-2.m3u8
孟津新闻频道,http://live.dxhmt.cn:9081/tv/10322-2.m3u8
孟津生活频道,http://tvpull.dxhmt.cn:9081/tv/10322-1.m3u8
孟津生活频道,http://live.dxhmt.cn:9081/tv/10322-1.m3u8
汝阳综合频道,http://tvpull.dxhmt.cn:9081/tv/10326-1.m3u8
汝阳综合频道,http://live.dxhmt.cn:9081/tv/10326-1.m3u8
嵩县综合新闻,http://wshls.live.migucloud.com/live/MZCYG799_C0/playlist.m3u8
嵩县综合新闻,http://tvpull.dxhmt.cn:9081/tv/10325-1.m3u8
嵩县综合新闻,http://live.dxhmt.cn:9081/tv/10325-1.m3u8
新安新闻综合,http://tvpull.dxhmt.cn:9081/tv/10323-1.m3u8
新安新闻综合,http://live.dxhmt.cn:9081/tv/10323-1.m3u8
伊川电视台,http://tvpull.dxhmt.cn:9081/tv/10329-1.m3u8
偃师新闻频道,http://wshls.live.migucloud.com/live/K7AFC7J6_C0/playlist.m3u8
偃师新闻频道,http://tvpull.dxhmt.cn:9081/tv/10381-1.m3u8
偃师新闻频道,http://live.dxhmt.cn:9081/tv/10381-1.m3u8
宜阳综合频道,http://live.dxhmt.cn:9081/tv/10327-1.m3u8
宜阳综合频道,http://tvpull.dxhmt.cn:9081/tv/10327-1.m3u8
孟州综合,http://tvpull.dxhmt.cn:9081/tv/10883-1.m3u8
孟州综合,http://live.dxhmt.cn:9081/tv/10883-1.m3u8
沁阳新闻综合,http://tvpull.dxhmt.cn:9081/tv/10882-1.m3u8
沁阳新闻综合,http://live.dxhmt.cn:9081/tv/10882-1.m3u8
沁阳新闻综合,http://live.qinyangtv.com:82/channel1/sd/live.m3u8
沁阳文化旅游,http://live.qinyangtv.com:82/channel2/sd/live.m3u8
温县综合,http://tvpull.dxhmt.cn:9081/tv/10825-1.m3u8
温县综合,http://live.dxhmt.cn:9081/tv/10825-1.m3u8
武陟新闻综合,http://tvpull.dxhmt.cn:9081/tv/10823-1.m3u8
武陟新闻综合,http://live.dxhmt.cn:9081/tv/10823-1.m3u8
邓州新闻,http://tvpull.dxhmt.cn:9081/tv/11381-1.m3u8
邓州新闻,http://live.dxhmt.cn:9081/tv/11381-1.m3u8
方城一套,http://tvpull.dxhmt.cn:9081/tv/11322-1.m3u8
方城一套,http://live.dxhmt.cn:9081/tv/11322-1.m3u8
内乡综合,http://tvpull.dxhmt.cn:9081/tv/11325-1.m3u8
内乡综合,http://live.dxhmt.cn:9081/tv/11325-1.m3u8
社旗综合,http://tvpull.dxhmt.cn:9081/tv/11327-1.m3u8
社旗综合,http://live.dxhmt.cn:9081/tv/11327-1.m3u8
桐柏新闻综合,http://tvpull.dxhmt.cn:9081/tv/11330-1.m3u8
桐柏新闻综合,http://live.dxhmt.cn:9081/tv/11330-1.m3u8
唐河一套,http://tvpull.dxhmt.cn:9081/tv/11328-1.m3u8
唐河一套,http://live.dxhmt.cn:9081/tv/11328-1.m3u8
淅川综合,http://tvpull.dxhmt.cn:9081/tv/11326-1.m3u8
淅川综合,http://live.dxhmt.cn:9081/tv/11326-1.m3u8
新野综合,http://tvpull.dxhmt.cn:9081/tv/11329-1.m3u8
新野综合,http://live.dxhmt.cn:9081/tv/11329-1.m3u8
镇平新闻综合,http://tvpull.dxhmt.cn:9081/tv/11324-1.m3u8
镇平新闻综合,http://live.dxhmt.cn:9081/tv/11324-1.m3u8
郸城新闻综合,http://live.dxhmt.cn:9081/tv/11625-1.m3u8
郸城新闻综合,http://tvpull.dxhmt.cn:9081/tv/11625-1.m3u8
扶沟综合频道,http://tvpull.dxhmt.cn:9081/tv/11621-1.m3u8
扶沟综合频道,http://live.dxhmt.cn:9081/tv/11621-1.m3u8
鹿邑新闻频道,http://tvpull.dxhmt.cn:9081/tv/11628-1.m3u8
鹿邑新闻频道,http://live.dxhmt.cn:9081/tv/11628-1.m3u8
沈丘新闻综合,http://live.dxhmt.cn:9081/tv/11624-1.m3u8
沈丘新闻综合,http://tvpull.dxhmt.cn:9081/tv/11624-1.m3u8
太康综合,http://tvpull.dxhmt.cn:9081/tv/11627-1.m3u8
太康综合,http://live.dxhmt.cn:9081/tv/11627-1.m3u8
项城新闻,http://tvpull.dxhmt.cn:9081/tv/11681-1.m3u8
项城新闻,http://live.dxhmt.cn:9081/tv/11681-1.m3u8
西华综合频道,http://tvpull.dxhmt.cn:9081/tv/11622-1.m3u8
西华综合频道,http://live.dxhmt.cn:9081/tv/11622-1.m3u8
兰考新闻频道,http://tvpull.dxhmt.cn:9081/tv/10225-1.m3u8
兰考新闻频道,http://live.dxhmt.cn:9081/tv/10225-1.m3u8
杞县新闻综合,http://tvpull.dxhmt.cn:9081/tv/10221-1.m3u8
杞县新闻综合,http://live.dxhmt.cn:9081/tv/10221-1.m3u8
通许综合频道,http://tvpull.dxhmt.cn:9081/tv/10222-1.m3u8
通许综合频道,http://live.dxhmt.cn:9081/tv/10222-1.m3u8
尉氏综合频道,http://tvpull.dxhmt.cn:9081/tv/10223-1.m3u8
尉氏综合频道,http://live.dxhmt.cn:9081/tv/10223-1.m3u8
临颍综合频道,http://tvpull.dxhmt.cn:9081/tv/11122-1.m3u8
临颍综合频道,http://live.dxhmt.cn:9081/tv/11122-1.m3u8
舞阳新闻综合,http://tvpull.dxhmt.cn:9081/tv/11121-1.m3u8
舞阳新闻综合,http://live.dxhmt.cn:9081/tv/11121-1.m3u8
泌阳新闻综合,http://tvpull.dxhmt.cn:9081/tv/11726-1.m3u8
泌阳新闻综合,http://live.dxhmt.cn:9081/tv/11726-1.m3u8
平舆综合,http://tvpull.dxhmt.cn:9081/tv/11723-1.m3u8
平舆综合,http://live.dxhmt.cn:9081/tv/11723-1.m3u8
确山综合,http://tvpull.dxhmt.cn:9081/tv/11725-1.m3u8
确山综合,http://live.dxhmt.cn:9081/tv/11725-1.m3u8
汝南综合,http://tvpull.dxhmt.cn:9081/tv/11727-1.m3u8
汝南综合,http://live.dxhmt.cn:9081/tv/11727-1.m3u8
上蔡综合,http://tvpull.dxhmt.cn:9081/tv/11722-1.m3u8
上蔡综合,http://live.dxhmt.cn:9081/tv/11722-1.m3u8
遂平一套,http://tvpull.dxhmt.cn:9081/tv/11728-1.m3u8
遂平一套,http://live.dxhmt.cn:9081/tv/11728-1.m3u8
新蔡综合,http://tvpull.dxhmt.cn:9081/tv/11729-1.m3u8
新蔡综合,http://live.dxhmt.cn:9081/tv/11729-1.m3u8
西平综合,http://tvpull.dxhmt.cn:9081/tv/11721-1.m3u8
西平综合,http://live.dxhmt.cn:9081/tv/11721-1.m3u8
长垣综合频道,http://tvpull.dxhmt.cn:9081/tv/10728-1.m3u8
长垣综合频道,http://live.dxhmt.cn:9081/tv/10728-1.m3u8
封丘新闻综合,http://tvpull.dxhmt.cn:9081/tv/10727-1.m3u8
封丘新闻综合,http://live.dxhmt.cn:9081/tv/10727-1.m3u8
获嘉综合频道,http://tvpull.dxhmt.cn:9081/tv/10724-1.m3u8
获嘉综合频道,http://live.dxhmt.cn:9081/tv/10724-1.m3u8
辉县新闻综合,http://tvpull.dxhmt.cn:9081/tv/10782-1.m3u8
辉县新闻综合,http://live.dxhmt.cn:9081/tv/10782-1.m3u8
卫辉综合频道,http://tvpull.dxhmt.cn:9081/tv/10781-1.m3u8
卫辉综合频道,http://live.dxhmt.cn:9081/tv/10781-1.m3u8
新乡县电视台,http://tvpull.dxhmt.cn:9081/tv/10721-1.m3u8
新乡县电视台,http://live.dxhmt.cn:9081/tv/10721-1.m3u8
延津综合频道,http://tvpull.dxhmt.cn:9081/tv/10726-1.m3u8
延津综合频道,http://live.dxhmt.cn:9081/tv/10726-1.m3u8
原阳新闻综合,http://tvpull.dxhmt.cn:9081/tv/10725-1.m3u8
原阳新闻综合,http://live.dxhmt.cn:9081/tv/10725-1.m3u8
灵宝新闻综合,http://tvpull.dxhmt.cn:9081/tv/11282-1.m3u8
灵宝新闻综合,http://live.dxhmt.cn:9081/tv/11282-1.m3u8
卢氏综合频道,http://tvpull.dxhmt.cn:9081/tv/11224-1.m3u8
卢氏综合频道,http://live.dxhmt.cn:9081/tv/11224-1.m3u8
渑池新闻综合,http://tvpull.dxhmt.cn:9081/tv/11221-1.m3u8
渑池新闻综合,http://live.dxhmt.cn:9081/tv/11221-1.m3u8
义马新闻综合,http://tvpull.dxhmt.cn:9081/tv/11281-1.m3u8
义马新闻综合,http://live.dxhmt.cn:9081/tv/11281-1.m3u8
安阳县新闻综合,http://tvpull.dxhmt.cn:9081/tv/10522-1.m3u8
安阳县新闻综合,http://live.dxhmt.cn:9081/tv/10522-1.m3u8
滑县新闻,http://tvpull.dxhmt.cn:9081/tv/10526-1.m3u8
滑县新闻,http://live.dxhmt.cn:9081/tv/10526-1.m3u8
滑县民生,http://tvpull.dxhmt.cn:9081/tv/10526-2.m3u8
滑县民生,http://live.dxhmt.cn:9081/tv/10526-2.m3u8
滑县快乐3,http://tvpull.dxhmt.cn:9081/tv/10526-3.m3u8
滑县快乐3,http://live.dxhmt.cn:9081/tv/10526-3.m3u8
林州综合,http://tvpull.dxhmt.cn:9081/tv/10581-1.m3u8
林州综合,http://live.dxhmt.cn:9081/tv/10581-1.m3u8
内黄综合频道,http://tvpull.dxhmt.cn:9081/tv/10527-1.m3u8
汤阴综合,http://tvpull.dxhmt.cn:9081/tv/10523-1.m3u8
汤阴综合,http://live.dxhmt.cn:9081/tv/10523-1.m3u8
淇县电视台,http://tvpull.dxhmt.cn:9081/tv/10622-1.m3u8
淇县电视台,http://live.dxhmt.cn:9081/tv/10622-1.m3u8
浚县一套,http://tvpull.dxhmt.cn:9081/tv/10621-1.m3u8
浚县一套,http://live.dxhmt.cn:9081/tv/10621-1.m3u8
范县新闻综合,http://live.dxhmt.cn:9080/13603832636/13abd3089d9c47058fe34c49a6182981.m3u8
南乐综合频道,http://tvpull.dxhmt.cn:9081/tv/10923-1.m3u8
南乐综合频道,http://live.dxhmt.cn:9081/tv/10923-1.m3u8
濮阳县电视台,http://zhpull.dxhmt.cn/puyangxian/0779dbf4086a455fa1f36e3d56740a41/playlist.m3u8
清丰综合频道,http://tvpull.dxhmt.cn:9081/tv/10922-1.m3u8
清丰综合频道,http://live.dxhmt.cn:9081/tv/10922-1.m3u8
台前新闻综合,http://tvpull.dxhmt.cn:9081/tv/10927-1.m3u8
台前新闻综合,http://live.dxhmt.cn:9081/tv/10927-1.m3u8
光山综合频道,http://tvpull.dxhmt.cn:9081/tv/11522-1.m3u8
光山综合频道,http://live.dxhmt.cn:9081/tv/11522-1.m3u8
固始综合频道,http://tvpull.dxhmt.cn:9081/tv/11525-1.m3u8
固始综合频道,http://live.dxhmt.cn:9081/tv/11525-1.m3u8
淮滨综合频道,http://tvpull.dxhmt.cn:9081/tv/11527-1.m3u8
淮滨综合频道,http://live.dxhmt.cn:9081/tv/11527-1.m3u8
潢川综合频道,http://tvpull.dxhmt.cn:9081/tv/11526-1.m3u8
潢川综合频道,http://live.dxhmt.cn:9081/tv/11526-1.m3u8
罗山综合频道,http://tvpull.dxhmt.cn:9081/tv/11521-1.m3u8
罗山综合频道,http://live.dxhmt.cn:9081/tv/11521-1.m3u8
商城新闻频道,http://tvpull.dxhmt.cn:9081/tv/11524-1.m3u8
商城新闻频道,http://live.dxhmt.cn:9081/tv/11524-1.m3u8
新县综合频道,http://tvpull.dxhmt.cn:9081/tv/11523-1.m3u8
新县综合频道,http://live.dxhmt.cn:9081/tv/11523-1.m3u8
息县综合频道,http://120.194.173.75:6060/0.ts
建安综合频道,http://tvpull.dxhmt.cn:9081/tv/11003-1.m3u8
建安综合频道,http://live.dxhmt.cn:9081/tv/11003-1.m3u8
襄城综合频道,http://tvpull.dxhmt.cn:9081/tv/11025-1.m3u8
襄城综合频道,http://live.dxhmt.cn:9081/tv/11025-1.m3u8
鄢陵综合频道,http://tvpull.dxhmt.cn:9081/tv/11024-1.m3u8
鄢陵综合频道,http://live.dxhmt.cn:9081/tv/11024-1.m3u8
禹州综合,http://tvpull.dxhmt.cn:9081/tv/11081-1.m3u8
禹州综合,http://live.dxhmt.cn:9081/tv/11081-1.m3u8
禹州公共,http://tvpull.dxhmt.cn:9081/tv/11081-2.m3u8
禹州公共,http://tvpull.dxhmt.cn/tv/11081-2.m3u8
荆州新闻,http://61.184.30.36:9090/live/jztv1h.m3u8
荆州垄上,http://61.184.30.36:9090/live/jztv2h.m3u8
荆州公共,http://61.184.30.36:9090/live/jztv3h.m3u8
宜昌综合,http://player.521fanli.cn/1691/hubei/yichangcjym3u8.php?id=yichangzh
宜昌旅游生活,http://player.521fanli.cn/1691/hubei/yichangcjym3u8.php?id=yichanglysh
荆门新闻综合,http://stream.jmtv.com.cn/xwzh/sd/live.m3u8
荆门教育频道,http://stream.jmtv.com.cn/ggsh/sd/live.m3u8
荆门公共频道,http://stream.jmtv.com.cn/ngpd/sd/live.m3u8
孝感公共频道,http://live.yingxi.tv/channel1/sd/live.m3u8
仙桃新闻综合,http://221.233.242.239:280/live/71/playlist.m3u8
仙桃生活文体,http://221.233.242.239:280/live/72/playlist.m3u8
麻城综合,http://119.36.30.199:8888/mctv1.m3u8
保康新闻综合,http://bktvplay.gdnewmedia.cc/live/bk_xwzh.m3u8
保康文化旅游,http://bktvplay.gdnewmedia.cc/live/bk_whly.m3u8
江夏新闻综合,http://59.175.226.142:280/gb28181/xwzh.m3u8
郧阳新闻综合,http://58.19.198.159:2021/hls1.m3u8
长沙政法频道,http://35848.hlsplay.aodianyun.com/guangdianyun_35848/tv_channel_348.flv?auth_key=%2A%2A%2A
长沙女性频道,https://hls.quklive.com/live/1551337800259710/index.m3u8
长沙影视频道,http://35848.hlsplay.aodianyun.com/guangdianyun_35848/tv_channel_350.flv?auth_key=%2A%2A%2A
长沙磁浮电视,https://hls.quklive.com/live/1551751256158751/index.m3u8
长沙地铁电视,https://hls.quklive.com/live/1551751084371710/index.m3u8
长沙移动电视,https://hls.quklive.com/live/1551750947083772/index.m3u8
湘潭新闻综合,http://live.hnxttv.com:9601/live/xwzh/800K/tzwj_video.m3u8
湘潭公共频道,http://live.hnxttv.com:9601/live/dspd/800K/tzwj_video.m3u8
娄底综合频道,http://119.39.242.52:1935/live/zonghe/playlist.m3u8
衡阳新闻综合,http://59.51.68.40:1936/live/2.stream/playlist.m3u8
衡阳新闻综合,http://hnhs.chinashadt.com:1936/hnhs/tv5.stream/playlist.m3u8
衡阳公共频道,http://59.51.68.40:1936/live/3.stream/playlist.m3u8
张家界新闻综合,http://stream.zjjrtv.com/zjjtv1/hd/live.m3u8
张家界公共频道,http://stream.zjjrtv.com/zjjtv2/hd/live.m3u8
宜章新闻综合,http://hnyz.chinashadt.com:2036/live/stream:tv1.stream/playlist.m3u8
常宁综合频道,http://59.51.68.40:1936/live/cntv/playlist.m3u8
衡东综合频道,http://play-dgv-xhncloud.voc.com.cn/live/5243_FuchqK.m3u8
衡山综合频道,http://hnhs.chinashadt.com:1936/hnhs/tv8.stream/playlist.m3u8
祁阳综合,http://play-dgv-xhncloud.voc.com.cn/live/5243_PREfDG.m3u8
新田电视台,https://hlsv2.quklive.com/live/1625110020460086/index.m3u8
冷水江新闻综合,http://play-dgv-xhncloud.voc.com.cn/live/5243_8NbUnK.m3u8
通道时政,http://live.tongdaotv.com:8087/live/tdtv.m3u8
南京新闻综合,http://live.nbs.cn/channels/njtv/xwzh/500k.m3u8
南京新闻综合,http://live.nbs.cn/channels/njtv/xwzh/m3u8:500k/live.m3u8
南京教科,http://live.nbs.cn/channels/njtv/jkpd/m3u8:500k/live.m3u8
南京生活,http://live.nbs.cn/channels/njtv/shpd/m3u8:500k/live.m3u8
南京生活,http://live.nbs.cn/channels/njtv/shpd/m3u8:500k/live.m3u8
南京娱乐,http://live.nbs.cn/channels/njtv/ylpd/m3u8:500k/live.m3u8
南京十八,http://live.nbs.cn/channels/njtv/sbpd/m3u8:500k/live.m3u8
南京少儿,http://live.nbs.cn/channels/njtv/sepd/m3u8:500k/live.m3u8
南京信息,http://live.nbs.cn/channels/njtv/xxpd/m3u8:500k/live.m3u8
苏州新闻综合,https://liveshowbak2.kan0512.com/norecord/ncsztv1_sd/playlist.m3u8
苏州社会经济,https://liveshowbak2.kan0512.com/norecord/ncsztv2_sd/playlist.m3u8
苏州文化生活,https://liveshowbak2.kan0512.com/norecord/ncsztv3_sd/playlist.m3u8
苏州电影娱乐,https://liveshowbak2.kan0512.com/norecord/ncsztv4_sd/playlist.m3u8
南通新闻综合,http://cm.wshls.homecdn.com/live/7cc9.m3u8
南通新闻综合,http://cm.wshls.homecdn.com/live/7cc9.flv
南通影视娱乐,http://cm.wshls.homecdn.com/live/7cc5.m3u8
南通影视娱乐,http://cm.wshls.homecdn.com/live/7cc5.flv
南通崇川综合,http://cm.wshls.homecdn.com/live/7cc1.m3u8
南通崇川综合,http://cm.wshls.homecdn.com/live/7cc1.flv
盐城新闻综合,http://stream.0515yc.cn/yctv1/playlist.m3u8
盐城法制生活,http://stream.0515yc.cn/yctv2/playlist.m3u8
盐城城市公共,http://stream.0515yc.cn/yctv3/playlist.m3u8
无锡新闻综合,http://m.m3u8.wifiwx.com:80/live/wifiwx-239.m3u8
无锡生活,http://m.m3u8.wifiwx.com/live/wifiwx-244.m3u8
无锡经济,http://m.m3u8.wifiwx.com/live/wifiwx-245.m3u8
连云港公共频道,http://live.lyg1.com/ggpd/sd/live.m3u8
张家港新闻综合,http://3gvod.zjgonline.com.cn:1935/live/xinwenzonghe2/playlist.m3u8
张家港民生频道,http://3gvod.zjgonline.com.cn:1935/live/shehuishenghuo2/playlist.m3u8
滨海新闻综合,http://jsbh.chinashadt.com:2036/live/bh11.stream/playlist.m3u8
大丰新闻综合,http://dafeng-tv-hls.cm.jstv.com/dafeng-tv/dafengyt.m3u8
大丰公共频道,http://dafeng-tv-hls.cm.jstv.com/dafeng-tv/dafenget.m3u8
盐都综合频道,http://yandu-tv-hls.cm.jstv.com/yandu-tv/yanduzh.m3u8
如东新闻综合,http://rudong-tv-hls.cm.jstv.com/rudong-tv/rdxwzh.m3u8
江宁新闻频道,https://jiangning-tv-hls.cm.jstv.com/jiangning-tv/jnxwzh.m3u8
溧水新闻综合,http://live.lsrmw.cn/zhpd/sd/live.m3u8
溧水影视娱乐,http://live.lsrmw.cn/ysyl/sd/live.m3u8
铜山综合频道,http://stream.tstvxmt.com/tstv1/sd/live.m3u8
铜山二农频道,http://stream.tstvxmt.com/ts3/sd/live.m3u8
淮阴综合频道,http://huaiyin-tv-hls.cm.jstv.com/huaiyin-tv/huaiyinf.m3u8
淮阴影视频道,http://huaiyin-tv-hls.cm.jstv.com/huaiyin-tv/hyys.m3u8
金湖新闻综合,http://jinhu-tv-hls.cm.jstv.com/jinhu-tv/jinhuzh.m3u8
武进新闻频道,https://live.wjyanghu.com/live/CH1.m3u8
武进生活频道,https://live.wjyanghu.com/live/CH2.m3u8
新沂新闻频道,http://live.xysrmt.cn/xwzh/sd/live.m3u8
新沂生活频道,http://live.xysrmt.cn/shpd/sd/live.m3u8
泗洪新闻综合,http://sihong-tv-hls.cm.jstv.com/sihong-tv/sihongxinwenzonghe.m3u8
句容新闻综合,http://jrlive.jrntv.com/live/_definst_/jrxwzhs/playlist.m3u8
句容生活频道,http://jrlive.jrntv.com/live/_definst_/shenghuos/playlist.m3u8
句容影视频道,http://jrlive.jrntv.com/live/_definst_/yingshis/playlist.m3u8
句容党建频道,http://jrlive.jrntv.com/live/_definst_/dangjians/playlist.m3u8
睢宁综合频道,http://suining-tv-hls.cm.jstv.com:80/suining-tv/suiningzh.m3u8
扬中新闻频道,http://yangzhong-tv-hls.cm.jstv.com/yangzhong-tv/xwzh.m3u8
靖江新闻综合,http://visit.jjbctv.com:1935/live/xwzhpc/playlist.m3u8
靖江新闻综合,http://visit.jjbctv.com:1935/live/xwzhmb/playlist.m3u8
高邮综合频道,http://gaoyou-tv-hls.cm.jstv.com/gaoyou-tv/gaoyouxw.m3u8
仪征新闻综合,http://yizheng-tv-hls.cm.jstv.com/yizheng-tv/yzxwzh.m3u8
仪征生活频道,http://yizheng-tv-hls.cm.jstv.com/yizheng-tv/yzshsh.m3u8
宿豫综合频道,https://suyu-tv-hls.cm.jstv.com/suyu-tv/syzhpd.m3u8
昆山新闻综合,http://pili-publish.living.ksrmtzx.com/ksntv/ks-tv.m3u8
赣榆新闻综合,http://ganyu-tv-hls.cm.jstv.com/ganyu-tv/ganyutv.m3u8
江西公共农业,http://117.169.120.223:8080/hwrr.jx.chinamobile.com/PLTV/88888888/224/3221225578/index.m3u8?fmt=ts2hls
南昌新闻综合,http://39.135.138.58:18890/PLTV/88888888/224/3221226223/index.m3u8
南昌都市频道,http://39.135.138.58:18890/PLTV/88888888/224/3221226226/index.m3u8
南昌资讯政法,http://39.135.138.58:18890/PLTV/88888888/224/3221226228/index.m3u8
南昌公共频道,http://39.135.138.58:18890/PLTV/88888888/224/3221226231/index.m3u8
瑞金综合频道,http://live.mudu.tv/watch/u2udf0.m3u8
鄱阳综合,http://pili-live-hls.poyang.jxxw.com.cn/pyxrmtzx/poyang.m3u8
南城综合频道,http://pili-live-hls.jxxw.com.cn/nctv1/nctv1.m3u8
万载综合频道,http://live-echotv.cdnvideo.ru/echotv/echotv.sdp/playlist.m3u8
吉州新闻综合,http://218.204.153.158/10.m3u8
永新电视一套,http://jxyx.chinashadt.com:2036/live/1002.stream/playlist.m3u8
永新电视二套,http://jxyx.chinashadt.com:2036/live/1003.stream/playlist.m3u8
永新电视三套,http://jxyx.chinashadt.com:2036/live/1004.stream/playlist.m3u8
吉林都市,http://stream1.jlntv.cn/dspd/playlist.m3u8
延边朝鲜语综合,http://live.ybtvyun.com/video/s10006-b571c289a478/index.m3u8
延边朝鲜语综合,http://live.ybtvyun.com/video/s10016-19a16c47eb99/index.m3u8
延边汉语综合,http://live.ybtvyun.com/video/s10006-04819ee234a7/index.m3u8
延边汉语综合,http://live.ybtvyun.com/video/s10016-7e5f23de35df/index.m3u8
通化新闻,http://stream2.jlntv.cn/tonghua1/sd/live.m3u8
吉林市新闻综合,http://living.muzhifm.com/jilinshi/jl_v_zonghe.m3u8?auth_key=%2A%2A%2A
吉林市新闻综合,http://stream2.jlntv.cn/jilin1/sd/live.m3u8
四平新闻综合,http://stream2.jlntv.cn/sptv/sd/live.m3u8
辽源新闻综合,http://stream2.jlntv.cn/liaoyuan1/sd/live.m3u8
松原新闻综合,http://stream2.jlntv.cn/sytv/sd/live.m3u8
松原公共频道,http://stream8.jlntv.cn/sytv2/sd/live.m3u8
白城新闻综合,http://stream2.jlntv.cn/baicheng1/sd/live.m3u8
长白山电视台,http://stream8.jlntv.cn/cbstv/sd/live.m3u8
德惠综合,http://stream11.jlntv.cn/dehuitv/sd/live.m3u8
九台综合,http://stream10.jlntv.cn/jiutaitv/sd/live.m3u8
农安新闻综合,http://stream2.jlntv.cn/naxw/sd/live.m3u8
双阳综合,http://stream11.jlntv.cn/shuangyang/sd/live.m3u8
江源综合频道,http://stream10.jlntv.cn/jiangyuantv/sd/live.m3u8
靖宇综合频道,http://stream8.jlntv.cn/jytv/sd/live.m3u8
敦化一套,http://stream8.jlntv.cn/dhtv/playlist.m3u8
珲春新闻综合,http://stream8.jlntv.cn/hctv/sd/live.m3u8
龙井综合,http://stream8.jlntv.cn/ljtv/sd/live.m3u8
梅河口综合,http://stream4.jlntv.cn/mhk/sd/live.m3u8
桦甸综合,http://stream10.jlntv.cn/huadian/sd/live.m3u8
磐石综合,http://stream5.jlntv.cn/ps/sd/live.m3u8
舒兰新闻综合,http://stream8.jlntv.cn/shulan/sd/live.m3u8
永吉综合频道,http://stream10.jlntv.cn/yongji/sd/live.m3u8
东丰综合,http://stream5.jlntv.cn/df/sd/live.m3u8
东辽综合,http://stream5.jlntv.cn/dl/sd/live.m3u8
双辽综合,http://stream5.jlntv.cn/sl/sd/live.m3u8
前郭综合频道,http://stream2.jlntv.cn/qg/sd/live.m3u8
辉南新闻综合,http://stream5.jlntv.cn/hn/sd/live.m3u8
集安综合频道,http://stream2.jlntv.cn/ja/sd/live.m3u8
柳河综合,http://stream5.jlntv.cn/lh/sd/live.m3u8
通化县综合,http://stream5.jlntv.cn/thx/sd/live.m3u8
汪清综合,http://stream5.jlntv.cn/wq/sd/live.m3u8
辽宁经济,http://42.176.185.28:9901/tsfile/live/1009_1.m3u8
辽宁都市,http://httplive.slave.bfgd.com.cn:14311/playurl?playtype=live&protocol=http&accesstoken=%2A%2A%2A&playtoken=%2A%2A%2A&programid=4200000068
辽宁影视剧,http://42.176.185.28:9901/tsfile/live/1012_1.m3u8
辽宁教育青少,http://42.176.185.28:9901/tsfile/live/1008_1.m3u8
辽宁生活,http://42.176.185.28:9901/tsfile/live/1006_1.m3u8
辽宁公共,http://42.176.185.28:9901/tsfile/live/1010_1.m3u8
丹东新闻综合,http://59.47.133.234:64230/live
丹东公共频道,http://59.47.133.234:64231/live
鄂尔多斯新闻综合,http://live.erdszs.org.cn/lsdream/h2mxgj4/1000/live.m3u8
鄂尔多斯经济服务,http://live.erdszs.org.cn/lsdream/ogvfqcp/1000/live.m3u8
鄂尔多斯城市生活,http://live.erdszs.org.cn/lsdream/726npBZ/1000/live.m3u8
鄂尔多斯蒙语综合,http://live.erdszs.org.cn/lsdream/3lZr8dK/1000/live.m3u8
巴彦淖尔新闻综合,https://pili-live-hls-bynr.tianma3600.com/bynr/xwzh.m3u8
巴彦淖尔经济生活,https://pili-live-hls-bynr.tianma3600.com/bynr/szcj.m3u8
巴彦淖尔影视娱乐,https://pili-live-hls-bynr.tianma3600.com/bynr/ysyl.m3u8
乌兰察布新闻综合,http://pluslive.wrbtv.cn/xwzh/sd/live.m3u8
乌兰察布经济生活,http://pluslive.wrbtv.cn/wrbtv1/sd/live.m3u8
乌兰察布生活频道,http://pluslive.wrbtv.cn/wrbtv3/sd/live.m3u8
达茂综合频道,http://pili-live-hls.nmgapp12019.sobeylive.com/nmgapp12019/live162426298237692.m3u8
固阳综合频道,http://pili-live-hls.nmgapp12019.sobeylive.com/nmgapp12019/live160861109294211.m3u8
克旗综合频道,http://pili-live-hls.nmgapp12019.sobeylive.com/nmgapp12019/live159582155321721.m3u8
元宝山综合,http://l2yx82zv.live2.danghongyun.com/live/hls/8be0890a1b0c4d7aaf80b51ea8646682/5a8988f5ecc64986a19aa9b6b3a052a6-1.m3u8
突泉综合频道,http://pili-live-hls.cyyapp2019.sobeylive.com/cyyapp2019/live163886991032759.m3u8
库伦旗电视台,http://pili-live-hls.nmgapp12019.sobeylive.com/nmgapp12019/live161942247484390.m3u8
奈曼旗电视台,http://pili-live-hls.nmgapp12019.sobeylive.com/nmgapp12019/live161888593025926.m3u8
准格尔旗电视台,http://pili-live-hls.nmgapp12019.sobeylive.com/nmgapp12019/live161802828375549.m3u8
鄂托克旗电视台,http://110.19.181.138:10080/hls/F509Rh7GR/F509Rh7GR_live.m3u8
察右前旗综合,http://pili-live-hls.nmgapp12019.sobeylive.com/nmgapp12019/live160073959279435.m3u8
鄂温克电视台,http://pili-live-hls.nmgapp12019.sobeylive.com/nmgapp12019/live162700604855057.m3u8
宁夏公共,http://livepgc.cmc.ningxiahuangheyun.com/pgc/041867befe3dde090202f620ade5b87c.m3u8?txSecret=%2A%2A%2A&txTime=6235C9B6
宁夏经济,http://www.nxtv.com.cn/m2o/channel/play.php?channel_id=7
宁夏经济,http://livepgc.cmc.ningxiahuangheyun.com/pgc/10717759047cafd37fd87caa5883e9c2.m3u8?txSecret=%2A%2A%2A&txTime=6235C9C1
吴忠综合,http://live.kanwz.net/zhpd/sd/live.m3u8
吴忠公共,http://live.kanwz.net/ggpd/sd/live.m3u8
青海经视,http://stream.qhbtv.com/qhsh/sd/live.m3u8?_upt=ba357f031594546763
青海都市,http://stream.qhbtv.com/qhds/sd/live.m3u8?_upt=f868bafe1594546577
安多卫视,http://39.135.138.58:18890/PLTV/88888888/224/3221226195/index.m3u8
西宁新闻综合,https://liveout.xntv.tv/a65jur/96iln2.m3u8
西宁生活服务,http://dtrmlive.qhdtrm.cn/xnds/sd/live.m3u8
西宁生活服务,https://liveout.xntv.tv/a65jur/90p2i1.m3u8
玉树新闻频道,http://stream.ysbtv.net/1/sd/live.m3u8
海西州综合频道,http://stream.haixitv.cn/1/sd/live.m3u8
囊谦综合,http://pili-live-hls-qhnqapp2020.sobeylive.com/qhnqapp2020/qhnqtv01.m3u8
湟中综合,http://livecdn.dmqhyadmin.com/hls/xjhuangzhong.m3u8
德令哈综合,http://livecdn.dmqhyadmin.com/hls/xjdelingha.m3u8
门源综合,http://livecdn.dmqhyadmin.com/hls/xjmenyuan.m3u8
祁连综合,http://livecdn.dmqhyadmin.com/hls/xjqilian.m3u8
贵南综合,http://livecdn.dmqhyadmin.com/hls/xjguinan.m3u8
化隆综合,http://livecdn.dmqhyadmin.com/hls/xjhualong.m3u8
民和综合,http://livecdn.dmqhyadmin.com/hls/xjminhe.m3u8
农林卫视,http://39.135.138.58:18890/PLTV/88888888/224/3221226204/index.m3u8
西安新闻综合,http://stream2.xiancity.cn/xatv1/sd/live.m3u8
西安白鸽都市,http://stream2.xiancity.cn/xatv2/sd/live.m3u8
西安商务资讯,http://stream2.xiancity.cn/xatv3/sd/live.m3u8
西安文化影视,http://stream2.xiancity.cn/xatv4/sd/live.m3u8
西安丝路频道,http://stream2.xiancity.cn/xatv5/sd/live.m3u8
西安音乐综艺,http://stream2.xiancity.cn/xatv6/sd/live.m3u8
西安移动电视,http://stream2.xiancity.cn/xatv7/sd/live.m3u8
安康新闻频道,https://hls-sxak.sobeylive.com/xjhsyapp2019/sxakzhpd.m3u8
安康新闻频道,http://pili-live-hdl.hsyapp.sobeylingyun.com/xjhsyapp2019/sxakzhpd.m3u8
安康公共频道,https://hls-sxak.sobeylive.com/xjhsyapp2019/sxakggpd.m3u8
安康公共频道,http://pili-live-hdl.hsyapp.sobeylingyun.com/xjhsyapp2019/sxakggpd.m3u8
安康教育频道,https://hls-sxak.sobeylive.com/xjhsyapp2019/sxakjypd.m3u8
安康教育频道,http://pili-live-hdl.hsyapp.sobeylingyun.com/xjhsyapp2019/sxakjypd.m3u8
宝鸡新闻综合,http://h5.baojinews.com/m3u8/baojitv1.m3u8
宝鸡经济资讯,http://h5.baojinews.com/m3u8/baojitv2.m3u8
神东一套,http://livesdong.chinamcache.com/sddst/zb01.flv?auth_key=%2A%2A%2A
中华美食,http://39.135.138.58:18890/PLTV/88888888/224/3221225924/index.m3u8
青岛城阳频道,http://pili-live-rtmp.56.i2863.com/i2863-56/live_56_307317.m3u8
日照新闻综合,http://live.rzw.com.cn/xwzh/sd/live.m3u8
日照公共频道,http://live.rzw.com.cn/kzpd/sd/live.m3u8
日照科教频道,http://live.rzw.com.cn/ggpd/sd/live.m3u8
日照导视频道,http://live.rzw.com.cn/fcpd/sd/live.m3u8
烟台新闻综合,http://live.yantaitv.cn/live/3e81a8879da44c5dadf3bd9c10468e1c/9b776d420ee4438199b7657c8eb88f07-1.m3u8
烟台公共频道,http://live.yantaitv.cn/live/e50f104a4ffe4a41b2217cbda534146f/d86092e69df94668b33390278b061700-1.m3u8
烟台经济科技,http://live.yantaitv.cn/live/27f84144e95a4652ae9e5c211b2a6b55/405f3e33ba384aa0a16014d0becd1261-1.m3u8
烟台影视频道,http://live.yantaitv.cn/live/e9f1d9045d474c31884d13fa4ffbbd16/a4a9b3704d854756907845107cc56129-1.m3u8
菏泽新闻综合,http://zb.hezegd.com:1935/live/hztv1/1000k/tzwj_video.m3u8
菏泽经济生活,http://zb.hezegd.com:1935/live/hztv2/1000k/tzwj_video.m3u8
菏泽影视频道,http://zb.hezegd.com:1935/live/hztv3/1000k/tzwj_video.m3u8
枣庄新闻综合,http://stream.zztvzd.com/1/sd/live.m3u8
枣庄教育频道,http://stream.zztvzd.com/2/sd/live.m3u8
枣庄公共频道,http://stream.zztvzd.com/3/sd/live.m3u8
东营综合频道,http://stream.hhek.cn/xwzh/sd/live.m3u8
东营公共频道,http://stream.hhek.cn/ggpd/sd/live.m3u8
东营科教频道,http://stream.hhek.cn/dyjy/sd/live.m3u8
德州图文频道,http://video.dztv.tv:1935/live/dztw_gq/playlist.m3u8
德州图文频道,http://video.dztv.tv:1935/live/dztw_bq/playlist.m3u8
德州图文频道,http://video.dztv.tv:1935/live/dztw_sj/playlist.m3u8
滨州新闻综合,http://stream.bzcm.net/2/sd/live.m3u8
滨州公共电视剧,http://stream.bzcm.net/1/sd/live.m3u8
聊城新闻综合,http://m3u8.channellive.lcbtv.com/nmip-media/channellive/channel101173/playlist.m3u8
聊城新闻综合,http://m3u8.channellive.lcbtv.com/cms/videos/nmip-media-dz/channellive/channel2/playlist.m3u8
聊城公共频道,http://m3u8.channellive.lcbtv.com/nmip-media/channellive/channel101246/playlist.m3u8
聊城公共频道,http://m3u8.channellive.lcbtv.com/cms/videos/nmip-media-dz/channellive/channel3/playlist.m3u8
青州综合频道,http://sdqz.chinashadt.com:2036/live/stream:1.stream/playlist.m3u8
青州文化旅游,http://sdqz.chinashadt.com:2036/live/stream:3.stream/playlist.m3u8
岱岳综合频道,http://slvedio.slradio.cn/a935908a217711ea8bb000163e0e6522/4D6357B92240C088F3612E43E44B5F1D.m3u8
新泰综合频道,http://live.xtgdw.cn:1935/live/xtzh/playlist.m3u8
新泰综合频道,http://111.17.214.12:1935/live/xtzh/playlist.m3u8
新泰综合频道,http://119.184.188.117:1935/live/xtzh/playlist.m3u8
新泰乡村频道,http://live.xtgdw.cn:1935/live/xtxc/playlist.m3u8
新泰乡村频道,http://111.17.214.12:1935/live/xtxc/playlist.m3u8
新泰乡村频道,http://119.184.188.117:1935/live/xtxc/playlist.m3u8
上海纪实人文,http://39.135.138.58:18890/PLTV/88888888/224/3221225654/index.m3u8
上海纪实人文,http://39.135.138.58:18890/PLTV/88888888/224/3221225655/index.m3u8
点掌财经,https://wsvideo.aniu.tv/live/aniu/playlist.m3u8
嘉定电视台,https://pili-live-hls.wdit.com.cn/wditlive/15472c98517744b994e85c9c60cc93cf6a3b.m3u8
金山电视台,http://live.mudu.tv/watch/4zbn2f.m3u8
金山电视台,http://live.mudu.tv/watch/4zbn2f.flv
晋城新闻,http://live.jinnews.com.cn/xwzh/sd/live.m3u8
晋城公共,http://live.jinnews.com.cn/ggpd/sd/live.m3u8
运城新闻综合,http://live.0359tv.com/lsdream/ss4Lj11/1000/live.m3u8
运城公共频道,http://live.0359tv.com/lsdream/t667aTY/1000/live.m3u8
运城科技教育,http://live.0359tv.com/lsdream/p5eq48m/1000/live.m3u8
临汾三套,http://hw-play.lezhibo.com/live/8552545d9bab4781bd46e8b41249d0e3.m3u8
晋中新闻频道,http://jzlive.jztvnews.com:90/live/jzzh.m3u8
晋中新闻频道,http://jzlive.jztvnews.com:83/live/mount_for_ts/jzzh.m3u8
晋中公共频道,http://jzlive.jztvnews.com:90/live/jzgg.m3u8
晋中公共频道,http://jzdb.jztvnews.com:83/live/mount_for_ts/jzgg.m3u8
长治新闻综合,http://111.53.105.2:8084/4b0bcd8509d748358b4450921fc3443b/h264_300k_ts/index.m3u8?type=hls_live_redirect
长治新闻综合,http://111.53.105.2:8084/live/4b0bcd8509d748358b4450921fc3443b?fmt=h264_800k_flv
长治公共频道,http://111.53.105.2:8084/7223161a96984d81b711d762d7e7fdd1/h264_300k_ts/index.m3u8?type=hls_live_redirect
长治公共频道,http://111.53.105.2:8084/live/7223161a96984d81b711d762d7e7fdd1?fmt=h264_800k_flv
长治教育频道,http://111.53.105.2:8084/2b7f0174d0f44c34bf466fc0ab801a3a/h264_300k_ts/index.m3u8?type=hls_live_redirect
长治教育频道,http://111.53.105.2:8084/live/2b7f0174d0f44c34bf466fc0ab801a3a?fmt=h264_800k_flv
交城电视台,http://sxjc.chinashadt.com:2036/live/stream:jctv.stream/playlist.m3u8
壶关电视台,http://zmjp3jin.live.sxmty.com/live/hls/268fe96f955d496db37fb10bb887cda9/fc196029d289449ea524a94a95379a0d.m3u8
黎城综合频道,http://111.53.96.67:8081/live/1/index.m3u8
平顺综合,https://stream.icelook.cn/2daa869d1623782d/6679643898219856900_1602492802.m3u8?auth_key=%2A%2A%2A
武乡新闻综合,http://uzoiczhh.live.sxmty.com/live/hls/0d41f1480c4042d49927858f01fde707/53130407737b417b9a6259b57246bae3.m3u8
武乡新闻综合,http://60.220.198.84:81/0.m3u8
长子综合频道,http://zzlive.zzc-media.com:8092/live/xwzh.m3u8
怀仁综合频道,http://1yp7hc5p.live.sxmty.com/live/hls/bff8529922344209985b6e49baa9555a/efa2543628fc4a7ea93d3d6c975f77dc.m3u8
平鲁综合频道,https://stream.icelook.cn/790d0a0f38c07f31/6728300245723120644_1609747594.m3u8?auth_key=%2A%2A%2A
潞城新闻综合,http://59.48.42.6:62204/lucheng.m3u8
安泽综合,https://qnwjgp6u.live.sxmty.com/live/hls/8004b4759fae489b8ab0d40ce1290fe2/d77ec722dd494a5e92caf5ea283f232d-1.m3u8
大宁综合,http://live.daningtv.com/channel1/sd/live.m3u8
汾西综合,https://qmmqvzoz.live.sxmty.com/live/hls/f24f8a390c084386a564074c9260100c/be3fdf07606145739ab2c4b80fe0136a.m3u8
吉县新闻综合,http://jxlive.jxrmtzx.com:8091/live/xwzh.m3u8
襄汾综合,http://7sycrzf7.live.sxmty.com/live/hls/da9222d15ce7491d85fe3519e5201df5/af161dfd2a434b22b3b75fdd72fb9038-1.m3u8
翼城综合,http://live.aiyicheng.com.cn/channel1/sd/live.m3u8
灵石新闻综合,https://live-stream.lsxrmtzx.com/live/video.m3u8
祁县新闻综合,http://ggpagerl.live.sxmty.com/live/hls/b350dc1ac5da45c2b2233f6eb122ddf4/49d3766c7f204685a2a8f027b234c33d.m3u8
昔阳电视台,https://muspz2pi.live.sxmty.com/live/hls/33a3ffb76e06432cb2e535e58aa8441d/6644d056086b4f608c87db5be6d7f05e.m3u8
临猗综合频道,http://pili-live-hls.lyzx.live.chinacici.cn/lyrmt/ceshi-ly.m3u8
定襄综合,http://lbyzztfe.live.sxmty.com/live/hls/645ff4c60e0a49f0a203abbd73dd8be9/0720e665f10f48e98c9639f4f492fb4a-1.m3u8
宁武综合,https://fvsln5ps.live.sxmty.com/live/hls/7922d2cdc4734bb3921826418cfa992d/cd7756e2135a48758e73017d502d8ec1-1.m3u8
神池新闻综合,http://frjw3tzv.live.sxmty.com/live/hls/28d39691d44244e2b6b2afe7c75104ff/4085af81ad5d4dd9a61b627c75161f02.m3u8
五台综合,https://568slnjf.live.sxmty.com/live/hls/90c8b2efeb164cc0a6c2409eed668d6b/f77cbb89ec57435b9ba4c47589c16e4f-1.m3u8
五寨综合,https://stream.icelook.cn/cf2874738208c975/6727103226484622340_1607389965.m3u8?auth_key=%2A%2A%2A
原平综合,http://xkmspyxn.live.sxmty.com/live/hls/65072fcc05414062bf02088d2a2a77b2/9da977614b044ef59d11779e997a12f8-1.m3u8
高平综合频道,http://live.gprmt.cn/gpnews/hd/live.m3u8
灵丘电视台,https://stream.icelook.cn/1a7c625fde427dc3/6735154231323395076_1611041008.m3u8?auth_key=%2A%2A%2A
四川经济频道,http://ep.b1791.com/php/sctv.php?id=scjj
四川文化旅游,http://ep.b1791.com/php/sctv.php?id=scwhly
四川新闻频道,http://ep.b1791.com/php/sctv.php?id=scxw
四川妇女儿童,http://ep.b1791.com/php/sctv.php?id=scfnet
四川乡村,http://ep.b1791.com/php/sctv.php?id=scxc
绵阳综合,http://live.sctvcloud.com/live/mytvzh/playlist.m3u8
绵阳公共,http://live.sctvcloud.com/live/mytvgg/playlist.m3u8
绵阳科技,http://live.sctvcloud.com/live/mytvgg/playlist.m3u8
南充新闻,http://tv.drs.ncntv.com.cn:8100/channellive/nczhpd.flv
南充公共,http://tv.drs.ncntv.com.cn:8100/channellive/ncggpd.flv
南充科教,http://tv.drs.ncntv.com.cn:8100/channellive/nckjpd.flv
乐山新闻综合,http://channellive.leshantv.net/live/ch1.flv
乐山公共频道,http://channellive.leshantv.net/live/ch2.flv
广安新闻综合,http://live1.gatv.com.cn:85/live/XWZH.m3u8
广安公共频道,http://live1.gatv.com.cn:85/live/GGPD_ggpdzm.m3u8
广元综合频道,https://m3u8.channel.dzsm.com/cms/videos/nmip-media/channellive/channel1/playlist.m3u8
广元综合频道,http://tv.dzsm.com:8100/chan/ch1.flv
广元公共频道,https://m3u8.channel.dzsm.com/cms/videos/nmip-media/channellive/channel2/playlist.m3u8
达州新闻综合,http://tv.drs.dzxw.net/channellive/xwzhpd-dz1.flv
达州公共频道,http://tv.drs.dzxw.net/channellive/ggpd-dz2.flv
达州通川频道,http://tv.drs.dzxw.net/channellive/tcpd-dz3.flv
泸州新闻综合,http://m3u8.channel.luzhoubs.com/nmip-media/channellive/channel106011/playlist.m3u8
泸州公共频道,http://m3u8.channel.luzhoubs.com/nmip-media/channellive/channel102221/playlist.m3u8
泸州科教频道,http://m3u8.channel.luzhoubs.com/nmip-media/channellive/channel103074/playlist.m3u8
凉山新闻综合,http://file.yizu.tv/nmip-media/channellive/channel106606/playlist.m3u8
凉山彝语频道,http://file.yizu.tv/nmip-media/channellive/channel107323/playlist.m3u8
自贡综合频道,https://sczghdl.tianma3600.com/sczg/zhpd.m3u8
自贡综合频道,http://110.189.153.160:1001/zhpd.flv
自贡公共频道,http://110.189.153.160:1002/ggpd.flv
德阳新闻综合,http://scdytv.cn:1935/live/m_xwpd_livevideo/playlist.m3u8
德阳公共频道,http://scdytv.cn:1935/live/m_ggpd_livevideo/playlist.m3u8
攀枝花新闻综合,http://zb.pzhgd.com:9095/live/xwzh.m3u8
攀枝花公共频道,http://zb.pzhgd.com:9095/live/ggpd.m3u8
内江综合频道,http://njzb.scnj.tv:90/live/xwzh_xwzh800.m3u8
内江公共频道,http://njzb.scnj.tv:90/live/gggy_gggy800.m3u8
内江科教频道,http://njzb.scnj.tv:90/live/kjpd_kjpd800.m3u8
眉山综合频道,http://live1.scmstv.cn/gqpd/sd/live.m3u8
眉山公共频道,http://live2.scmstv.cn/ggpd/sd/live.m3u8
甘孜综合频道,http://tv.drs.ganzitv.com:8100/channellive/gztv.flv
甘孜综合频道,http://m3u8.channel.ganzitv.com/vms/videos/nmip-media/channellive/channel1/playlist.m3u8
成都高新电视,http://live.cdht-tv.com:8190/live/cdht.m3u8
龙泉驿新闻综合,http://live.newslqy.com/live/xwpd.m3u8
双流综合频道,http://171.221.250.130:18888/27e684978eb642eeb90ab815f6cc51bf/c41893de5e8645b3b43aef1640859b0d.m3u8
新都综合频道,http://live.sctvcloud.com/live/xindulive/playlist.m3u8
筠连综合频道,http://118.122.78.172:89/live1/live1.m3u8
东兴综合频道,http://live.sctvcloud.com/live/dongxing/playlist.m3u8
隆昌新闻综合,http://live.sctvcloud.com/live/longchang/playlist.m3u8
威远新闻综合,http://dxplay.scwy.cn/live/weiyuanzonghepingdao/index.m3u8
大竹新闻综合,http://60.255.120.30:89/live1/live1.m3u8
大竹阳光政务,http://60.255.120.30:89/live2/live2.m3u8
开江新闻综合,http://lmt.kjzx.net:98/live1/live1.m3u8
渠县新闻综合,http://222.208.224.227:81/hls/cfp2p8m3.m3u8
渠县城市公共,http://222.208.224.227:81/hls/8ishqdtt.m3u8
万源新闻综合,http://live.wanyuannews.com/wytv/hd/live.m3u8
宣汉新闻综合,https://livepgc.chinamcache.com/pgc/61c37851b08f3f0c0475ceb0c958ff54.m3u8?auth_key=%2A%2A%2A
广汉新闻综合,http://live.sctvcloud.com/live/guanghan/playlist.m3u8
中江新闻综合,https://livepgc.chinamcache.com/pgc/76664ca1f91638580f94fc7543c810cb.m3u8?auth_key=%2A%2A%2A
南部新闻综合,http://pili-live-rtmp.148.i2863.com/i2863-148/live_148_811389.m3u8
蓬安新闻综合,http://palive.patv123.com:8091/live/xwpd_800K.m3u8
营山电视台,http://file.ysxtv.cn/cms/videos/nmip-media/channellive/channel4/playlist.m3u8
盐边综合频道,http://live.sctvcloud.com/live/yanbian/playlist.m3u8
黑水新闻综合,http://live.schstv.com:90/live/xwzh.m3u8
金川新闻综合,http://live.jinchuanrmt.com:90/live/zhxw.m3u8
金川新闻综合,http://139.203.180.9:90/live/zhxw.m3u8
金川乡村频道,http://live.jinchuanrmt.com:90/live/jcxc.m3u8
金川乡村频道,http://139.203.180.9:90/live/jcxc.m3u8
壤塘综合频道,http://live.sctvcloud.com/live/rttv/playlist.m3u8
松潘新闻综合,http://live.spccmc.com:90/live/spxwzh.m3u8
汶川新闻综合,http://live.iwcmt.cn:90/live/zhxw.m3u8
小金综合频道,http://xjlive.xjsc.gov.cn:8091/live/xwpd.m3u8
九寨沟新闻综合,http://live.sctvcloud.com/live/jiuzhai.m3u8
马尔康综合频道,http://live.zmmek.com:90/live/zhxw.m3u8
荣县综合频道,http://play.rongxianwang.net/rxzh/0835.m3u8?auth_key=%2A%2A%2A
朝天新闻综合,https://m3u8.channel.dzsm.com/cms/videos/nmip-media/channellive/channel8/playlist.m3u8
剑阁新闻综合,https://m3u8.channel.dzsm.com/cms/videos/nmip-media/channellive/channel10/playlist.m3u8
利州综合频道,http://tvfile.lzgbdst.com/nmip-media/channellive/channel106876/playlist.m3u8
利州综合频道,http://tv.drs.lzgbdst.com:8100/channellive/lztv2.flv
青川新闻综合,https://m3u8.channel.dzsm.com/cms/videos/nmip-media/channellive/channel11/playlist.m3u8
青川新闻综合,http://live.sctvcloud.com/live/qctv1/playlist.m3u8
旺苍新闻综合,https://m3u8.channel.dzsm.com/cms/videos/nmip-media/channellive/channel9/playlist.m3u8
昭化综合频道,http://live.sctvcloud.com/live/zhtv1/playlist.m3u8
昭化综合频道,https://m3u8.channel.dzsm.com/cms/videos/nmip-media/channellive/channel7/playlist.m3u8
丹棱新闻综合,http://live.sctvcloud.com/live/danlingrongmei/playlist.m3u8
洪雅新闻综合,http://117.172.215.250:8083/videos/live/35/39/GQVbrgob5CGJM/GQVbrgob5CGJM.M3U8
青神综合频道,http://lmt.scqstv.com/live1/live1.m3u8
仁寿综合频道,http://play.scrstv.com/TV/xwzh.m3u8
乐至综合频道,http://175.155.106.72:89/live1/live1.m3u8
甘洛综合频道,http://live.sctvcloud.com/live/ganluo/playlist.m3u8
会东综合频道,http://112.45.133.129:90/live/xwzh.m3u8
会东综合频道,http://live.schdxww.com:90/live/xwzh.m3u8
会理新闻频道,http://live.sctvcloud.com/live/huili/playlist.m3u8
雷波综合频道,http://lbzb.yd-data.com/live/0000.flv?auth_key=%2A%2A%2A
宁南新闻综合,http://live.sctvcloud.com/live/ningnantv1/playlist.m3u8
西昌综合频道,http://103.252.251.199:18085/hls/xichangweishi.m3u8
昭觉综合频道,http://live.sctvcloud.com/live/zhaojue/playlist.m3u8
德格综合频道,http://m3u8.channel.ganzitv.com/vms/videos/nmip-media/channellive/channel5/playlist.m3u8
康定新闻综合,http://m3u8-kd.channel.ganzitv.com/nmip-media-yajiang/channellive/channel100663/playlist.m3u8
石渠综合频道,http://tv.drs.ganzitv.com:8100/channellive/shiqu.flv
汉源综合频道,http://live.hyxrmt.com:85/live/xwpd.m3u8
平昌新闻综合,http://live.sctvcloud.com/live/pingchang/playlist.m3u8
通江新闻综合,http://live.sctvcloud.com/live/bztongjiang/playlist.m3u8
夹江新闻综合,http://tvfile.jjrm.org.cn/nmip-media/channellive/channel106282/playlist.m3u8
马边电视台,http://tvfile.mb.lsrm.org.cn/nmip-media/channellive/channel104860/playlist.m3u8
沐川综合频道,http://tvfile.mcrm.org.cn/nmip-media/channellive/channel103064/playlist.m3u8
沙湾综合频道,http://tvfile.sw.lsrm.org.cn/cms/videos/nmip-media-sw/channellive/channel1/playlist.m3u8
金口河综合频道,http://live.sctvcloud.com/live/jinkouhe/playlist.m3u8
泸县新闻综合,http://lxfile.lxxcb.cn/nmip-media/channellive/channel103799/playlist.m3u8
纳溪新闻频道,https://bl.ainaxi.cn/live/d1b85c45e7b74e96bdd950e047c7fd94.m3u8
叙永综合频道,http://luzhi.xuyongrongmei.com:1935/live/_definst_/xyxw/playlist.m3u8
蓬溪新闻综合,http://live.sctvcloud.com/live/pengxilive/playlist.m3u8
邻水新闻综合,http://live.sctvcloud.com/live/linshui/playlist.m3u8
武胜综合频道,http://live2.gatv.com.cn:86/live/WS.m3u8
安州新闻频道,http://live.sctvcloud.com/live/anzhoutv1/playlist.m3u8
北川电视一套,http://live.sctvcloud.com/live/bcgqlive/playlist.m3u8
江油新闻综合,http://live.sctvcloud.com/live/jiangyou/playlist.m3u8
平武综合频道,http://live.sctvcloud.com/live/pwtv/playlist.m3u8
三台电视一套,http://125.65.94.91:12351/live
三台电视二套,http://125.65.94.91:12353/live
盐亭综合频道,http://live.sctvcloud.com/live/yttv/playlist.m3u8
滨海新闻,http://traffic.jbh.tjbh.com/live/bhtv1/playlist.m3u8
滨海综艺,http://traffic.jbh.tjbh.com/live/bhtv2/playlist.m3u8
滨海影视,http://traffic.jbh.tjbh.com/live/bhtv3/playlist.m3u8
津南一套,http://play.jinnantv.top/live/JNTV1.m3u8
西青新闻综合,http://221.238.209.44:81/hls/live1.m3u8
武清综合频道,https://tvpull.smartwq.cn/wqlive/convergencemedia/playlist.m3u8
哈密一套,http://stream.hmgbtv.com/hm1/hd/live.m3u8
哈密二套,http://stream.hmgbtv.com/hm2/hd/live.m3u8
哈密三套,http://stream.hmgbtv.com/hm3/hd/live.m3u8
伊犁汉语综合,http://110.153.180.106:55555/out_1/index.m3u8
伊犁维吾尔,http://110.153.180.106:55555/out_2/index.m3u8
伊犁哈萨克,http://110.153.180.106:55555/out_3/index.m3u8
伊犁经济法制,http://110.153.180.106:55555/out_4/index.m3u8
和田维语综合,http://202.107.188.141:5002/hetiankzkt2_hdcq.m3u8?token=%2A%2A%2A
裕民汉语,http://117.190.130.4:8081/out_1/index.m3u8
裕民哈语,http://117.190.130.4:8081/out_2/index.m3u8
吉木萨尔综合,http://218.31.201.189:9000/api/material/local/mnt/shiping1/prog_index.m3u8
奎屯汉语综合,http://218.84.12.186:8001/hls/main/playlist.m3u8
奎屯哈萨克语,http://218.84.12.186:8002/hls/main/playlist.m3u8
伊宁汉语综合,http://222.81.61.37:9898/out_1/index.m3u8
伊宁维吾尔语,http://222.81.61.37:9898/out_2/index.m3u8
霍尔果斯综合,http://117.190.118.175:9090/stream1/m2e2000.m3u8
九师电视台,https://liveout.btzx.com.cn/3pyc0h/dbfvwu.m3u8
可克达拉综合,http://test5.btzx.com.cn:80/live/kkdl.stream/playlist.m3u8
图木舒克综合,http://test5.btzx.com.cn/live/disanshi.stream/playlist.m3u8
石河子新闻综合,http://124.88.144.73:1935/live/xwzh/playlist.m3u8
石河子影视文体,http://124.88.144.73:1935/live/jjsh/playlist.m3u8
石河子影视文体,http://202.107.188.141:5002/shiheziyinshiwenti_hdgq.m3u8?token=%2A%2A%2A
西藏藏语,http://media.vtibet.com/masvod/HLSLive/7/zangyuTV_q1.m3u8
拉萨汉语综合,http://file.lasatv.cn/cms/videos/nmip-media/channellive/channel1/playlist.m3u8
拉萨藏语综合,http://file.lasatv.cn/cms/videos/nmip-media/channellive/channel4/playlist.m3u8
拉萨文旅频道,http://file.lasatv.cn/cms/videos/nmip-media/channellive/channel3/playlist.m3u8
云南澜湄国际,http://tvlive.ynradio.com/live/yunnanguoji/playlist.m3u8
昆明新闻综合,http://wshls.live.migucloud.com/live/01YCQY7M_C0/playlist.m3u8
昆明新闻综合,http://devlivepull.migucloud.com/live/01YCQY7M_C0.flv
昆明经济生活,http://wshls.live.migucloud.com/live/JT9JEQ54_C0_2/playlist.m3u8
昆明经济生活,http://devlivepull.migucloud.com/live/JT9JEQ54_C0_2.flv
昆明科学教育,http://wshls.live.migucloud.com/live/ZBXWIMTD_C0_2/playlist.m3u8
昆明科学教育,http://devlivepull.migucloud.com/live/ZBXWIMTD_C0_2.flv
昆明影视综艺,http://wshls.live.migucloud.com/live/KYLNJWFD_C0_2/playlist.m3u8
昆明影视综艺,http://devlivepull.migucloud.com/live/KYLNJWFD_C0_2.flv
昆明公共频道,http://wshls.live.migucloud.com/live/UD0YLY2G_C0_3/playlist.m3u8
昆明公共频道,http://devlivepull.migucloud.com/live/UD0YLY2G_C0_3.flv
玉溪综合,https://hwapi.yunshicloud.com/r5fc3f/3l9g1m.m3u8
德宏新闻综合,http://hw-play.lezhibo.com/live/0c86d6ff906e424fb4457a4806f645ea.m3u8
德宏公共民语,http://hw-play.lezhibo.com/live/0e0bf436ed2847eaa7083a11c185f221.m3u8
红河州新闻综合,http://file.hhtv.cc/cms/videos/nmip-media/channellive/channel1/playlist.m3u8
红河州新闻综合,http://tv.drs.hhtv.cc:8100/channellive/hhtv-1.flv
红河州公共频道,http://file.hhtv.cc/cms/videos/nmip-media/channellive/channel2/playlist.m3u8
红河州公共频道,http://tv.drs.hhtv.cc:8100/channellive/hhtv-2.flv
文山州新闻综合,http://tvdrs.wsrtv.com.cn:8100/channellive/ch1.flv
文山州新闻综合,http://m3u8.channel.wsrtv.com.cn/cms/videos/nmip-media/channellive/channel7/playlist.m3u8
文山州公共,http://m3u8.channel.wsrtv.com.cn/cms/videos/nmip-media/channellive/channel8/playlist.m3u8
普洱新闻综合,http://file.pebtv.cn:8101/cms/videos/nmip-media/channellive/channel12/playlist.m3u8
普洱公共频道,http://file.pebtv.cn:8101/cms/videos/nmip-media/channellive/channel27/playlist.m3u8
普洱科教频道,http://file.pebtv.cn:8101/cms/videos/nmip-media/channellive/channel28/playlist.m3u8
临沧综合,https://hwapi.yunshicloud.com/6tt654/1i495z.m3u8
临沧公共,https://hwapi.yunshicloud.com/6tt654/drfs5s.m3u8
保山一套,http://liveynbsdst.chinamcache.com/live/zb01.m3u8?auth_key=%2A%2A%2A
保山二套,http://liveynbsdst.chinamcache.com/live/zb02.m3u8?auth_key=%2A%2A%2A
保山三套,http://liveynbsdst.chinamcache.com/live/zb03.m3u8?auth_key=%2A%2A%2A
西双版纳综合,http://file.xsbnrtv.cn/vms/videos/nmip-media/channellive/channel1/playlist.m3u8
西双版纳公共,http://file.xsbnrtv.cn/vms/videos/nmip-media/channellive/channel3/playlist.m3u8
怒江新闻综合,http://livebroadcast.ccwb.cn/live/w1620805130988936.m3u8
新平综合,http://livebroadcast.ccwb.cn/live/w1615257519790969.m3u8
巧家综合,http://livebroadcast.ccwb.cn/live/w1593303918254963.m3u8
彝良综合,http://livebroadcast.ccwb.cn/live/w1606370492402991.m3u8
永善综合,http://livebroadcastys.ccwb.cn/live/w1640068184635996.m3u8
镇雄电视台,http://livebroadcast.ccwb.cn/live/w1606722098119972.m3u8
福贡综合,http://livebroadcast.ccwb.cn/live/w1612505860303999.m3u8
贡山综合,http://livebroadcast.ccwb.cn/live/w1609121671179943.m3u8
兰坪综合,http://livebroadcast.ccwb.cn/live/w1628850306485945.m3u8
兰坪综合,https://hwapi.yunshicloud.com/qzth63/jw2995.m3u8
泸水综合,http://livebroadcast.ccwb.cn/live/w1596164431584927.m3u8
个旧综合,http://tv.drs.hhtv.cc:8100/channellive/gjdst.flv
个旧综合,http://file.hhtv.cc/cms/videos/nmip-media/channellive/channel6/playlist.m3u8
红河县综合,http://file.hhtv.cc/cms/videos/nmip-media/channellive/channel3/playlist.m3u8
红河县综合,http://tv.drs.hhtv.cc:8100/channellive/hhxdst.flv
屏边综合,http://file.hhtv.cc/cms/videos/nmip-media/channellive/channel5/playlist.m3u8
元阳综合,http://file.hhtv.cc/cms/videos/nmip-media/channellive/channel7/playlist.m3u8
元阳综合,http://tv.drs.hhtv.cc:8100/channellive/yydst.flv
麻栗坡电视台,http://m3u8.channel.wsrtv.com.cn/cms/videos/nmip-media/channellive/channel18/playlist.m3u8
麻栗坡电视台,http://tvdrs.wsrtv.com.cn:8100/channellive/mlptv.flv
大理市新闻综合,https://hwapi.yunshicloud.com/iaef5d/4jjy56.m3u8
宾川一套,https://hwapi.yunshicloud.com/izn8ol/35s3my.m3u8
宾川一套,http://live.bcrmtzx.com/tv01/sd/live.m3u8
耿马综合,https://hwapi.yunshicloud.com/48td74/1t0g2n.m3u8
浙江钱江都市,http://hw-m-l.cztv.com/channels/lantian/channel002/1080p.m3u8
浙江钱江都市,http://hw-m-l.cztv.com/channels/lantian/channel02/720p.m3u8
浙江钱江都市,http://hw-m-l.cztv.com/channels/lantian/channel02/360p.m3u8
浙江经济生活,http://hw-m-l.cztv.com/channels/lantian/channel003/1080p.m3u8
浙江经济生活,http://hw-m-l.cztv.com/channels/lantian/channel03/720p.m3u8
浙江经济生活,http://hw-m-l.cztv.com/channels/lantian/channel03/360p.m3u8
浙江教科影视,http://hw-m-l.cztv.com/channels/lantian/channel004/1080p.m3u8
浙江教科影视,http://hw-m-l.cztv.com/channels/lantian/channel04/720p.m3u8
浙江教科影视,http://hw-m-l.cztv.com/channels/lantian/channel04/360p.m3u8
浙江民生休闲,http://hw-m-l.cztv.com/channels/lantian/channel006/1080p.m3u8
浙江民生休闲,http://hw-m-l.cztv.com/channels/lantian/channel06/720p.m3u8
浙江民生休闲,http://hw-m-l.cztv.com/channels/lantian/channel06/360p.m3u8
浙江新闻,http://hw-m-l.cztv.com/channels/lantian/channel007/1080p.m3u8
浙江新闻,http://hw-m-l.cztv.com/channels/lantian/channel07/720p.m3u8
浙江新闻,http://hw-m-l.cztv.com/channels/lantian/channel07/360p.m3u8
浙江少儿,http://hw-m-l.cztv.com/channels/lantian/channel008/1080p.m3u8
浙江少儿,http://hw-m-l.cztv.com/channels/lantian/channel08/720p.m3u8
浙江少儿,http://hw-m-l.cztv.com/channels/lantian/channel08/360p.m3u8
浙江国际,http://hw-m-l.cztv.com/channels/lantian/channel010/1080p.m3u8
浙江国际,http://hw-m-l.cztv.com/channels/lantian/channel10/720p.m3u8
浙江国际,http://hw-m-l.cztv.com/channels/lantian/channel10/360p.m3u8
数码时代,http://hw-m-l.cztv.com/channels/lantian/channel012/1080p.m3u8
数码时代,http://hw-m-l.cztv.com/channels/lantian/channel12/720p.m3u8
数码时代,http://hw-m-l.cztv.com/channels/lantian/channel12/360p.m3u8
绍兴新闻综合,http://live.shaoxing.com.cn/video/s10001-sxhb/index.m3u8
绍兴新闻综合,http://live.shaoxing.com.cn/video/s10001-sxtv1/index.m3u8
绍兴公共频道,http://live.shaoxing.com.cn/video/s10001-sxtv2/index.m3u8
绍兴文化影视,http://live.shaoxing.com.cn/video/s10001-sxtv3/index.m3u8
舟山新闻综合,http://live1.plus.wifizs.cn/xwzh/sd/live.m3u8
温州新闻综合,http://live.wzqmt.com/wztv1/sd/live.m3u8
温州经济科教,http://live.wzqmt.com/wztv2/sd/live.m3u8
温州都市生活,http://live.wzqmt.com/wztv3/sd/live.m3u8
温州公共频道,http://live.wzqmt.com/wztv4/sd/live.m3u8
磐安新闻综合,http://hlsv2.quklive.com/live/1626400915947070/index.m3u8
磐安文化生活,http://hlsv2.quklive.com/live/1626401163709056/index.m3u8
武义新闻综合,http://l.cztvcloud.com/channels/lantian/SXwuyi1/720p.m3u8
永康新闻综合,http://hlsv2.quklive.com/live/1625061424267104/index.m3u8
永康华溪频道,http://hlsv2.quklive.com/live/1625062755227231/index.m3u8
平湖新闻综合,http://l.cztvcloud.com/channels/lantian/SXpinghu1/720p.m3u8
平湖民生休闲,http://l.cztvcloud.com/channels/lantian/SXpinghu2/720p.m3u8
萧山新闻综合,http://l.cztvcloud.com/channels/lantian/SXxiaoshan1/720p.m3u8
萧山生活频道,http://l.cztvcloud.com/channels/lantian/SXxiaoshan2/720p.m3u8
淳安电视台,https://wtmtylive.yunshicloud.com/tbziu1/ad592j.m3u8
余杭综合频道,http://l.cztvcloud.com/channels/lantian/SXyuhang1/720p.m3u8
余杭未来E频道,http://l.cztvcloud.com/channels/lantian/SXyuhang3/720p.m3u8
临平新闻频道,http://l.cztvcloud.com/channels/lantian/SXyuhang2/720p.m3u8
余姚新闻综合,http://l.cztvcloud.com/channels/lantian/SXyuyao1/720p.m3u8
余姚姚江文化,http://l.cztvcloud.com/channels/lantian/SXyuyao3/720p.m3u8
嵊州新闻综合,http://l.cztvcloud.com/channels/lantian/SXshengzhou1/720p.m3u8
嵊州新闻综合,https://hlsv2.quklive.com/live/1626935015913208/index.m3u8
嵊泗新闻综合,http://l.cztvcloud.com/channels/lantian/SXshengsi1/720p.m3u8
诸暨新闻综合,http://l.cztvcloud.com/channels/lantian/SXzhuji3/720p.m3u8
上虞新闻综合,http://l.cztvcloud.com/channels/lantian/SXshangyu1/720p.m3u8
上虞文化影视,http://l.cztvcloud.com/channels/lantian/SXshangyu2/720p.m3u8
上虞新商都,http://l.cztvcloud.com/channels/lantian/SXshangyu3/720p.m3u8
海宁新闻综合,http://live.hndachao.cn/xwzh/sd/live.m3u8
海宁生活服务,http://live.hndachao.cn/shfw/sd/live.m3u8
兰溪新闻综合,http://l.cztvcloud.com/channels/lantian/SXlanxi1/720p.m3u8
德清新闻综合,http://live.yingxi.tv/channel1/sd/live.m3u8
德清文化生活,http://live.yingxi.tv/channel2/sd/live.m3u8
苍南新闻综合,http://l.cztvcloud.com/channels/lantian/SXcangnan1/720p.m3u8
洞头综合频道,http://l.cztvcloud.com/channels/lantian/SXdongtou1/720p.m3u8
泰顺新闻综合,http://pili-live-hls.jrts.tianma3600.com/jrts/dspd.m3u8
文成综合频道,http://l.cztvcloud.com/channels/lantian/SXwencheng1/720p.m3u8
文成二套,http://l.cztvcloud.com/channels/lantian/SXwencheng2/720p.m3u8
永嘉新闻综合,http://l.cztvcloud.com/channels/lantian/SXyongjia1/720p.m3u8
南浔综合频道,http://pili-live-hls.nanxunfb.com/nanxun/live3002833-0.m3u8
柯桥新闻综合,https://hlsv2.quklive.com/live/1640945211435051/index.m3u8
柯桥轻纺城时尚,https://hlsv2.quklive.com/live/1640944894797021/index.m3u8
象山新闻综合,http://l.cztvcloud.com/channels/lantian/SXxiangshan1/720p.m3u8
建德综合频道,http://livejdrmt.chinamcache.com/live/jdzb02.m3u8
普陀新闻综合,http://l.cztvcloud.com/channels/lantian/SXputuo1/720p.m3u8
奉化新闻综合,http://live1.fhtv.net.cn/zhzb/sd/live.m3u8
奉化生活娱乐,http://live1.fhtv.net.cn/shys/sd/live.m3u8
镇海综合频道,http://pluslive.zhxww.net/channel1/sd/live.m3u8
镇海先锋影视,http://pluslive.zhxww.net/channel2/sd/live.m3u8
海盐新闻频道,http://lived.dmqhyadmin.com/ds/sd/live.m3u8
桐乡新闻综合,http://live.txcmapp.com/tszh1/sd/live.m3u8
鄞州一套,http://pili-publish.yzxw.newaircloud.com/newaircloud-yzxw/yzxw_20190925090843.m3u8
鄞州二套,http://pili-publish.yzxw.newaircloud.com/newaircloud-yzxw/yzxw_20190925090936.m3u8
天台和合频道,http://hlsv2.quklive.com/live/1617072208961931/index.m3u8
常山新闻综合,https://hlsv2.quklive.com/live/1621306190044902/index.m3u8
江山电视台,http://play-sh.quklive.com/live/1623117710666335.m3u8
开化新闻综合,http://l.cztvcloud.com/channels/lantian/SXkaihua1/720p.m3u8
开化国家公园,http://l.cztvcloud.com/channels/lantian/SXkaihua2/720p.m3u8
龙游新闻综合,http://l.cztvcloud.com/channels/lantian/SXlongyou1/720p.m3u8
龙游生活娱乐,http://l.cztvcloud.com/channels/lantian/SXlongyou2/720p.m3u8
衢江新闻综合,http://l.cztvcloud.com/channels/lantian/SXqujiang1/720p.m3u8
景宁新闻综合,http://hlsv2.quklive.com/live/1622691799302368/index.m3u8
景宁文化旅游,http://hlsv2.quklive.com/live/1626961770231388/index.m3u8
缙云综合频道,http://l.cztvcloud.com/channels/lantian/SXjinyun1/720p.m3u8
龙泉新闻综合,http://l.cztvcloud.com/channels/lantian/SXlongquan1/720p.m3u8
庆元综合频道,http://l.cztvcloud.com/channels/lantian/SXqingyuan1/720p.m3u8
遂昌综合频道,http://l.cztvcloud.com/channels/lantian/SXsuichang1/720p.m3u8
松阳综合频道,http://l.cztvcloud.com/channels/lantian/SXsongyang1/720p.m3u8
云和新闻综合,http://l.cztvcloud.com/channels/lantian/SXyunhe1/720p.m3u8
北仑电视台,http://play-sh.quklive.com/live/1626327731714170.m3u8
青田电视台,http://l.cztvcloud.com/channels/lantian/SXqingtian1/720p.m3u8
黑莓电竞,http://39.135.138.58:18890/PLTV/88888888/224/3221225653/index.m3u8
黑莓电竞,http://39.135.138.58:18890/PLTV/88888888/224/3221225749/index.m3u8
黑莓电竞,http://39.135.138.58:18890/PLTV/88888888/224/3221225750/index.m3u8
黑莓动画,http://39.135.138.58:18890/PLTV/88888888/224/3221225672/index.m3u8
黑莓电影,http://39.135.138.58:18890/PLTV/88888888/224/3221225718/index.m3u8
黑莓电影,http://39.135.138.58:18890/PLTV/88888888/224/3221225764/index.m3u8
黑莓电影,http://39.135.138.58:18890/PLTV/88888888/224/3221225769/index.m3u8
纯享4K,http://39.135.138.58:18890/PLTV/88888888/224/3221225786/index.m3u8
纯享4K,http://39.135.138.58:18890/ysten-businessmobile/live/HD-20M-2160P-chunxiang4k/1.m3u8
早教,http://59.49.41.39/live.aishang.ctlcdn.com/00000110240334_1/playlist.m3u8?CONTENTID=00000110240334_1
魅力广东,http://39.135.138.58:18890/ysten-businessmobile/live/HD-4000k-1080P-NEWTVguangdongstv/1.m3u8
魅力广西,http://39.135.138.58:18890/ysten-businessmobile/live/HD-4000k-1080P-NEWTVguangxistv/1.m3u8
魅力吉林,http://39.135.138.58:18890/ysten-businessmobile/live/HD-4000k-1080P-NEWTVjilinstv/1.m3u8
魅力江西,http://39.135.138.58:18890/ysten-businessmobile/live/HD-4000k-1080P-chaojijiangxistv/1.m3u8
魅力四川,http://39.135.138.58:18890/ysten-businessmobile/live/HD-4000k-1080P-NEWTVsichuanstv/1.m3u8
魅力山东,http://39.135.138.58:18890/ysten-businessmobile/live/HD-4000k-1080P-NEWTVshandongstv/1.m3u8
魅力云南,http://39.135.138.58:18890/ysten-businessmobile/live/HD-4000k-1080P-NEWTVyunnanstv/1.m3u8
魅力黑龙江,http://39.135.138.58:18890/ysten-businessmobile/live/HD-4000k-1080P-NEWTVheilongjiangstv/1.m3u8
NewTV超级电影,http://39.135.138.58:18890/PLTV/88888888/224/3221225623/index.m3u8
NewTV超级电影,http://39.135.138.58:18890/PLTV/88888888/224/3221225766/index.m3u8
NewTV超级体育,http://39.135.138.58:18890/PLTV/88888888/224/3221225622/index.m3u8
NewTV超级体育,http://39.135.138.58:18890/PLTV/88888888/224/3221225648/index.m3u8
NewTV超级体育,http://39.135.138.58:18890/PLTV/88888888/224/3221225767/index.m3u8
NewTV超级综艺,http://39.135.138.58:18890/PLTV/88888888/224/3221225620/index.m3u8
NewTV超级综艺,http://39.135.138.58:18890/PLTV/88888888/224/3221225768/index.m3u8
NewTV潮妈辣婆,http://39.135.138.58:18890/PLTV/88888888/224/3221225708/index.m3u8
NewTV东北热剧,http://39.135.138.58:18890/PLTV/88888888/224/3221226202/index.m3u8
NewTV古装剧场,http://39.135.138.58:18890/PLTV/88888888/224/3221225678/index.m3u8
NewTV欢乐剧场,http://39.135.138.58:18890/PLTV/88888888/224/3221226210/index.m3u8
NewTV热播精选,http://39.135.138.58:18890/PLTV/88888888/224/3221225712/index.m3u8
NewTV怡伴健康,http://39.135.138.58:18890/PLTV/88888888/224/3221225666/index.m3u8
NewTV军旅剧场,http://39.135.138.58:18890/PLTV/88888888/224/3221225669/index.m3u8
NewTV精品大剧,http://39.135.138.58:18890/PLTV/88888888/224/3221225714/index.m3u8
NewTV精品纪录,http://39.135.138.58:18890/PLTV/88888888/224/3221225710/index.m3u8
NewTV精品体育,http://39.135.138.58:18890/PLTV/88888888/224/3221225709/index.m3u8
NewTV金牌综艺,http://39.135.138.58:18890/PLTV/88888888/224/3221225711/index.m3u8
NewTV军事评论,http://39.135.138.58:18890/PLTV/88888888/224/3221225757/index.m3u8
NewTV家庭剧场,http://39.135.138.58:18890/PLTV/88888888/224/3221225713/index.m3u8
NewTV精品综合,http://39.135.138.58:18890/PLTV/88888888/224/3221225716/index.m3u8
NewTV农业致富,http://39.135.138.58:18890/PLTV/88888888/224/3221225670/index.m3u8
NewTV武搏世界,http://39.135.138.58:18890/PLTV/88888888/224/3221225656/index.m3u8
NewTV中国功夫,http://39.135.138.58:18890/PLTV/88888888/224/3221225660/index.m3u8
NewTV超级电视剧,http://39.135.138.58:18890/PLTV/88888888/224/3221225625/index.m3u8
NewTV超级电视剧,http://39.135.138.58:18890/PLTV/88888888/224/3221225765/index.m3u8
北京-水长城01,https://gcalic.v.myalicdn.com/gc/wgw01_1/index.m3u8?contentid=2820180516001
北京-水长城02,https://gcalic.v.myalicdn.com/gc/wgw02_1/index.m3u8?contentid=2820180516001
北京-水长城03,https://gcalic.v.myalicdn.com/gc/wgw03_1/index.m3u8?contentid=2820180516001
北京-水长城04,https://gcalic.v.myalicdn.com/gc/wgw04_1/index.m3u8?contentid=2820180516001
安徽-黄山飞来石,https://gcalic.v.myalicdn.com/gc/hsptgy_1/index.m3u8?contentid=2820180516001
安徽-黄山光明顶,https://gcalic.v.myalicdn.com/gc/hsgmd_1/index.m3u8?contentid=2820180516001
安徽-黄山梦笔生花,https://gcalic.v.myalicdn.com/gc/hsmbsh_1/index.m3u8?contentid=2820180516001
广东-车八岭国家级自然保护区,http://gcbsc.v.live.baishancdnx.cn/gc/hsxkscj_1/index.m3u8
广东-广州塔与海心桥视角,http://gctxyc.liveplay.myqcloud.com/gc/ztb_1_md.m3u8
广东-梅州梅江,http://gcalic.v.myalicdn.com/gc/gllj01_1/index.m3u8
广东-汕头市小公园,http://gcksc.v.kcdnvip.com/gc/bsszjs_1/index.m3u8
00s Replay,https://jmp2.uk/plu-62ba60f059624e000781c436.m3u8
1+1 International,http://158.101.222.193:88/georgia_play.php?id=1plus1international
1+1 International HD (720p),https://dash2.antik.sk/live/test_one_plus_one_int_tizen/playlist.m3u8
1+1 Marafon (1080p),https://dash2.antik.sk/live/1plus1_marathon/playlist.m3u8
1+1 Ukraina (1080p),http://stream.mcquack.net/219/index.m3u8
1-2-3 TV (270p),https://123tv-mx1.flex-cdn.net/index.m3u8
1Almere TV (720p),https://d3472rjicrodic.cloudfront.net/nlpo/clr-nlpo/709d5260/index.m3u8
1KZN TV (576p),https://cdn.freevisiontv.co.za/sttv/smil:1kzn.stream.smil/playlist.m3u8
1TV (720p),https://tv.cdn.xsg.ge/gpb-1tv/index.m3u8
1Twente TV (1080p),https://ms7.mx-cd.net/dtv-11/198-989148/1Twente_TV.smil/chunklist_w954512639_b4292608_slNLD.m3u8
2+2 (1080p),http://stream.mcquack.net/173/index.m3u8
2+2 Marathon (1080p),https://lowa8026-cmyk.github.io/Ukraine/Edyni_Novyny/2Plus2Marafon.m3u8
2GB Sydney (1080p),https://2gblive.akamaized.net/hls/live/2033805/2GB/index.m3u8
2M,http://185.9.2.18/chid_218/index.m3u8
2M Monde (360p),https://cdn-globecast.akamaized.net/live/eds/2m_monde/hls_video_ts_tuhawxpiemz257adfc/2m_monde.m3u8
2M Monde +1 (1080p),https://d2qh3gh0k5vp3v.cloudfront.net/v1/master/3722c60a815c199d9c0ef36c5b73da68a62b09d1/cc-n6pess5lwbghr/2M_ES.m3u8
2TV (720p),https://tv.cdn.xsg.ge/gpb-2tv/index.m3u8
2x2 (576i),https://bl.rutube.ru/livestream/392b4686b770bae2da6bf5ac4574add5/index.m3u8?e=2068731801&s=tenr-yHXUv1wibfka78s2A&scheme=https
3ABN Canada (720p),https://3abn.bozztv.com/3abncanada/3ABN/master.m3u8
3ABN Dare To Dream Network,https://3abn.bozztv.com/3abn2/d2d_live/smil:d2d_live.smil/playlist.m3u8
3ABN English,https://3abn.bozztv.com/3abn2/3abn_live/smil:3abn_live.smil/playlist.m3u8
3ABN French,https://3abn.bozztv.com/3abn2/Fre_live/smil:Fre_live.smil/playlist.m3u8
3ABN International Network,https://3abn.bozztv.com/3abn2/Int_live/smil:Int_live.smil/playlist.m3u8
3ABN Kids Network,https://3abn.bozztv.com/3abn2/Kids_live/smil:Kids_live.smil/playlist.m3u8
3ABN Latino,https://3abn.bozztv.com/3abn2/Lat_live/smil:Lat_live.smil/playlist.m3u8
3ABN Praise Him Music Network,https://3abn.bozztv.com/3abn1/PraiseHim/smil:PraiseHim.smil/playlist.m3u8
3ABN Proclaim! Network,https://3abn.bozztv.com/3abn2/Pro_live/smil:Pro_live.smil/playlist.m3u8
3ABN TV Uganda (720p) [Not 24/7],https://3abn.bozztv.com/3abn/3abn_uganda_live/index.m3u8
3AW Melbourne (1080p),https://3awlive.akamaized.net/hls/live/2032295/3AW/index.m3u8
3Cat Càmeres del temps (1080p),https://directes-tv-int.3catdirectes.cat/live-content/beauties-hls/master.m3u8
3Cat Exclusiu 1 (1080p) [Geo-blocked],https://directes-tv-cat.3catdirectes.cat/live-content/oca1-hls/master.m3u8
3Cat Exclusiu 2 (1080p) [Geo-blocked],https://directes-tv-cat.3catdirectes.cat/live-content/oca2-hls/master.m3u8
3Cat Exclusiu 3 (1080p) [Geo-blocked],https://directes-tv-cat.3catdirectes.cat/live-content/oca3-hls/master.m3u8
3Cat Plats bruts (1080p),https://fast-tailor.3catdirectes.cat/v1/channel/ccma-channel2/hls.m3u8
3CatInfo (1080p),https://directes-tv-int.3catdirectes.cat/live-origin/canal324-hls/master.m3u8
3HD,https://live-us1.thaimomo.com/live-as/ch3hd-3/playlist.m3u8
3point.dk,https://jmp2.uk/plu-65b915780cb1a1000889b837.m3u8
3sat (720p) [Geo-blocked],https://zdf-hls-18.akamaized.net/hls/live/2016501/dach/high/master.m3u8
3 Stones TV (240p) [Not 24/7],https://goliveafrica.media:9998/live/64d21e682fd26/index.m3u8
4 Afghanistan,https://4afghls.persiana.live/hls/stream.m3u8
4DmásNoticias TV (1080p) [Not 24/7],https://rds3.desdeparaguay.net/4dmasnoticiastv/4dmasnoticiastv/playlist.m3u8
4E (1080p),http://eu2.tv4e.gr:554/live/smil:myStream.sdp.smil/playlist.m3u8
4 Fun Kids (576i) [[Not 24/7]],https://stream.4fun.tv:8889/hls/4fk_high/index.m3u8
4 Fun TV (576i) [Not 24/7],https://stream.4fun.tv:8888/hls/4f_high/index.m3u8
4K Travel TV (1080p),https://streams2.sofast.tv/sofastplayout/33c31ac4-51fa-46ae-afd0-0d1fe5e60a80_0_HLS/master.m3u8
4 Kurd,https://4kuhls.persiana.live/hls/stream.m3u8
4TV News (576p),https://cdn-4.pishow.tv/live/1007/master.m3u8
4U TV (720p),https://hls.4utv.live/hls/stream.m3u8
4UV (1080p),https://d3qg1liq0unuxm.cloudfront.net/4UV.m3u8
5-Minute Craft (1080p),https://soul-5mincrafteng-rakuten.amagi.tv/playlist.m3u8
5AAB TV (720p) [Not 24/7],http://158.69.124.9:1935/5aabtv/5aabtv/playlist.m3u8
5 Cops,https://jmp2.uk/plu-5d2c571faeb3e2738ae27933.m3u8
5 Emergency Rescue,https://jmp2.uk/plu-63c1384e829c850007922ca4.m3u8
5 Exploring Britain,https://jmp2.uk/plu-5ddf901280e3550009139c86.m3u8
5 minut tishiny (1080p),https://cdn-dvr.ntv.ru/5_minut_tishiny/index.m3u8
5 Plus (720p),https://mmtvs.exliatycl.online/5plus/stream.m3u8
5Sport (1080p),http://stream.mcquack.net/41/index.m3u8
5 Trucking Hell,https://jmp2.uk/plu-656df2849d5ac400083be647.m3u8
5TV Corrientes (480p) [Not 24/7],http://www.coninfo.net:1935/tvcinco/live1/playlist.m3u8
6PR Perth (1080p),https://6prlive.akamaized.net/hls/live/2033806/6PR/index.m3u8
6 sotok (1080p),http://stream.mcquack.net/405/index.m3u8
6ter (1080p),http://145.239.5.177/314/index.m3u8
6 Wise Tv (720p),https://live.enhdtv.com:8081/8150/index.m3u8
7/8 TV,http://213.91.179.28:8000/play/a0cn
7 Info,https://video1.getstreamhosting.com:1936/8042/8042/playlist.m3u8
7 RadioVisione (720p),https://stream10.xdevel.com/video1s976543-1932/stream/playlist.m3u8
7S Music (576p),http://103.175.73.12:8080/live/771/master.m3u8
7 TeleValencia (576p),https://play.cdn.enetres.net/9E9557EFCEBB43A89CEC8FBD3C500247022/028/playlist.m3u8
7th Heaven,https://jmp2.uk/plu-6728c9c85534bb0008b320a4.m3u8
7th Heaven,https://jmp2.uk/plu-6728ca75529ac9000830ab14.m3u8
7th Heaven,https://jmp2.uk/plu-6728cab6e482950008b76d8c.m3u8
7TV (576p),http://31.148.48.15/7TV/index.m3u8
8 La Marina TV (576p),https://streaming005.gestec-video.com/hls/canal24.m3u8
8NTV (1080p),https://60417ddeaf0d9.streamlock.net/ntv/videontv/playlist.m3u8
8 Out Of 10 Cats (1080p),https://d1l7vcuh4hn9ei.cloudfront.net/8OutOf10Cats_GB.m3u8
8 Out of 10 Cats (1080p) [Geo-blocked],https://amg00627-amg00627c37-samsung-au-4294.playouts.now.amagi.tv/playlist/amg00627-banijayfast-8outof10cats-samsungau/playlist.m3u8
8 Out of 10 Cats (1080p) [Geo-blocked],https://amg00627-amg00627c37-samsung-nz-4295.playouts.now.amagi.tv/playlist.m3u8
8TV,http://cdn6.163189.xyz/163189/8tv
8XM (576p),http://115.42.65.142:9981/stream/channelid/582886861
9Gem (720p) [Geo-blocked],https://9now-livestreams.akamaized.net/hls/live/2008311/gem-syd/master.m3u8
9Go! (720p) [Geo-blocked],https://9now-livestreams.akamaized.net/hls/live/2008312/go-syd/master.m3u8
9 la Loma TV (1080p) [Geo-blocked],https://9laloma.tv/live.m3u8
9Life (720p) [Geo-blocked],https://9now-livestreams.akamaized.net/hls/live/2008313/life-syd/master.m3u8
9X Jalwa (1080p),https://b.jsrdn.com/strm/channels/9xjalwa/master.m3u8
9X Jhakaas (1080p),https://amg01281-9xmediapvtltd-9xjhakaas-samsungin-ci2cs.amagi.tv/playlist/amg01281-9xmediapvtltd-9xjhakaas-samsungin/playlist.m3u8
9X Tashan (1080p),https://amg01281-9xmediapvtltd-9xtashan-samsungin-xz1sd.amagi.tv/playlist/amg01281-9xmediapvtltd-9xtashan-samsungin/playlist.m3u8
9XM (1080p),https://9xjio.wiseplayout.com/9XM/master.m3u8
10 Bold Adelaide (1080p),https://dce3793146fef017.mediapackage.us-west-2.amazonaws.com/out/v1/55cdf73af7894775ba6de8f57482b66a/CMAF_HLS/index.m3u8
10 TV (720p),https://mumbai-edge.smartplaytv.in/10TV/index.m3u8
11 Kanal (720p),https://11tv-dp.cdn-04.cosmonova.net.ua/hls/11tv-dp_ua_hi/index.m3u8
12TV Alicante (720p),https://cloud.fastchannel.es/mic/manifiest/hls/12tv/12tv.m3u8
12 TV Parma (540p) [Not 24/7],https://5929b138b139d.streamlock.net/12TVParma/livestream/playlist.m3u8
12 канал (1080p),https://12channel.bonus-tv.ru/cdn/12channel/playlist.m3u8
13C (1080p),https://origin.dpsgo.com/ssai/event/GI-9cp_bT8KcerLpZwkuhw/master.m3u8
13 Entretención (720p),https://origin.dpsgo.com/ssai/event/BBp0VeP6QtOOlH8nu3bWTg/master.m3u8
13 Festival (1080p),https://origin.dpsgo.com/ssai/event/Nftd0fM2SXasfDlRphvUsg/master.m3u8
13 Humor (1080p),https://origin.dpsgo.com/ssai/event/cKWySXKgSK-SzlJmESkOWw/master.m3u8
13 Kids (1080p),https://origin.dpsgo.com/ssai/event/LhHrVtyeQkKZ-Ye_xEU75g/master.m3u8
13 Prime (720p),https://origin.dpsgo.com/ssai/event/p4mmBxEzSmKAxY1GusOHrw/master.m3u8
13 Realities (1080p),https://origin.dpsgo.com/ssai/event/g7_JOM0ORki9SR5RKHe-Kw/master.m3u8
13Rec (576p),http://45.4.1.201:8000/play/a11i/index.m3u8
13 Siam Thai (1080p),https://live.x2.co.th/live/13livetv-th.m3u8
13 Teleseries (720p),https://origin.dpsgo.com/ssai/event/f4TrySe8SoiGF8Lu3EIq1g/master.m3u8
15+ Music (1080p),https://live.15plusmg.ru/memfs/ce3366b1-bf25-4e24-96bb-1adf0d44bd3d.m3u8
15TV (720p) [Not 24/7],https://cdn.fastocloud.com/leonel.m3u8
15.1 BPB (720p),https://v2.tustreaming.cl/enlacebpbtv/index.m3u8
16 Anni e Incinta,https://jmp2.uk/plu-60940a07d88ba90007b9cb71.m3u8
16tv Budapest (360p),https://cloudfront44.lexanetwork.com:1344/freerelay/16tv.sdp/playlist.m3u8
20 Mediaset [Geo-blocked],https://live3-mediaset-it.akamaized.net/Content/hls_h0_clr_vos/live/channel(lb)/index.m3u8
20 Minutes TV (1080p),https://live-20minutestv.digiteka.com/1961167769/index.m3u8
21 Jump Street (1080p),https://cb562753.wurl.com/master/f36d25e7e52f1ba8d7e56eb859c636563214f541/UmFrdXRlblRWLWV1XzIxSnVtcFN0cmVldF9ITFM/playlist.m3u8
21 Jump Street (720p),https://d1oefjzrirx6fc.cloudfront.net/21_Jump_Street_SONO6.m3u8
21 Jump Street,https://jmp2.uk/plu-686cffbf3ffa5e0c91cdcfb3.m3u8
21 Jump Street,https://jmp2.uk/plu-699c15a9f0b71f2e2eec4393.m3u8
21 Jump Street,https://jmp2.uk/plu-699c162a684d0f308795258f.m3u8
21 Jump Street,https://jmp2.uk/plu-699c169077cdde1f05252eb9.m3u8
22Scope News (1080p),https://thelegitpro.in/HDlive/22scope/index.fmp4.m3u8
24 Horas Canarias (1080p),http://185.47.212.25:8080/24h_HD/index.m3u8
24 Hour Free Movies (720p),https://d1b5mlajbmvkjv.cloudfront.net/v1/master/9d062541f2ff39b5c0f48b743c6411d25f62fc25/UDU-DistroTV/145.m3u8?ads.vf=7FhdsxqVxOi
24 Kanal (720p),https://cdn15.live-tv.cloud/ua_infinitas_tv/news24-abr/playlist.m3u8
24 News (576p),https://mumt07.tangotv.in/zHjX9OFlTWENTYFOURNEWS/index.m3u8
24 Канал (1080p),https://streamvideol1.luxnet.ua/news24/smil:news24.stream.smil/playlist.m3u8
27 TwentySeven [Geo-blocked],https://live2.msf.cdn.mediaset.net/content/hls_h0_cls_vos/live/channel(ts)/index.m3u8
28 kanala,https://streaming.28kanala.eus/hls/z.m3u8
30A Darcizzle Offshore (720p),https://30a-tv.com/darcizzle.m3u8
30A Georgia Hollywood Review TV (720p),https://30a-tv.com/gh.m3u8
30A Golf Kingdom (720p),https://30a-tv.com/feeds/vidaa/golf.m3u8
30A Investment Pitch (720p),https://30a-tv.com/feeds/xodglobal/30atv.m3u8
30A Lionel Nation TV,https://30a-tv.com/ln.m3u8
30A Loomered TV,https://30a-tv.com/loomer.m3u8
30A Luxe Life Discovered (720p),https://30a-tv.com/feeds/vidaa/luxelife.m3u8
30A Music (720p),https://30a-tv.com/music.m3u8
30A Ridiculous TV (720p),https://30a-tv.com/feeds/720p/63.m3u8
30A Sidewalks (720p),https://30a-tv.com/sidewalks.m3u8
30A Television Channel (720p),https://30a-tv.com/feeds/masters/30atv.m3u8
30A The Beach Show (720p),https://30a-tv.com/beachy.m3u8
30A TV Classic Movies (720p),https://30a-tv.com/feeds/pzaz/30atvmovies.m3u8
30A We Love Cars (720p),https://30a-tv.com/feeds/vidaa/cars.m3u8
31 Kanal (576p),http://stream.mcquack.net/388/index.m3u8
36 TV Huacho (720p),https://live-evg10.tv360.bitel.com.pe/bitel/36tvSRT/playlist.m3u8
36.6 TV,https://dash2.antik.sk/live/test_tridsatsest_hd_atktv/playlist.m3u8
48 Hours,https://jmp2.uk/plu-62e925bc68d18a00077bb990.m3u8
48 Hours (1080p),https://dai.google.com/linear/hls/event/JUr94WL2QAiVpGNHY5n5dA/master.m3u8
50 Canale,https://load-balancer.azotosolutions.com/cdnedge37/canale50/playlist.m3u8
50 Cent Action (720p),https://jmp2.uk/plu-68487fb3f212bedacf5a53e3.m3u8
51 Radio TV (480p) [Geo-blocked],http://wms.shared.streamshow.it/canale51/canale51/playlist.m3u8
60 Days In by A&E (720p),https://d2b8jic9gadlvy.cloudfront.net/v1/aenetworks_60daysin_1/samsungheadend_us/latest/main/hls/playlist.m3u8
60 Days in Jail (720p),https://39328386.wurl.com/master/f36d25e7e52f1ba8d7e56eb859c636563214f541/U2Ftc3VuZy1nYl82MERheXNJbklOVExfSExT/playlist.m3u8
60 Days in Jail,https://jmp2.uk/plu-68c8203efef6d8a2a6f13906.m3u8
60 Minutes,https://jmp2.uk/plu-66b646f9cd0d3100086af83c.m3u8
70-80 TV (1080P),https://585b674743bbb.streamlock.net/9050/9050/playlist.m3u8
70s Cinema,https://jmp2.uk/plu-5f4d878d3d19b30007d2e782.m3u8
80s Rewind,https://jmp2.uk/plu-5ca525b650be2571e3943c63.m3u8
88 Stereo (720p) [Not 24/7],http://k3.usastreams.com/CableLatino/88stereo/playlist.m3u8
90's Kids,https://jmp2.uk/plu-6452c814939a590008567a3b.m3u8
90s Kids TV 2,https://jmp2.uk/plu-6452c77ed3fdde00080eb3a8.m3u8
90s Throwback,https://jmp2.uk/plu-5f4d86f519358a00072b978e.m3u8
92 News HD (720p),http://92news.vdn.dstreamone.net/92newshd/92hd/playlist.m3u8
98.1 Pearl FM (720p),https://live2.tensila.com/pearl-v-1.pearlfm/hls/live/mystream.m3u8
99TV (720p),https://cdn-1.pishow.tv/live/1211/master.m3u8
100% Auto Moto TV (406p) [Not 24/7],http://100automoto.tv:1935/bgtv1/autotv/playlist.m3u8
100% News (576p),http://85.238.112.40:8810/hls_sec/239.33.16.32-.m3u8
101tv Cádiz (1080p),https://streaming101tv.es:19360/cadiz/cadiz.m3u8
101tv Malaga,https://liveingesta318.cdnmedia.tv/101weblive/smil:malaga.smil/playlist.m3u8
101tv Sevilla,https://liveingesta318.cdnmedia.tv/101weblive/smil:sevilla.smil/playlist.m3u8
111 TV (720p),https://5db313b643fd8.streamlock.net/111/111/playlist.m3u8
247 Box TV,https://hls.247box.live/hls/stream.m3u8
312 Кино (406p),http://176.126.166.43:1935/live/312kino/playlist.m3u8
312 ТВ (406p),http://176.126.166.43:1935/live/312musik/playlist.m3u8
360° (1080p),https://cdn-evacoder-tv.facecast.io/evacoder_hls_hi/CkxfR1xNUAJwTgtXTBZTAJli/index.m3u8
360° Новости (1080p),https://live-vgtrksmotrim.cdnvideo.ru/vgtrksmotrim/smotrim-live-03-srt.smil/playlist.m3u8
360 RFTV (576p) [Geo-blocked],https://acceso.mediosdecostarica.com:3638/live/360rftvcrlive.m3u8
360TuneBox (1080p),https://dash3.antik.sk/live/test_360_tunebox_medium_atk/playlist.m3u8
360 TV (720p) [Not 24/7],https://turkmedya-live.ercdn.net/tv360/tv360.m3u8
365 days TV (576p),http://stream.mcquack.net/70/index.m3u8
1001 Noites (720p) [Not 24/7],https://cdn.jmvstream.com/w/LVW-8155/ngrp:LVW8155_41E1ciuCvO_all/playlist.m3u8
2900 Happiness,https://jmp2.uk/plu-6720bc6cdaad7f000872a6e2.m3u8
90210,https://jmp2.uk/plu-65a67dd13af63d0008257f17.m3u8
:Šport (1080p),http://88.212.15.27/live/test_rtvs_sport_hevc/playlist.m3u8
¡OPA! (1080i) [Geo-blocked],https://5fc584f3f19c9.streamlock.net/genteopa/videogenteopa/playlist.m3u8
&flix HD (1080p),http://103.72.101.252:8080/live/1322.m3u8
&pictures HD (1080p),http://103.72.101.252:8080/live/185.m3u8
&TV International (1080p),https://amg01117-amg01117c1-amgplt0029.playout.now3.amagi.tv/playlist/amg01117-amg01117c1-amgplt0029/playlist.m3u8
&xplor HD (1080p),http://149.71.34.166:8000/play/a001/index.m3u8
+SBT Novelas (1080p) [Geo-blocked],https://novelas.maissbt.com/v1/master/215c0da80606fed29372070168106400a6ca7e1a/Novelas_cmaf/index.m3u8
+TV (576p) [Geo-blocked],https://stream.plustv.by/plustv-web/plustv/playlist.m3u8
.black (576p),http://stream.mcquack.net/263/index.m3u8
.red (576p),http://5.188.159.128:8070/RED/index.m3u8
.sci-fi (576p),http://stream.mcquack.net/180/index.m3u8
:24 (1080p),http://88.212.15.27/live/test_trojka_25p/playlist.m3u8
A1 TV (1080p) [Not 24/7],https://stream.a1mediagroep.nl/hls/a1tv.m3u8
A2i Music (720p) [Not 24/7],https://stream.sen-gt.com/A2iMusic/myStream/playlist.m3u8
A2i Naija (720p) [Not 24/7],https://stream.sen-gt.com/A2iNaija/myStream/playlist.m3u8
A2i Religion (720p) [Not 24/7],https://stream.sen-gt.com/A2iReligion/myStream/playlist.m3u8
A2i TV (1080p),https://stream.sen-gt.com/A2itv/myStream/playlist.m3u8
A2TV (1080p),https://rnttwmjcin.turknet.ercdn.net/lcpmvefbyo/a2tv/a2tv.m3u8
A2Z (480p) [Not 24/7],https://streams.comclark.com/pknsd/a2z/playlist.m3u8
A7 TV (1080p),https://183.bozztv.com/ssh101/ssh101/a7tvjarabacoa/playlist.m3u8
A7TV (1080p),https://a7tvlive.ro/A7TV/A7TV/playlist.m3u8
A12 TV,https://video1.getstreamhosting.com:1936/8250/8250/manifest.m3u8
A24 (720p),https://g5.vxral-slo.transport.edge-access.net/a12/ngrp:a24-100056_all/playlist.m3u8?sense=true
A Caçadora de Relíquias,https://jmp2.uk/plu-67e59a6557487a8b7fe73e23.m3u8
A Feiticeira,https://jmp2.uk/plu-631fa8dd7f25240007099a40.m3u8
A Haber (1080p),https://rnttwmjcin.turknet.ercdn.net/lcpmvefbyo/ahaber/ahaber.m3u8
A Haunting,https://jmp2.uk/plu-64ff1d92d545e9000877fba4.m3u8
A New Life In The Sun (1080p),https://d36zu8tswi4fqu.cloudfront.net/playlist.m3u8
A New Life in the Sun,https://jmp2.uk/plu-6852854bce36f0644f37d765.m3u8
A Punt (720p),https://fastly.live.brightcove.com/1846756479408303045/eu-central-1/6057955885001/eyJhbGciOiJIUzI1NiIsInR5cCI6IkpXVCJ9.eyJob3N0IjoiZWFxNWh4LmVncmVzcy53YzQ3bTEiLCJhY2NvdW50X2lkIjoiNjA1Nzk1NTg4NTAwMSIsImVobiI6ImZhc3RseS5saXZlLmJyaWdodGNvdmUuY29tIiwiaXNzIjoiYmxpdmUtcGxheWJhY2stc291cmNlLWFwaSIsInN1YiI6InBhdGhtYXB0b2tlbiIsImF1ZCI6WyI2MDU3OTU1ODg1MDAxIl0sImp0aSI6IjE4NDY3NTY0Nzk0MDgzMDMwNDUifQ.o6wb_VA-TVxl3ERgr7FKLlaTjY7smErmsf73QAydySE/playlist-hls-dvr.m3u8
A Spor (1080p),https://rnttwmjcin.turknet.ercdn.net/lcpmvefbyo/aspor/aspor.m3u8
A&E (720p),http://23.239.31.26:8989/aande/index.m3u8
A&E Crime 360 (720p),https://jmp2.uk/plu-6000a5a9e767980007b497ca.m3u8
A&E Latin America (1080p),http://138.121.15.230:9002/A&E/index.m3u8
A&E Latin America Brazil (720p),http://45.190.28.50/AE_HD/index.m3u8
A&R Canal Adventista (720p),http://51.222.9.192:3589/stream/play.m3u8
A+ [Geo-blocked],https://mdstrm.com/live-stream-playlist/60b56be1000ea50835fa1e63.m3u8
A-Plus TV (576p),http://115.42.65.142:9981/stream/channelid/113328724
AABC TV (480p),https://streamer1.connectto.com/AABC_WEB_1201/index.m3u8
Aaj Entertainment (1080p),https://ml-pull-dvc-myco.io:2096/AAJ_ENTERTAINMENT/index.m3u8
Aaj News (576p),http://115.42.65.142:9981/stream/channelid/750987367
Aaj Tak (1080p),http://103.213.31.109:90/AajtakHD/playlist.m3u8
Aaj Tak HD (1080p),https://feeds.intoday.in/aajtak/api/aajtakhd/master.m3u8
Aakaash Aath (576p),http://tvsen5.aynascope.net/Wm9Lv2RjZGT6/index.m3u8
Aamar Bangla (720p),https://app.ncare.live/c3VydmVyX8RpbEU9Mi8xNy8yMDE0GIDU6RgzQ6NTAgdEoaeFzbF92YWxIZTO0U0ezN1IzMyfvcGVMZEJCTEFWeVN3PTOmdFsaWRtaW51aiPhnPTI/amarbanglatv.stream/playlist.m3u8
Aaryaa TV (1080p),https://stream.ottlive.co.in/aryatvtamil/index.m3u8
Aaseervatham TV (576p),https://mumt04.tangotv.in/m18aqlK4AASEERVATHAMTV/index.m3u8
Aastha (720p),https://aasthaott.akamaized.net/110923/smil:aasthatv.smil/index.m3u8
Aastha (720p),http://103.213.31.109:90/AasthaSD/playlist.m3u8
Aastha Bhajan (576p),http://103.175.73.12:8080/live/339/master.m3u8
Aastha Gujarati (576p),https://mumt04.tangotv.in/m18aqlK4AASTHAGUJARATI/index.m3u8
Aastha Kannada (480p),https://aasthaott.akamaized.net/110923/smil:aasthakannada.smil/playlist.m3u8
Aastha Prime 1 (720p),https://aasthaott.akamaized.net/110923/smil:aasthaprime1.smil/master.m3u8
Aastha Tamil (480p),https://aasthaott.akamaized.net/110923/smil:aasthatamil.smil/playlist.m3u8
Aastha Telugu (480p),https://aasthaott.akamaized.net/110923/smil:aasthatelugu.smil/playlist.m3u8
Aathavan TV (720p) [Not 24/7],http://45.77.66.224:1935/athavantv/live/playlist.m3u8
AB1 (720p),http://145.239.5.177/332/index.m3u8
Abadan,https://ncdn.telewebion.ir/abadan/live/playlist.m3u8
Abai TV (720p),https://abaitv-stream.qazcdn.com/abaitv/abaitv/playlist.m3u8
Abante TV (1080p),https://amg19223-amg19223c12-amgplt0352.playout.now3.amagi.tv/playlist/amg19223-amg19223c12-amgplt0352/playlist.m3u8
Abb Takk (576p),http://115.42.65.142:9981/stream/channelid/852828604
ABC (1080p),http://190.11.225.124:5000/live/abc_hd/playlist.m3u8
ABC 2 Baltimore MD (WMAR) (720p),https://aegis-cloudfront-1.tubi.video/c28d1ca8-9467-4798-81dc-09c1d6e90be1/playlist.m3u8
ABC 2 Portland OR (KATU) (1080p),https://linear-710.frequency.stream/dist/stirr/710/hls/master/playlist.m3u8
ABC 4 Charleston SC (WCIV) (1080p),https://linear-700.frequency.stream/dist/stirr/700/hls/master/playlist.m3u8
ABC 4 Seattle WA (KOMO) (1080p),https://linear-709.frequency.stream/dist/stirr/709/hls/master/playlist.m3u8
ABC 5,https://d3svnrf3rmq619.cloudfront.net/krgv-live/smil:krgv-live.smil/playlist.m3u8
ABC 5 Boston MA (WCVB) (720p),https://aegis-cloudfront-1.tubi.video/c2e3094d-ad56-4c5f-9655-cd80df71fbab/playlist.m3u8
ABC 5 St. Paul MN (KSTP) (1080p),https://amg01942-amg01942c2-stirr-us-10173.playouts.now.amagi.tv/playlist.m3u8
ABC 6 Austin TX (KAAL) (1080p),https://amg01942-amg01942c6-stirr-us-10178.playouts.now.amagi.tv/playlist.m3u8
ABC 6 Columbus OH (WSYX) (1080p),https://linear-689.frequency.stream/dist/stirr/689/hls/master/playlist.m3u8
ABC 7 Albuquerque NM (KOAT) (720p),https://aegis-cloudfront-1.tubi.video/2dba5dd9-4097-45e3-b169-56735cc48476/playlist.m3u8
ABC 7 Denver CO (KMGH) (720p),https://content.uplynk.com/channel/64ca339f04964a5e961c3207a7771bf1.m3u8
ABC 7 Washington DC (WJLA) (1080p),https://linear-681.frequency.stream/dist/stirr/681/hls/master/playlist.m3u8
ABC 9 Manchester NH (WMUR-TV) (720p),https://aegis-cloudfront-1.tubi.video/b77ffe96-c5d1-43a7-8687-306ff244d725/playlist.m3u8
ABC 9 Orlando FL (WFTV) (720p),https://amg00327-coxmediagroup-wftvbreaking-ono-hec7b.amagi.tv/playlist/amg00327-coxmediagroup-wftvbreaking-ono/playlist.m3u8
ABC 9 Tucson AZ (KGUN) (720p),https://aegis-cloudfront-1.tubi.video/a53514a7-f2aa-4d34-802e-c2b5594fc0d7/playlist.m3u8
ABC 10 Duluth MN (WDIO) (1080p),https://amg01942-amg01942c3-stirr-us-10196.playouts.now.amagi.tv/playlist.m3u8
ABC 10 San Diego CA (KGTV) (720p),https://aegis-cloudfront-1.tubi.video/1a352414-3a30-4f42-b14b-c091d02a5e45/playlist.m3u8
ABC 12 Milwaukee WI (WISN) (720p),https://aegis-cloudfront-1.tubi.video/ec903a48-3638-4d0b-ac89-813e147bca58/playlist.m3u8
ABC 13 Asheville NC (WLOS) (1080p),https://linear-695.frequency.stream/dist/stirr/695/hls/master/playlist.m3u8
ABC 13 Las Vegas NV (KTNV) (720p),https://content.uplynk.com/channel/39919d3f7a074eefa8bf579214e952f9.m3u8
ABC 15 Myrtle Beach FL (WPDE) (1080p),https://linear-696.frequency.stream/dist/stirr/696/hls/master/playlist.m3u8
ABC 15 Phoenix AZ (KNXV) (720p),https://aegis-cloudfront-1.tubi.video/e923f4ce-7229-4e01-a25e-d453993dab82/playlist.m3u8
ABC 20/20 (1080p),https://d4bq78o8d5tf5.cloudfront.net/ABC_2020.m3u8
ABC 22 Dayton OH (WKEF) (1080p),https://linear-690.frequency.stream/dist/stirr/690/hls/master/playlist.m3u8
ABC 23 Bakersfield CA (KERO) (720p),https://aegis-cloudfront-1.tubi.video/69c4e4f9-84fa-43eb-b38e-6d1f9464ca73/playlist.m3u8
ABC 25 News Central Texas (720p),https://content.uplynk.com/channel/9d4e02c9c3544c269d32e6b316792c8f.m3u8
ABC 27 Tallahassee FL (WTXL) (720p),https://aegis-cloudfront-1.tubi.video/e739361e-fa12-4cac-92f3-e0dbf332cd88/playlist.m3u8
ABC (WPLG-DT1) Miami FL (720p),https://pubads.g.doubleclick.net/ssai/event/tQD6w9OJQVOobcyV3Dammw/master.m3u8
ABC Australia (1080p),http://103.154.3.101:5001/live/2782.m3u8
ABC Entertains (720p),https://c.mjh.nz/abc-me.m3u8
ABC Kids,https://c.mjh.nz/abc-kids.m3u8
ABC News (720p),https://abc-news-dmd-streams-1.akamaized.net/out/v1/701126012d044971b3fa89406a440133/index.m3u8
ABC News Live (1080p) [Geo-blocked],https://pb-0n3n2ej0w8pl9.akamaized.net/ABCNewsLive_Disney.m3u8
ABC News Live 1 (720p),https://abcnews-streams.akamaized.net/hls/live/2023560/abcnewshudson1/master.m3u8
ABC News Live 2 (720p),https://abcnews-streams.akamaized.net/hls/live/2023561/abcnewshudson2/master.m3u8
ABC News Live 3 (720p),https://abcnews-streams.akamaized.net/hls/live/2023562/abcnewshudson3/master.m3u8
ABC News Live 4 (720p),https://abcnews-streams.akamaized.net/hls/live/2023563/abcnewshudson4/master.m3u8
ABC News Live 5 (720p),https://abcnews-streams.akamaized.net/hls/live/2023564/abcnewshudson5/master.m3u8
ABC News Live 6 (720p),https://abcnews-streams.akamaized.net/hls/live/2023565/abcnewshudson6/master.m3u8
ABC News Live 7 (720p),https://abcnews-streams.akamaized.net/hls/live/2023566/abcnewshudson7/master.m3u8
ABC News Live 8 (720p),https://abcnews-streams.akamaized.net/hls/live/2023567/abcnewshudson8/master.m3u8
ABC News Live 9 (720p),https://abcnews-streams.akamaized.net/hls/live/2023568/abcnewshudson9/master.m3u8
ABC News Live 10 (720p),https://abcnews-streams.akamaized.net/hls/live/2023569/abcnewshudson10/master.m3u8
ABC Teleshow (720p),https://live-evg10.tv360.bitel.com.pe/bitel/abctv/playlist.m3u8
ABC TV ACT (720p),https://c.mjh.nz/abc-act.m3u8
ABC TV NSW (720p),https://c.mjh.nz/abc-nsw.m3u8
ABC TV NT (720p),https://c.mjh.nz/abc-nt.m3u8
ABC TV Plus (720p),https://c.mjh.nz/abc-tv-plus.m3u8
ABC TV QLD (720p),https://c.mjh.nz/abc-qld.m3u8
ABC TV SA (720p),https://c.mjh.nz/abc-sa.m3u8
ABC TV TAS (720p),https://c.mjh.nz/abc-tas.m3u8
ABC TV VIC (720p),https://c.mjh.nz/abc-vic.m3u8
ABC TV WA (720p),https://c.mjh.nz/abc-wa.m3u8
ABC West (720p),http://stream.cammonitorplus.net/1797/index.m3u8
ABC WWAY 3,https://townnews.g-mana.live/media/027a05c7-43b6-49eb-ad10-a0c0f10a0754/main.m3u8
Abdulmajeed Abdullah (1080p),https://d2hng5r56zpsbw.cloudfront.net/out/v1/9c4c990f44bb4767bb46271f326dd574/index.m3u8
AbejalesTV (720p),https://183.bozztv.com/giatv/giatv-AbejalesTV/AbejalesTV/playlist.m3u8
ABN Afghanistan (540p),https://mediaserver.abnvideos.com/streams/abnafghanistan.m3u8
ABN Africa (480p),https://mediaserver.abnvideos.com/streams/abnafrica.m3u8
ABN Andhra Jyoti (720p),https://mumbai-edge.smartplaytv.in/ABNAJ/index.m3u8
ABN Bible Movies (720p),https://mediaserver.abnvideos.com/streams/abnbiblemovies.m3u8
ABN China (720p),https://mediaserver.abnvideos.com/streams/abnchina.m3u8
ABN Freedom of Speech,https://mediaserver.abnvideos.com/streams/freedom_of_speech.m3u8
ABN I AM,https://mediaserver.abnvideos.com/streams/i_am_.m3u8
ABN News (1080p),http://115.42.65.142:9981/stream/channelid/966869781
ABN Son of God,https://mediaserver.abnvideos.com/streams/son_of_god_.m3u8
ABN TV (720p),https://vod2.abn.co.kr/IPHONE/abn.m3u8
ABN TV India (540p),https://mediaserver.abnvideos.com/streams/abntvindia.m3u8
ABN Urdu (540p),https://mediaserver.abnvideos.com/streams/abnurdu.m3u8
ABNsat (720p),https://mediaserver.abnvideos.com/streams/abnsat.m3u8
ABP Ananda (1080p),https://d2l4ar6y3mrs4k.cloudfront.net/live-streaming/ananda-livetv/master.m3u8
ABP Asmita (1080p),https://d2l4ar6y3mrs4k.cloudfront.net/live-streaming/asmita-livetv/master.m3u8
ABP Ganga (1080p),https://d2l4ar6y3mrs4k.cloudfront.net/live-streaming/ganga-livetv/master.m3u8
ABP Majha (360p),https://yupprestreamliveus.akamaized.net/vglive-sk-355289/majha/master.m3u8
ABP News (1080p),https://d1rc86nwwc9fag.cloudfront.net/vglive-sk-472500/abpnews/master.m3u8
Absinthe TV (1080p),https://streams2.sofast.tv/v1/master/611d79b11b77e2f571934fd80ca1413453772ac7/254b2fef-a3dd-4a6d-af18-38711e02e31c/manifest.m3u8
ABTelevision (720p),https://live-evg8.tv360.bitel.com.pe/bitel/abctelevisionSRT/playlist.m3u8
ABTV Bariloche,https://videostream.shockmedia.com.ar/hls/abtvbariloche/abtvbariloche.m3u8
Abya Yala TV (720p),http://15.204.246.24:8080/AbyaYalaTvHD/index.m3u8
AC TV (480p) [Not 24/7],https://ssh101stream.ssh101.com/akamaissh101/ssh101/actvstream/playlist.m3u8
Acapulco Shore,https://jmp2.uk/plu-64dab1f835425100080e1e7b.m3u8
Acapulco Shore Pluto TV,https://jmp2.uk/plu-61a52615cbef2500072876e2.m3u8
ACC Network (720p),http://40.160.24.56/ACC_NETWORK_SD/index.m3u8
ACCDN (1080p),https://raycom-accdn-firetv.amagi.tv/playlist.m3u8
Access 4 PAC,https://reflect-channel18vod-springfield-il-us.cablecast.tv/live-16/live/stream-4/live.m3u8
Access 19,https://reflect-montgomerycommunitymedia.cablecast.tv/live-8/live/stream-3/live.m3u8
Access Humboldt (1080p),https://rtmp-live-ingest-ap-northeast-2-universe-dacast-com.akamaized.net/transmuxv1/streams/f08fcd45-1d04-9a8c-39ca-f56091820e5c.m3u8
Access Media Productions Channel (720p),https://dlttx48mxf9m3.cloudfront.net/vod_clients/amp/live/ch1/video.m3u8
Access Media Productions Community Channel (720p),https://dlttx48mxf9m3.cloudfront.net/vod_clients/amp/live/ch2/video.m3u8
Access Media Productions Marina TV (720p),https://dlttx48mxf9m3.cloudfront.net/vod_clients/amp/live/ch4/video.m3u8
Access Media Productions Monterey Channel (720p),https://dlttx48mxf9m3.cloudfront.net/vod_clients/amp/live/ch3/video.m3u8
Access Media Productions Peninsula Channel (720p),https://dlttx48mxf9m3.cloudfront.net/vod_clients/amp/live/ch5/video.m3u8
Access Nashua (720p),https://livestream.telvue.com/nashuanh1/f7b44cfafd5c52223d5498196c8a2e7b.sdp/playlist.m3u8
Access Sacramento Channel 17,https://reflect-access-sacramento.cablecast.tv/live-7/live/live.m3u8
Access Tuolumne (Tuolumne County CA) (720p),https://reflect-tuolumne.cablecast.tv/live-3/live/stream-1/live.m3u8
AccessVision Channel 16 (720p),https://livestream.telvue.com/accvision1/f7b44cfafd5c52223d5498196c8a2e7b.sdp/playlist.m3u8
AccessVision Channel 17 (720p),https://livestream.telvue.com/accvision2/f7b44cfafd5c52223d5498196c8a2e7b.sdp/playlist.m3u8
Accion Mexicana,https://stream.ads.ottera.tv/playlist.m3u8?network_id=1153
AccuWeather Now (1080p),https://cdn-ue1-prod.tsv2.amagi.tv/linear/amg00684-accuweather-accuweather-plex/playlist.m3u8
Ace TV (1080p),https://streams2.sofast.tv/WiseM3U8_30/sofast/cleanhls/master.m3u8
Ace TV (480p),https://c.streamhoster.com/link/hls/W5s3fS/inLo5pcsHjo/iqg9wps0m1x_5/playlist.m3u8
Acento TV,https://acentotv01.streamprolive.com/hls/live.m3u8
Acheloos TV (576p),https://acheloostv.streamings.gr/live/stream/index.m3u8
ACI Sport TV (1080p),https://webstream.multistream.it/memfs/e2cb3629-c1a2-495b-b43a-9eb386f04ed8.m3u8
ACNN (480p),https://viewmedia7219.bozztv.com/wmedia/viewmedia100/web_014/Stream/playlist.m3u8
Acorn TV Mysteries (720p),https://d25ms2fshb3tcf.cloudfront.net/playlist.m3u8
Action 24 (1080p) [Not 24/7],http://actionlive.siliconweb.com/actionabr/actiontv/playlist.m3u8
Action Hollywood Movies (1080p),https://amg01076-lightningintern-actionhollywood-samsungau-rs69y.amagi.tv/playlist/amg01076-lightningintern-actionhollywood-samsungau/playlist.m3u8
Action Hollywood Movies (1080p),https://cdn-apse1-prod.tsv2.amagi.tv/linear/amg01076-lightningintern-actionhollywood-samsungnz/playlist.m3u8
Action Hollywood Movies (720p) [Geo-blocked],https://actionhollywood-klowdtv.amagi.tv/playlist.m3u8
ActionMax (720p),http://40.160.24.56/ACTIONMAX_SD/index.m3u8
Activa TV (720p),https://streamtv.mediasector.es/hls/activatv/index.m3u8
Actualidad 360 (1080p) [Geo-blocked],https://amg01821-lovetv-amg01821c27-lg-es-6726.playouts.now.amagi.tv/playlist/amg01821-lovetvfast-lovenews-lges/playlist.m3u8
ACTV (504p),https://dlgt0tdl2hpq3.cloudfront.net/rtbf/clr-rtbf/4db788c7/index.m3u8
ACTV,https://castus-vod-dev.s3.amazonaws.com/vod_clients/athens/live/ch2/video.m3u8
Acumuladores Obsessivos,https://jmp2.uk/plu-656e2a4b4261ca00083aa99e.m3u8
Acustik TV,https://s5.mexside.net:1936/clientetv/clientetv/playlist.m3u8
ACW UG TV (480p),https://live.acwugtv.com/hls/stream.m3u8
ADA TV (720p),https://live-evg10.tv360.bitel.com.pe/bitel/alasdeaguilaSRT/playlist.m3u8
Ada TV,https://yayin1.canlitv.fun/live/kibrisadatv.stream/playlist.m3u8
ADB TV (1080p),https://live-tv.waytv.pt/adbtv/adbtv/playlist.m3u8
Addis TV (720p),https://rrsatrtmp.tulix.tv/addis1/addis1multi.smil/playlist.m3u8
Adesso TV (720p),https://cdn.jmvstream.com/w/LVW-9715/LVW9715_12B26T62tm/playlist.m3u8
Adhyatm TV (720p),https://mumbai-edge.smartplaytv.in/AdhyatmTV/index.m3u8
Adinkra TV (1080p),https://59d39900ebfb8.streamlock.net/adinkratvny/adinkratvny/playlist.m3u8
Adjarasport 1,https://live20.bozztv.com/dvrfl05/gin-adjara/index.m3u8
Adjugé vendu !,https://jmp2.uk/plu-64bab8ba5dc1660008969b5a.m3u8
ADN 40 (720p),https://mdstrm.com/live-stream-playlist/60b578b060947317de7b57ac.m3u8
ADN Noticias (720p),https://jmp2.uk/plu-646ccd3681844c000974d6f4.m3u8
ADN TV (720p),https://redirector.rudo.video/hls-video/931b584451fa6dd1313ee66efbfd5802e3f3bcea/adntv/adntv.smil/playlist.m3u8
ADN TV+ (720p),https://d3b73b34o7cvkq.cloudfront.net/v1/master/3722c60a815c199d9c0ef36c5b73da68a62b09d1/cc-gz2sgqzp076kf/adn.m3u8
Adnkronos (720p),https://5e73cf528f404.streamlock.net/GR_sport/livestream/playlist.m3u8
ADO TV (720p),https://strhls.streamakaci.tv/ortb/ortb2-multi/playlist.m3u8
Adoram TV (720p),https://live20.bozztv.com/giatv/giatv-adoram/adoram/chunks.m3u8
Adrenalina Pura TV,https://jmp2.uk/plu-61b790b985706b00072cb797.m3u8
Adrenalina Pura TV (720p),https://jmp2.uk/plu-61b793ccf571b80007b7a610.m3u8
Adrenaline+ (720p),https://a-cdn.klowdtv.com/live3/adr_720p/playlist.m3u8
Adria Music Television,https://adriaapp.b-cdn.net/1080p/index.m3u8
Adult Swim Latin America (720p),https://streamer.metronethn.com/AdultSwim/index.m3u8
Adult Swim Latin America Brazil (720p),http://45.190.28.50/TRUTV_HD/index.m3u8
Adventure Earth (1080p),https://a57e9c69976649b582a8d7604c00e69a.mediatailor.us-east-1.amazonaws.com/v1/master/44f73ba4d03e9607dcd9bebdcb8494d86964f1d8/RlaxxTV-eu_AdventureEarth/playlist.m3u8
Advocate Broadcasting Network,srt://105.113.54.98:4001
AE Radio TV (720p) [Not 24/7],https://tls-cl.cdnz.cl/aeradio/live/playlist.m3u8
Aeolos TV (1080p),https://cdn.istoikona.com/aeolostv/live/playlist.m3u8
Afaq TV,https://stream.afaq.iq/live/channel/afaqtv/playlist.m3u8
Afarin Baxcha (1080p),https://5dcabf026b188.streamlock.net/afarinTV/livestream/playlist.m3u8
Afarin TV (720p) [Not 24/7],https://65f16f0fdfc51.streamlock.net/afarinTV/livestream/playlist.m3u8
AFBTV Kupang (1080p) [Not 24/7],https://afbtv.siar.us/live/afbtv.m3u8
Affare Fatto,https://jmp2.uk/plu-64ec5c6644fe100009d114ae.m3u8
Afghan Nobel Movies (720p),https://live.relentlessinnovations.net:1936/afghannobel/afghannobel/playlist.m3u8
Afghan Nobel TV (720p),https://live.relentlessinnovations.net:1936/afghannobeltv/afghannobeltv/playlist.m3u8
Afghanistan International (720p),https://hls.afintl.com/hls/stream.m3u8
Aflak,https://ncdn.telewebion.ir/aflak/live/playlist.m3u8
Aflam (1080p),https://shd-amg-fast.edgenextcdn.net/tx001/playlist.m3u8
AFN TV,https://bozztv.com/1gbw5/tintv2/tintv2/playlist.m3u8
Afontovo,https://stream.afontovo.ru/hd.m3u8
Afra Film,https://afrafhls.wns.live/hls/stream.m3u8
Afra Series,https://afrashls.wns.live/hls/stream.m3u8
Africa 24 (1080p),https://africa24.vedge.infomaniak.com/livecast/ik:africa24/manifest.m3u8
Africa 24 English (1080p),https://edge20.vedge.infomaniak.com/livecast/ik:africa24english/manifest.m3u8
Africa 24 Sport (1080p),https://africa24.vedge.infomaniak.com/livecast/ik:africa24sport/manifest.m3u8
Africa TV3 (720p) [Not 24/7],http://africatv.live.net.sa:1935/live/africatv3/playlist.m3u8
Africanews (720p),https://c3c275b999764df8a2dd55ffe2996818.mediatailor.eu-west-1.amazonaws.com/v1/master/0547f18649bd788bec7b67b746e47670f558b6b2/production-LiveChannel-6576/bitok/eyJzdGlkIjoiOTU0NDAyODQtOTU0My00Yzc2LThmZjQtNDRhY2YwYmQxYTYwIiwibWt0IjoicGwiLCJjaCI6NjYwNiwicHRmIjo1fQ==/26036/africanews-en.m3u8
Africanews English (720p),https://cdn-euronews.akamaized.net/live/eds/africanews-en/25049/index.m3u8
Africanews French (720p),https://cdn-euronews.akamaized.net/live/eds/africanews-fr/25050/index.m3u8
Afrik Info TV,https://kali.vdopanel.com:3119/hybrid/play.m3u8
Afrique54 TV (720p),https://video1.getstreamhosting.com:1936/8318/8318/playlist.m3u8
Afrique Media (720p),https://cloud.odysee.live/content/fe06b3cdc9412e359368b2455b6ea5e93856e382/master.m3u8
Afro Magic Channel,https://video1.getstreamhosting.com:1936/8306/8306/playlist.m3u8
Afrobeats (1080p),https://stream.ecable.tv/afrobeats/index.m3u8
Afroculture TV,https://streamtv.cmediahosthosting.net:3836/live/myafroculturelive.m3u8
AfroLand African (1080p),https://stream.ads.ottera.tv/playlist.m3u8?content_livestream=1&network_id=6075
Afroland AfroKiddos (720p),https://stream.ads.ottera.tv/playlist.m3u8?content_livestream=1&network_id=16484
AfroLand Black Experience (1080p),https://stream.ads.ottera.tv/playlist.m3u8?content_livestream=1&network_id=6101
AfroLand Comedy (1080p),https://stream.ads.ottera.tv/playlist.m3u8?content_livestream=1&network_id=6068
AfroLand Crime (1080p),https://stream.ads.ottera.tv/playlist.m3u8?content_livestream=1&network_id=6070
Afroland Documentary (814p),https://stream.ads.ottera.tv/playlist.m3u8?content_livestream=1&network_id=6071
AfroLand Drama (720p),https://stream.ads.ottera.tv/playlist.m3u8?content_livestream=1&network_id=6067
AfroLand Faith (720p),https://stream.ads.ottera.tv/playlist.m3u8?content_livestream=1&network_id=6077
AfroLand Family (720p),https://stream.ads.ottera.tv/playlist.m3u8?content_livestream=1&network_id=6072
Afroland Featured (948p),https://stream.ads.ottera.tv/playlist.m3u8?content_livestream=1&network_id=6057
AfroLand Nollywood (720p),https://stream.ads.ottera.tv/playlist.m3u8?content_livestream=1&network_id=6076
AfroLand Romance (1080p),https://stream.ads.ottera.tv/playlist.m3u8?content_livestream=1&network_id=6074
AfroLand Thriller (720p),https://stream.ads.ottera.tv/playlist.m3u8?content_livestream=1&network_id=6073
Afroland Top 10 (948p),https://stream.ads.ottera.tv/playlist.m3u8?content_livestream=1&network_id=6098
AfroLandTV (1080p),https://stream.ads.ottera.tv/playlist.m3u8?content_livestream=1&network_id=844
AfroLandTV (1080p),https://alt-al.otteravision.com/alt/al/al.m3u8
AfroLandTV WW (1080p),https://stream.ads.ottera.tv/playlist.m3u8?content_livestream=1&network_id=15235
Afroturk TV (1080p),https://edge.socialsmart.tv/naturaltv/bant1/playlist.m3u8
Aftab,https://ncdn.telewebion.ir/aftab/live/playlist.m3u8
Aftershock,https://jmp2.uk/plu-63e36b374e83e70008987c58.m3u8
Aftershock,https://jmp2.uk/plu-62e9184439d80c00076e166d.m3u8
Afterwork TV,https://jmp2.uk/plu-6915e0eda570568f53435398.m3u8
Afterwork TV,https://jmp2.uk/plu-6915e15ea570568f53438feb.m3u8
Afterwork TV,https://jmp2.uk/plu-68c01954f89c82a68b084a50.m3u8
AFTV (1080p),https://livestream.telvue.com/accframingham1/f7b44cfafd5c52223d5498196c8a2e7b.sdp/playlist.m3u8
AFV en Español (720p) [Not 24/7],https://linear-46.frequency.stream/dist/plex/46/hls/master/playlist.m3u8
AFV with Alfonso Ribeiro (1080p),https://d1o5yzickeowpa.cloudfront.net/playlist.m3u8
Agape TV (720p),https://5fc584f3f19c9.streamlock.net/agape/smil:agape.smil/playlist.m3u8
Aghani Aghani TV (1080p),https://cdn.streamlane.tv/hls/aghanitv/index.m3u8
Aghapy TV (1080p) [Not 24/7],https://5b622f07944df.streamlock.net/aghapy.tv/aghapy.smil/playlist.m3u8
AGR FM TV,https://tigocloud.desdeparaguay.net/agrtv/agrtv/playlist.m3u8
Agro TV (480p),https://restr2.bgtv.bg/agro/hls/agro.m3u8
Agro TV (720p),https://live-evg8.tv360.bitel.com.pe/bitel/agroSRT/playlist.m3u8
Agro TV (360p) [Not 24/7],https://agrotv.streamnet.ro/mobile_tv/agrotv.m3u8
AgroBrasil TV (720p) [Not 24/7],http://45.162.230.234:1935/agrobrasiltv/agrobrasiltv/playlist.m3u8
AgroCanal (720p),http://45.162.64.114/AGRO_CANAL/index.m3u8
AgroMais (720p),http://45.162.64.114/AGROMAIS/index.m3u8
Agrotendencia TV (1080p),https://5fc584f3f19c9.streamlock.net/agrotendencia/videoagrotendencia_hls1/playlist.m3u8
Aguacate TV (1080p),https://streamtv.intervenhosting.net:3040/hybrid/play.m3u8
Águila Roja,https://jmp2.uk/plu-6812206e1b3e3be031a5c363.m3u8
Aguila TV (1080p) [Not 24/7],https://fox.hostlagarto.com:8081/aguilatv/playlist.m3u8
Ahlulbayt TV (1080p),https://cd198.anystream.uk:8082/hls/abtv3ng/index.m3u8
Ahora TV (1080p) [Not 24/7],https://stream.haislin.com/ahoratv/index.m3u8
Ahsan TV,https://5bf7b725107e5.streamlock.net/ahsantv/ahsantv/playlist.m3u8
Aigaio TV (720p),https://fr.crystalweb.net:1936/aigaiotv/aigaiotv/playlist.m3u8
AION TV (1080p) [Not 24/7],https://edge.essastream.com/aiontelevision/playlist.m3u8
Aire de Santa Fe (1080p),https://unlimited1-us.dps.live/airedesantafetv/airedesantafetv.smil/playlist.m3u8
Ajman TV (1080p),https://cdn1.logichost.in/ajmantv/live/playlist.m3u8
Ajyal TV (720p),http://htvajyal.mada.ps:8888/ajyal/index.m3u8
Akaal Channel (396p) [Geo-blocked],https://cdn-globecast.akamaized.net/live/eds/akaal_tv/hls1_smart_akaal/akaal_tv.m3u8
Akaku 53 (Hawaii) (1080p),https://castus-vod-dev.s3.amazonaws.com/vod_clients/akaku/live/ch1/video.m3u8
Akaku 54 (Hawaii) (1080p),https://castus-vod-dev.s3.amazonaws.com/vod_clients/akaku/live/ch2/video.m3u8
Akaku 55 (Hawaii) (1080p),https://castus-vod-dev.s3.amazonaws.com/vod_clients/akaku/live/ch3/video.m3u8
AKC TV (1080p),https://broadcast.blivenyc.com/speed/broadcast/22/desktop-playlist.m3u8
AKC TV Meet The Breeds,https://install.akctvcontrol.com/speed/broadcast/139/desktop-playlist.m3u8
AKC TV Puppies 24/7,https://install.akctvcontrol.com/speed/broadcast/140/desktop-playlist.m3u8
AKD Calcutta News (1080p),https://live.legitpro.co.in/cnnnews/index.m3u8
Akili Kids!,https://m6.livecdn.io/akilikids.co.ke/akilikids.smil/playlist.m3u8
Aksu TV (720p),https://live.artidijitalmedya.com/artidijital_aksutv/aksutv/playlist.m3u8
AKTV (1080p) [Not 24/7],https://akativi.siar.us/live/akativi.m3u8
AL24 News,https://cdn.live.easybroadcast.io/abr_corp/66_al24_u4yga6h/corp/66_al24_u4yga6h_240p/chunks.m3u8
Al Alam (360p),https://live2.alalam.ir/alalam.m3u8
Al Alamiya 2,http://82.212.74.98:8000/live/7815.m3u8
Al Arabiya (1080p),https://live.alarabiya.net/alarabiapublish/alarabiya.smil/playlist.m3u8
Al Arabiya Business (1080p),https://live.alarabiya.net/alarabiapublish/aswaaq.smil/playlist.m3u8
Al Arabiya English (1080p),https://live.alarabiya.net/alarabiapublish/english/playlist_dvr.m3u8
Al Arabiya Programs (1280p),https://live.alarabiya.net/alarabiapublish/aaprograms.smil/playlist.m3u8
Al Araby TV (1080p),https://live.kwikmotion.com/alaraby1live/alaraby_abr/playlist.m3u8
Al Araby TV 2 (1080p),https://live.kwikmotion.com/alaraby2live/alaraby2.smil/playlist.m3u8
Al Ekhbariya (1080p),https://shd-gcp-live.edgenextcdn.net/live/bitmovin-al-ekhbaria/297b3ef1cd0633ad9cfba7473a686a06/index.m3u8
Al Ghad TV (1080p),https://eazyvwqssi.erbvr.com/alghadtv/alghadtv.m3u8
Al Hadath (1080p),https://shd-gcp-live.edgenextcdn.net/live/bitmovin-hadath/2ff87ec4c2f3ede35295a20637d9f8fd/index.m3u8
Al Hayat TV (720p),https://cdn3.wowza.com/5/OE5HREpIcEkySlNT/alhayat-live/ngrp:livestream_all/playlist.m3u8
Al Horreya TV (1080p),http://media.smc-host.com:1935/alhorreya.tv/mp4:alhorreya3/playlist.m3u8
Al Iraqia (1080p),https://imn-live.esite-lab.com/hls/iraqia-general.m3u8
Al Iraqia Kurdish (720p),https://imn-live.esite-lab.com/hls/iraqia-kurdish.m3u8
Al Iraqia News (720p),https://imn-live.esite-lab.com/hls/iraqia-news.m3u8
Al Iraqia Sport (720p),https://imn-live.esite-lab.com/hls/iraqia-sports-1.m3u8
Al Ittihad (552p) [Not 24/7],http://185.105.4.151:8080/_defapp_/ittihad/index.m3u8
Al Jadeed (1080p),http://185.9.2.18/chid_391/mono.m3u8
Al Janoub TV,https://live.alissahost.net/hls/test.m3u8
Al Jazeera (1080p),https://live-hls-apps-aja-fa.getaj.net/AJA/01.m3u8
Al Jazeera 2 (1080p),https://live-hls-web-aja2-gcp.thehlive.com/AJA2/index.m3u8
Al Jazeera Documentary (1080p) [Geo-blocked],https://live-hls-apps-ajd-fa.getaj.net/AJD/index.m3u8
Al Jazeera English (1080p),https://live-hls-apps-aje-fa.getaj.net/AJE/index.m3u8
Al Jazeera English HD (576p),http://stream.mcquack.net/131/index.m3u8
Al Jazeera Mubasher (1080p),https://live-hls-apps-ajm-fa.getaj.net/AJM/index.m3u8
Al Jazeera Mubasher 24 (1080p),https://live-hls-apps-ajm24-fa.getaj.net/AJM24/index.m3u8
Al Jazeera Mubasher Broadcast 2 (1080p),https://live-hls-apps-ajm2-fa.getaj.net/AJM2/index.m3u8
Al Maaref TV (1080p),https://bucharest.zeuscdn724.com/lb0/CH-AL-MA/index.m3u8
Al Madina (720p),https://streaming.zaytonatube.com:8081/AlMadinatv/almadina21/index.m3u8
Al Maghribia (1080p),http://185.9.2.18/chid_205/index.m3u8
Al Manar (576p) [Not 24/7],https://edge.fastpublish.me/live/index.m3u8
Al Masar TV (576p),https://starmenajo.com/hls/almasar/index.m3u8
Al Masirah (720p) [Not 24/7],https://live.cdnbridge.tv/Almasirah/Almasirah_all/playlist.m3u8
Al Masirah Mubacher (642p) [Not 24/7],https://live2.cdnbridge.tv/AlmasirahMubasher/Mubasher_All/playlist.m3u8
Al Masriyah (1080p),http://185.9.2.18/chid_247/index.m3u8
Al Mayadeen (576p),https://mdnlv.cdn.octivid.com/almdn/smil:mpegts.stream.smil/playlist.m3u8
Al Najah News (720p),https://streaming.najah.edu:8443/hls/AlNajah.m3u8
Al Qamar TV (1080p),https://streamer3.premio.link/alqamar/playlist.m3u8
Al Quran Al Kareem TV (720p),http://m.live.net.sa:1935/live/quran/gmswf.m3u8
Al Rafidain (720p) [Not 24/7],https://arrafidain.tvplayer.online/arrafidaintv/source/playlist.m3u8
Al Rasheed TV (1080p) [Not 24/7],https://media1.livaat.com/static/AL-RASHEED-HD/playlist.m3u8
Al Rayyan (1080p),https://alrayyancdn.vidgyor.com/pub-noalrayy3pwz0l/liveabr/playlist_dvr.m3u8
Al Rayyan Al Qadeem (1080p),https://alrayyancdn.vidgyor.com/pub-nooldraybinbdh/liveabr/playlist_dvr.m3u8
Al Resalah (1080p) [Geo-blocked],https://rotana.hibridcdn.net/rotananet/risala_net-7Y83PP5adWixDF93/playlist.m3u8
Al Ritmo del Jaripeo (720p),https://jmp2.uk/plu-68ba0910e1d03fec7d5c084f.m3u8
Al Riyadh Radio (1080p),https://live.kwikmotion.com/sbrksariyadhradiolive/srpksariyadhradio/playlist.m3u8
Al salir de clase,https://jmp2.uk/plu-65b91e530d9ab40008340d8d.m3u8
Al Saudiya (1080p),https://shd-gcp-live.edgenextcdn.net/live/bitmovin-saudi-tv/2ad66056b51fd8c1b624854623112e43/index.m3u8
Al Saudiya Alaan (1080p),https://shd-gcp-live.edgenextcdn.net/live/bitmovin-ksa-now/71ed3aa814c643306c0a8bc4fcc7d17f/index.m3u8
Al Shallal TV (1080p),https://amg01480-alshallalfze-alshallal-ono-q0hfg.amagi.tv/playlist.m3u8
Al Sharqiya (1080p),http://185.9.2.18/chid_144/index.m3u8
Al Sharqiya Min Kabla (1080p),https://svs.itworkscdn.net/kablatvlive/kabtv1.smil/playlist.m3u8
Al Sunnah Al Nabawiyah TV (720p),http://m.live.net.sa:1935/live/sunnah/gmswf.m3u8
Al Wilayah (720p),https://nl.livekadeh.com/hls2/alwilayah_tv.m3u8
Al Wousta TV (1080p),https://svs.itworkscdn.net/alwoustalive/alwoustatv.smil/playlist.m3u8
Al Yaum TV (1080p),https://hlspackager.akamaized.net/live/DB/ALYAUM_TV/HLS/ALYAUM_TV.m3u8
Al-Aimma TV (1080p),https://alaimma.tv/live/index.m3u8
Al-Bahjah TV (1080p),http://202.150.161.117:8000/play/AlBahjahTV
Al-Fady TV (1080p) [Not 24/7],https://5d658d7e9f562.streamlock.net/alfadytv.tv/alfadytv.smil/playlist.m3u8
Al-Iman TV (720p),https://tv.aliman.id/aliman/live.m3u8
Al-Jawadain TV (1080p) [Not 24/7],https://live.aljawadain.org/live/aljawadaintv/playlist.m3u8
Al-MahdiTV (1080p),https://iptv.almahditv.com/almahditv/playlist.m3u8
Al-Naeem TV,http://37.238.136.61/hls/stream.m3u8
Al-Sahat TV (720p),https://assahat.b-cdn.net/Assahat/assahatobs/index.m3u8
Al-Sharqiya News (1080p),https://5d94523502c2d.streamlock.net/alsharqiyalive/mystream/playlist.m3u8
Al-Souriya TV (1080p),https://shd-gcp-live.edgenextcdn.net/live/bitmovin-al-souriya-tv/e3150760fa5fd62776225433b8c3d406/index.m3u8
Al-Zahra TV Turkic (720p) [Not 24/7],https://live.al-zahratv.com/live/playlist.m3u8
Alabama Weather Network (720p),https://alwxnet-ott-proxy.cloud9streaming.com/alwxnet/live/playlist.m3u8
Alabbassia TV (1080p),https://stream.alabbassia.com/live/alabbassia/index.m3u8
Alacantí TV (576p) [Not 24/7],https://streaming01.gestec-video.com/hls/artequatreAlacanti.m3u8
Alalam News Channel Syria (1080p),http://live2.alalam.ir/live/Alalam/index.m3u8
Alanya Posta TV (1080p),https://api-tv3.yayin.com.tr/postatv/postatv/playlist.m3u8
Alaska y Mario,https://jmp2.uk/plu-69c51060ed1b1f1acb5092dc.m3u8
Alau TV (576p),https://otv.wotom.net/alau/stream.m3u8
Alawla TV,https://live.alawla.tv/hls/stream.m3u8
Alberto Sordi & Co (720p),https://253cf8b2.wurl.com/master/f36d25e7e52f1ba8d7e56eb859c636563214f541/UmFrdXRlblRWLWl0X1Jpc2F0ZWFsbGl0YWxpYW5hX0hMUw/playlist.m3u8
AlbKanale Music TV (1080p),https://albportal.net/albkanalemusic.m3u8
Alborz,https://ncdn.telewebion.ir/alborz/live/playlist.m3u8
AlbUK TV (1080p) [Not 24/7],http://albuk.dyndns.tv:1935/albuk/albuk.stream/playlist.m3u8
Alcance FM PLAY TV,https://video.wilohosting.com:19360/alcancefmtv/alcancefmtv.m3u8
Alcance TV (720p),https://5bf8041cb3fed.streamlock.net/AlcanceTV/AlcanceTV/playlist.m3u8
Alcance TV (720p),https://rv100.globalhost1.com:3516/live/tjjqdqurlive.m3u8
Alcarria TV (576p) [Not 24/7],http://217.182.77.27/live/alcarriatv-livestream.m3u8
Alcarrizos TV (720p) [Not 24/7],https://5790d294af2dc.streamlock.net/alcarrizostv/alcarrizostv/playlist.m3u8
Alegre TV RD (720p) [Not 24/7],https://streamunoapp.com:3149/live/alegretvlive.m3u8
Alegria TV (720p),https://lbgo.bozztv.com/ssh101/ssh101/confirmatv/playlist.m3u8
Aleph Business (1280p),https://streamw.m.ro/Aleph/ngrp:Alephbiz.stream_all/playlist.m3u8
Aleph News (720p),https://stream-aleph.m.ro/Aleph/ngrp:Alephnewsmain.stream_all/playlist.m3u8
Alert (576p) [Not 24/7],https://itv.streams.ovh/ALEERT/ALEERT/playlist.m3u8
Alerta Bogota (720p) [Geo-blocked],https://mdstrm.com/live-stream-playlist/69b2cdf98815b9b6c48c2532.m3u8
Alerta Cobra,https://jmp2.uk/plu-664c76d68ea5560008c6c7a4.m3u8
Alerte à Malibu,https://jmp2.uk/plu-60afaa535580be0007ac9ee4.m3u8
Alerte Cobra,https://jmp2.uk/plu-62f3e4bc08f5ec000744f552.m3u8
Alerth Alnabawi Channel (576p),http://82.212.74.2:8000/live/7307.m3u8
Alex Berlin (1080p),https://alex-stream.rosebud-media.de/bounce/alexlivetv50.smil/index.m3u8
Alfa & Omega Vision (480p) [Not 24/7],https://srv.panelcast.net/dorian/dorian/playlist.m3u8
Alfa Omega TV (1080p) [Not 24/7],https://aom-live.maghost.ro/aomTV/streams/OOztu5o9Fx6dh9mD1711027803849.m3u8
Alfa Sport (1080p) [Not 24/7],https://dev.aftermind.xyz/edge-hls/unitrust/alfasports/index.m3u8?token=%2A%2A%2A
Alföld TV (1080p),https://cloudfront41.lexanetwork.com:1344/relay01/livestream006.sdp/playlist.m3u8
Alfred Hitchcock Presents (1080p),https://xumo-xumoent-ch825-ku23q.fast.nbcuni.com/live/master.m3u8
Alghadeer TV (1080p),https://sd343444.vodu.store:3356/live/Alghadeer/index.m3u8
Alhaqeqa Aldawlia (1080p) [Not 24/7],https://ghaasiflu.online/alhqeqa/index.m3u8
Alhiwar TV (1080p) [Not 24/7],https://mn-nl.mncdn.com/alhiwar_live/smil:alhiwar.smil/playlist.m3u8
Alhurra (720p),https://mbn-ingest-worldsafe.akamaized.net/hls/live/2038900/MBN_Alhurra_Worldsafe_HLS/master.m3u8
Alhurra Iraq (720p),https://mbn-ingest-worldsafe.akamaized.net/hls/live/2038899/MBN_Iraq_Worldsafe_HLS/master.m3u8
Alice Nevers,https://jmp2.uk/plu-66d71f8ee5de930008016f83.m3u8
Alice Nevers,https://jmp2.uk/plu-66d9aa4315d2c60008d4ac40.m3u8
Alien Nation (1080p),https://linear-888.frequency.stream/dist/xumo/888/hls/master/playlist.m3u8
Alien Nation by DUST (1080p),https://aegis-cloudfront-1.tubi.video/baa32c24-e707-4bf8-9f81-d26eb6baa3dc/playlist.m3u8
Alien Nation by DUST (1080p),https://dqi7ayt2o24fn.cloudfront.net/playlist.m3u8
Aliento Vision (720p) [Not 24/7],https://627bb251f23c7.streamlock.net:444/Alientoenvivo/Alientoenvivo/playlist.m3u8
Alikhbaria Syria (1080p),http://185.9.2.18/chid_423/index.m3u8
Aliman TV (240p) [Not 24/7],https://svs.itworkscdn.net/alimanlive/imantv.smil/playlist.m3u8
Alistiqama TV (576p),https://jmc-live.ercdn.net/alistiqama/alistiqama.m3u8
Aliw Channel 23 (480p) [Not 24/7],https://streams.comclark.com/pknsd/aliw/playlist.m3u8
Alkarma TV Australia (1080p),https://5a8308add0b31.streamlock.net/alkarmatv.com/alkarmaau.smil/playlist.m3u8
Alkarma TV Family (1080p) [Not 24/7],https://58cc65c534c67.streamlock.net/alkarmatv.com/alkarmaNA2.smil/playlist.m3u8
Alkarma TV Middle East (1080p) [Not 24/7],https://58cc65c534c67.streamlock.net/alkarmatv.com/alkarmame1.smil/playlist.m3u8
Alkarma TV North America & Canada (1080p) [Not 24/7],https://5aafcc5de91f1.streamlock.net/alkarmatv.com/alkarmana1.smil/playlist.m3u8
Alkarma TV Praise (720p) [Not 24/7],https://58cc65c534c67.streamlock.net/alkarmatv.com/alkarmapa.smil/playlist.m3u8
Alkarma TV Talmaza (Discipleship) (1080p) [Not 24/7],https://58cc65c534c67.streamlock.net/alkarmatv.com/alkarmame2.smil/playlist.m3u8
Alkarma TV Youth & English (1080p) [Not 24/7],https://5aafcc5de91f1.streamlock.net/alkarmatv.com/alkarmaus.smil/playlist.m3u8
Alkass Four (1080p),https://liveeu-gcp.alkassdigital.net/alkass4-p/main.m3u8
Alkass One (1080p),https://liveeu-gcp.alkassdigital.net/alkass1-p/main.m3u8
Alkass SHOOF (1080p),https://liveeu-gcp.alkassdigital.net/shooflive/main.m3u8
Alkass SHOOF 2 (1080p),https://liveeu-gcp.alkassdigital.net/shooflive2/main.m3u8
Alkass Six (1080p),https://liveeu-gcp.alkassdigital.net/alkass6-p/main.m3u8
Alkass Three (1080p),https://liveeu-gcp.alkassdigital.net/alkass3-p/main.m3u8
Alkass Two (1080p),https://liveeu-gcp.alkassdigital.net/alkass2-p/main.m3u8
Alkhuzama Radio (1080p),https://live.kwikmotion.com/sbrksakhuzamaradiolive/srpkhuzama/playlist.m3u8
All Babies Channel (720p),https://d390zi2w1jc4t4.cloudfront.net/master.m3u8
All exclusive,https://jmp2.uk/plu-6577224bb3801200084865d6.m3u8
All My Children,https://jmp2.uk/plu-69b03041cafd86d9dc5763c3.m3u8
All Out Reality (1080p),https://d3kyucsyhwa3ht.cloudfront.net/All_Out_Reality.m3u8
All Reality WE tv (720p),https://jmp2.uk/plu-5e82530945600e0007ca076c.m3u8
All Time Movies (576p),http://103.175.73.12:8080/live/54/54_0.m3u8
All Weddings We TV (720p) [Geo-blocked],https://pb-amiq9wz02dhco.akamaized.net/playlist.m3u8
ALLBLK Gems (720p),https://df1zke3zj042m.cloudfront.net/playlist.m3u8
Alle hassen Chris,https://jmp2.uk/plu-622f6e1e2792150007e0b2ff.m3u8
Allgäu TV (1080p),https://stream01.welocal.stream/stream/fhd-allgaeutv_25679/ngrp:stream_all/playlist.m3u8
AllHipHop (720p),https://stream.ads.ottera.tv/playlist.m3u8?content_livestream=1&network_id=11877
Allo Cine (1080p),https://d1yl6bf4hrzbr0.cloudfront.net/v1/master/3722c60a815c199d9c0ef36c5b73da68a62b09d1/cc-5km3zs4zs9sp0/allo.m3u8
Allociné (720p),https://jmp2.uk/plu-6618e3037bcd8600089b62a8.m3u8
ALLTV2 (480p) [Not 24/7],https://streams.comclark.com/pknsd/alltv/playlist.m3u8
Alma TV (576p),http://151.0.207.99:1935/AlmaTv/AlmaTv/playlist.m3u8
Almagd TV Middle East (1080p) [Not 24/7],https://597f64b67707a.streamlock.net/almagd.tv/almagd.smil/playlist.m3u8
Almagd TV North America (1080p),https://5aafcc5de91f1.streamlock.net/almagd.tv/almagd.smil/playlist.m3u8
Almahriah TV (576p),https://starmenajo.com/hls/almahriah/index.m3u8
Alone By History (720p),https://d3181anftsyl2u.cloudfront.net/v1/aenetworks_alone_1/samsungheadend_us/latest/main/hls/playlist.m3u8
Alpe d’Huez TV (720p) [Not 24/7],https://edge13.vedge.infomaniak.com/livecast/ik:adhtv/manifest.m3u8
Alpha Channel (720p),https://5b01a3d32b65c.streamlock.net:1936/tvalpha/tvalpha/playlist.m3u8
alpha Cinema (1080p),https://live.15plusmg.ru/memfs/b389173a-df4e-4171-8904-e249893e71eb.m3u8
Alpha Digital (480p),https://streamfi-alphatvdgtl1.zettawiseroutes.com:8181/hls/stream.m3u8
Alpha TV (1080p),https://alphatvlive2.siliconweb.com/alphatvlive/live_abr/playlist.m3u8
Alpo TV,https://vs.sednastream.com:1936/alportv/alportv/playlist.m3u8
Alquran (1080p),https://ktvlive.online/stream/hls/ch1.m3u8
Alsacias Televisión (ATV | Canal 28) (720p),https://s.emisoras.tv:8081/atv/index.m3u8
Alsat [Geo-blocked],https://vipottbpkstream.vip.hr/Content/onevip-hls/Live/Channel(Alsat_M)/index.m3u8
Alt Media TV,https://video.hostingcaaguazu.com:19360/altmedia/altmedia.m3u8
Altaghier TV (1080p),https://jmc-live.ercdn.net/altaghier/altaghier.m3u8
Altanto TV (1080p) [Not 24/7],https://stream.haislin.com/ls_j3BOKxBbUJ/index.m3u8
Altas TV (1080p),https://edge1.socialsmart.tv/altastv/bant1/playlist.m3u8
Altena TV (720p),https://dnx1f4sl30ba2.cloudfront.net/nlpo/clr-nlpo/altenatv/index.m3u8
Altenburg TV (1080p),https://58de7a369a9c4.streamlock.net/abgtv/abgtv_1080p/playlist.m3u8
Alterna TV (720p) [Not 24/7],https://tv.alterna.ar/stream/hls/live.m3u8
Alternativa TV (720p),https://live20.bozztv.com/giatv/giatv-alternativatv/alternativatv/playlist.m3u8
Althania (1080p),https://live.kwikmotion.com/syriatv02live/syriatv02.smil/playlist.m3u8
Althaqalayn TV,http://77.36.160.164:1935/live4/thaghalayn/playlist.m3u8
Althingi (1080p) [Not 24/7],https://althingi-live.secure.footprint.net/althingi/live/index.m3u8
Alto Adige TV (720p),https://5f204aff97bee.streamlock.net/AltoAdigeTV/livestream/playlist.m3u8
Altura TV (720p),https://live-evg10.tv360.bitel.com.pe/bitel/urbanatv/playlist.m3u8
ALTV (1080p),https://thaipbs-ujxrch.cdn.byteark.com/live/playlist_1080p/index.m3u8
Altyn Asyr (406p) [Not 24/7],https://alpha.tv.online.tm/hls/ch001.m3u8
Alvin Channel TV (360p) [Not 24/7],https://cdn10-alvinchannel.yayin.com.tr/alvinchannel/alvinchannel/playlist.m3u8
Alwafa Tarim TV (Am Media) (720p),https://ammedia.siar.us/ammedia/live/playlist.m3u8
Always Funny,https://jmp2.uk/plu-69eaa34817801c84fca05d94.m3u8
Always Funny Videos (720p),https://d24l3uppudokci.cloudfront.net/playlist.m3u8
Alwesam TV (1080p),https://stream.addresses-sat.com/Alwesam/index.m3u8
ALWifak News TV (720p),http://alwifaklive.info:1935/live/myStream/playlist.m3u8
AM Canal,https://streaming.bitsur.cl:3534/live/vdo1102live.m3u8
Amaga Television (720p),https://viewhn.com/amagatelevision/sdfUYWKegHKRPpSirG/playlist.m3u8
Amani TV (1080p) [Not 24/7],https://goccn.cloud/hls/amanitv/index.m3u8
Amarin TV,https://lb1-live-mv.v2h-cdn.com/hls/ffad/vibomi/vibomi.m3u8
AmarUjala (1080p),https://amarujala.ottlive.co.in/amarujala/index.m3u8
Amasia (720p),https://splendid-film-amasia-1-eu.rakuten.wurl.tv/playlist.m3u8
Amazing Discoveries TV (720p),https://uni01rtmp.tulix.tv/amazingdtv/amazingdtv/playlist.m3u8
Amazing Facts TV (1080p),https://hlspackager.akamaized.net/live/DB/AMAZING_FACTS/HLS/AMAZING_FACTS.m3u8
Amazon Sat (1080p),https://amazonsat.brasilstream.com.br/hls/amazonsat/index.m3u8
Amazonia TV,https://servilive.com:3199/live/amazoniatvlive.m3u8
Amazonica TV (720p),https://live-evg8.tv360.bitel.com.pe/bitel/amazonicatvSRT/playlist.m3u8
AMC (1080p),https://amchls.wns.live/hls/stream.m3u8
AMC (720p),http://23.239.31.26:8989/amc/index.m3u8
AMC Absolute Reality,https://amc-absolutereality-1-us.plex.wurl.tv/playlist.m3u8
AMC Cupid (1080p),https://a9c2affc.wurl.com/master/f36d25e7e52f1ba8d7e56eb859c636563214f541/U2Ftc3VuZy1nYl9BTUNDdXBpZF9ITFM/playlist.m3u8
AMC East (720p),http://190.11.225.124:5000/live/amc_hd/playlist.m3u8
AMC en Español (720p) [Geo-blocked],https://pb-fmbyorn1d0n1n.akamaized.net/v1/amc_amcespanol_3/samsungheadend_us/latest/main/hls/playlist.m3u8
AMC Europe,https://dokagents.site/live/amc/mono.m3u8
AMC Europe Bulgary,http://212.70.131.37:8000/play/a05k
AMC Europe Czech Republic,http://88.212.15.19/live/test_amc_25p/playlist.m3u8
AMC Europe Hungary,http://88.212.15.19/live/amc_hun/index.m3u8
AMC Latin America (1080p),http://15.204.246.24:8080/AMCHD/index.m3u8
AMC Latin America (1080p),http://45.171.108.253:8888/AMC/index.m3u8
AMC Latin America Brazil (720p),http://170.83.49.66:8083/AMCHD/index.m3u8
AMC Reality (1080p),https://c9672376.wurl.com/master/f36d25e7e52f1ba8d7e56eb859c636563214f541/U2Ftc3VuZy1nYl9BTUNSZWFsaXR5X0hMUw/playlist.m3u8
Ame 47 (576p),https://ss2.tvrdomi.com:1936/ame47/ame47/playlist.m3u8
Amedia 1 (576p),http://31.148.48.15/A1/index.m3u8
Amedia 2 (576p),http://31.148.48.15/A2/index.m3u8
Amedia Hit (1080p),http://stream.mcquack.net/162/index.m3u8
Amedia Premium (720p),http://31.148.48.15/Amedia_Premium_HD/index.m3u8
América Estéreo Guayaquil (360p),https://video.makrodigital.com/americaestereoguayaquil/americaestereoguayaquil/playlist.m3u8
América Estéreo Ibarra (720p),https://video.makrodigital.com/americaestereoibarra/americaestereoibarra/playlist.m3u8
América Estéreo Quito (1080p),https://video.makrodigital.com/americaestereoquito/americaestereoquito/playlist.m3u8
América Estéreo Tulcán (614p),https://video.makrodigital.com/americaestereotulcan/americaestereotulcan/playlist.m3u8
America Television (1080p),http://45.171.108.253:8888/AMERICA/index.m3u8
América TeVé (1080p),https://live.gideo.video/americateve2/master.m3u8
America TV (1080p),http://playcom.trapemn.tv:1935/transcoderip/america.stream/playlist.m3u8
America's Boating Channel (1080p),https://streams2.sofast.tv/v1/master/611d79b11b77e2f571934fd80ca1413453772ac7/04c3a27e-c2a0-420b-8eef-7dae9ab93056/manifest.m3u8
America's Funniest Home Videos (720p),https://jmp2.uk/plu-69172f1699758a0f03459c5b.m3u8
America's Funniest Home Videos (720p),https://jmp2.uk/plu-69143e3abb69fb3258ba4944.m3u8
America's Funniest Home Videos (720p),https://jmp2.uk/plu-69143e7b0d121b44adfa1ff9.m3u8
America's Funniest Home Videos,https://jmp2.uk/plu-69143de2a570568f53230cab.m3u8
America's Funniest Home Videos,https://jmp2.uk/plu-690dc8ed1ee9b6ac66607ce2.m3u8
America's Funniest Home Videos,https://jmp2.uk/plu-691cf0410a78a9ce61ad2121.m3u8
America’s Funniest Home Videos (1080p),https://d1mp1kdk5zi1ie.cloudfront.net/playlist.m3u8
America's Got Talent (1080p),https://d2mexh8isep4mf.cloudfront.net/AmericasGotTalent_GB.m3u8
America's Got Talent (720p),https://d1i40wgstaij6f.cloudfront.net/webvtt/v1/18584c3f3a2a4df8/88886062/master.m3u8
America's Next Top Model,https://jmp2.uk/plu-686cd84603ad75cfd132d672.m3u8
America's Next Top Model,https://jmp2.uk/plu-6464cc595a0cd500088c7749.m3u8
America's Next Top Model,https://jmp2.uk/plu-6464cd7c7cb4b100086c71c9.m3u8
America's Next Top Model,https://jmp2.uk/plu-6464cdcaee6a2f000822a7a8.m3u8
America's Next Top Model,https://jmp2.uk/plu-68679fc6bb46d0bdd38ac9a4.m3u8
America's Next Top Model,https://jmp2.uk/plu-68757c45759366af05b3b199.m3u8
America's Test Kitchen (1080p) [Geo-blocked],https://pb-zwcfuzg8t5abc.akamaized.net/Americas_Test_Kitchen.m3u8
America's Voice (720p),https://content.uplynk.com/channel/26bd482ffe364a1282bc3df28bd3c21f.m3u8
America's Voice News (720p),https://jmp2.uk/plu-5e1f7da4bc7d740009831259.m3u8
American Crime Channel,https://d39g1vxj2ef6in.cloudfront.net/v1/master/3fec3e5cac39a52b2132f9c66c83dae043dc17d4/prod-rakuten-stitched/master.m3u8?ads.xumo_channelId=88883104
American Crimes (1080p),https://xumo-xumoent-vc-113-at8kn.fast.nbcuni.com/live/master.m3u8
American Crimes (1080p) [Geo-blocked],https://pb-kdyzf3w51y7oz.akamaized.net/master.m3u8
American Crimes (720p),https://jmp2.uk/plu-65492fc7056b9700088560b5.m3u8
American Horrors (480p),http://107.167.7.162:8081/playlist/amhor/playlist.m3u8
American Idol (1080p),https://d2yn8dyffvmgy.cloudfront.net/AmericanIdol_GB.m3u8
American Ninja Warrior (1080p),https://xumo-drct-ch812-n4996.fast.nbcuni.com/live/master.m3u8
American Pickers,https://jmp2.uk/plu-6408ae8f9b39550008caf94f.m3u8
American Pickers by History (1080p) [Geo-blocked],https://pb-k9ikw6ov8z4qi.akamaized.net/American_Pickers_by_History.m3u8
American Stories (1080p),https://linear-1016.frequency.stream/dist/stirr/1016/hls/master/playlist.m3u8
American Stories (720p),https://a-cdn.klowdtv.com/live2/asn/playlist.m3u8
Ameritrade (1080p) [Not 24/7],https://tdameritrade-vizio.amagi.tv/playlist.m3u8
AMG TV (1080p),https://2-fss-2.streamhoster.com/pl_138/201660-1270634-1/playlist.m3u8
Amga TV (720p) [Not 24/7],https://streamer1.connectto.com/AMGA_WEB_1202/playlist.m3u8
Amigos TV Chiquimula (480p),https://antmedia.cablevisionrobles.com:5443/LiveApp/streams/CqwAgRagMvBNYN8c1731608980342.m3u8
Amitel TV (720p),https://stv2.boliviaplay.com.bo/hls/stream.m3u8
Amman TV (720p),https://ammantv-live.ercdn.net/ammantvhd/ammantvhd.m3u8
Amou Yazid TV (576p),http://mkstream.servehttp.com:1940/AmouYazid/ay1/playlist.m3u8
Amouzesh,https://ncdn.telewebion.ir/amouzesh/live/playlist.m3u8
Amozhgary TV,https://app-live.org/live/3268334b/index.m3u8
Amrita TV (720p),https://ddash74r36xqp.cloudfront.net/master.m3u8
Amu TV,https://jmc-live.ercdn.net/amutv/amutv.m3u8
AMusic Channel (720p),http://mn-nl.mncdn.com/amusictv/amusicsrt.stream/playlist.m3u8
AMX Noticias (720p) [Not 24/7],https://5e50264bd6766.streamlock.net/mexiquense2/videomexiquense2/playlist.m3u8
An Giang TV1 (1080p) [Geo-blocked],https://tv.angiangtv.vn/live/kgtv/kgtv.m3u8
An Giang TV2 (1080p) [Geo-blocked],https://tv.angiangtv.vn/live/kgtv2/kgtv2.m3u8
An Giang TV3 (1080p) [Geo-blocked],https://tv.angiangtv.vn/live/kgtv1/kgtv1.m3u8
Ana y los 7,https://jmp2.uk/plu-5f1acce7f17797000718f9be.m3u8
Anadolu Net TV (1080p),https://live.artidijitalmedya.com/artidijital_anadolunet/anadolunet/playlist.m3u8
Anand TV (1080p),https://live.legitpro.co.in/anandtv/index.m3u8
Anand TV (720p) [Not 24/7],https://live-anandtv.anandmedia.net/anandtvapp/anandtv/index.m3u8
Ananda Barta (720p),https://account19.livebox.co.in/Anandabarta2hls/live.m3u8
Ananda TV (480p),http://103.99.249.139/anandatv/index.m3u8
ANB News (720p),https://server.livelegitpro.in:9899/anbnews/anbnews/index.m3u8
ANC (480p),https://streams.comclark.com/pknsd/anc/playlist.m3u8
ANC Television (720p),https://live.amelbatv.co:81/anctvlive/index.m3u8
Ancient Aliens (720p),https://jmp2.uk/plu-6887a8fd8e92b5e0a7244e88.m3u8
Ancient Aliens (720p) [Geo-blocked],https://pb-pp8kvdgef1gx5.akamaized.net/v1/ae_networks_ancientaliens_1/samsungheadend_us/latest/main/hls/playlist.m3u8
Andes Television (720p),https://live-evg7.tv360.bitel.com.pe/bitel/andestvSRT/playlist.m3u8
Andina RTV (720p),https://live-evg8.tv360.bitel.com.pe/bitel/andinatvSRT/playlist.m3u8
Ando TV (1080p),http://play.kankanlive.com/live/1711956137852982.m3u8
Andorra TV (1080p),https://livesg1.rtva.hiway.media/11a6d6f4-ee13-47c7-9c27-7313cf5424e2/manifest.m3u8
Andromeda,https://jmp2.uk/plu-6850335b5965a2fd49f7e36d.m3u8
Andromeda,https://jmp2.uk/plu-5e8db96bccae160007c71eec.m3u8
Andromeda Italy (720p),https://jmp2.uk/plu-60802d37ee238e0007c94e64.m3u8
Andy Haryana (576p),https://mumt03.tangotv.in/Dsly5z3HANDYHARYANA/index.m3u8
AnewZ,https://53be5ef2d13aa.streamlock.net/cubesanewz-secure/smil:cubesanewz-secure-web.smil/playlist.m3u8
Angel TV (720p),https://janya-digimix.akamaized.net/vglive-sk-394914/india/ngrp:angelindia_all/playlist.m3u8
Angel TV Africa (720p),https://janya-digimix.akamaized.net/vglive-sk-904559/africa/ngrp:angelafrica_all/playlist.m3u8
Angel TV America (720p),https://janya-digimix.akamaized.net/vglive-sk-374850/america/ngrp:angelamerica_all/playlist.m3u8
Angel TV Arabia (720p),https://janya-digimix.akamaized.net/vglive-sk-213167/arabia/ngrp:angelarabia_all/playlist.m3u8
Angel TV Australia (720p),https://janya-digimix.akamaized.net/vglive-sk-310787/australia/ngrp:angelaustralia_all/playlist.m3u8
Angel TV Chinese (720p),https://janya-digimix.akamaized.net/vglive-sk-999451/chinese/ngrp:angelchinese_all/playlist.m3u8
Angel TV Europe (720p),https://janya-digimix.akamaized.net/vglive-sk-512011/europe/ngrp:angeleurope_all/playlist.m3u8
Angel TV FarEast (720p),https://janya-digimix.akamaized.net/vglive-sk-438760/fareast/ngrp:angelfareast_all/playlist.m3u8
Angel TV Hebrew (720p),https://janya-digimix.akamaized.net/vglive-sk-150533/hebrew/ngrp:angelhebrew_all/playlist.m3u8
Angel TV Indo-China (720p),https://janya-digimix.akamaized.net/vglive-sk-703035/indochina/ngrp:angelindochina_all/playlist.m3u8
Angel TV Indonesia (720p),https://janya-digimix.akamaized.net/vglive-sk-234616/indonesia/ngrp:angelindonesia_all/playlist.m3u8
Angel TV Nepal (720p),https://janya-digimix.akamaized.net/vglive-sk-109639/nepali/ngrp:angelnepali_all/playlist.m3u8
Angel TV Portuguese (720p),https://janya-digimix.akamaized.net/vglive-sk-382409/portuese/ngrp:angelportuguese_all/playlist.m3u8
Angel TV Russian (720p),https://janya-digimix.akamaized.net/vglive-sk-955415/russia/ngrp:angelrussia_all/playlist.m3u8
Angel TV Spanish (720p),https://janya-digimix.akamaized.net/vglive-sk-351398/spanish/ngrp:angelspanish_all/playlist.m3u8
Angelus TV (1080p),https://video.angelustv.ro/hls/angelustv.m3u8
Anger Management Channel (1080p),https://amg00353-lionsgatestudio-angermgmt-samsungau-o9jg9.amagi.tv/playlist/amg00353-lionsgatestudio-angermgmt-samsungau/playlist.m3u8
Anhui TV,https://restream.pdtvhd.com/memfs/c1cd2ed0-3b2b-4c25-af98-a7fb0b1eb130.m3u8
Ani (576p),http://46.32.176.50/anitv/index.m3u8
ANIMAL KINGDOM (720p),https://cdn6.goprimetime.info/feed/202306140918/LC18/index.m3u8
Animation+ (1080p) [Geo-blocked],https://pb-ioe9d0fpkd6pp.akamaized.net/playlist.m3u8
Animax Asia India (1080p) [Geo-blocked],https://amg02159-kcglobal-amg02159c1-samsung-in-521.playouts.now.amagi.tv/playlist/amg02159-kcglobal-animax-samsungin/playlist.m3u8
Anime Vision (1080p),https://d1ujfw1zyymzyd.cloudfront.net/v1/master/3722c60a815c199d9c0ef36c5b73da68a62b09d1/cc-a6fukwkbxmex8/live/fast-channel-animevision-64527ec0/fast-channel-animevision-64527ec0.m3u8
Anime Vision Classics (1080p),https://d82pyvmcw2kdc.cloudfront.net/v1/master/3722c60a815c199d9c0ef36c5b73da68a62b09d1/cc-swfivzrzwamaq/live/fast-channel-animevisionclassics-efc8dc6d/fast-channel-animevisionclassics-efc8dc6d.m3u8
ANIME x HIDIVE (720p) [Geo-blocked],https://d3f088nnrrvkwf.cloudfront.net/v1/amc_anime_x_hidive_1/samsungheadend_us/latest/main/hls/playlist.m3u8
Anime Zone TV (480p),http://animezonetv.net/hls/stream.m3u8
Aniplus Asia (720p),https://amg18481-amg18481c1-amgplt0352.playout.now3.amagi.tv/playlist/amg18481-amg18481c1-amgplt0352/playlist.m3u8
Anixe + (360p),https://ma.anixa.tv/clips/stream/anixesd/index.m3u8
Anixe HD Serie (360p),https://ma.anixa.tv/clips/stream/anixehd/index.m3u8
Anjan TV (720p),https://anjan.vstream.online/anjanorg/ngrp:anjan_hdall/playlist.m3u8
Anmol Cinema (576p),http://103.175.73.12:8080/live/271/271_0.m3u8
Anmol Cinema 2 (576p),http://103.175.73.12:8080/live/257/257_0.m3u8
Anmol TV (576p),http://103.175.73.12:8080/live/256/256_0.m3u8
Anshun Comprehensive News Channel,https://hplayer1.juyun.tv/camera/154379194.m3u8
ANT1 (1080p) [Geo-blocked],https://mcdn.antennaplus.gr/live/media0/Ant1/HLS/Ant1.m3u8
ANT1 Cyprus (1080p),http://l2.cloudskep.com/ant1cm2/abr/playlist.m3u8
Antares Televisión (720p) [Not 24/7],https://5c3fb01839654.streamlock.net:1963/iptvantares/liveantarestv/playlist.m3u8
Antena 1 (1080p),http://bantel-cdn1.iptvperu.tv:1935/btnscrtn/antenauno.stream/playlist.m3u8
Antena 3 Internacional,http://177.10.184.193:8000/play/a06a/index.m3u8
Antena 7 (480p),https://d3gie3ig6argu.cloudfront.net/ts:abr.m3u8
Antena 21 (480p),https://d1ypfac91iuc9g.cloudfront.net/ts:abr.m3u8
Antena International (720P),https://stream1.antenaplay.ro/as/asrolive1/playlist.m3u8
Antena Monden (720p),https://stream1.antenaplay.ro/live/AntenaMonden/playlist.m3u8
Antena Seis TV (720p) [Geo-blocked],https://video1.azulstream.com:8081/antenaseistv/index.m3u8
Antena SUR (720p),https://cloudpro.servidoresdestream.com:8081/8010/index.m3u8
Antena TV,https://5ca9af4645e15.streamlock.net/grd/videogrd/playlist.m3u8
Antena Uno RadioVideo (360p),https://tvdatta.com:3578/live/antenaunolive.m3u8
Antenna 2 TV (720p),https://58f12ffd2447a.streamlock.net/Antenna2/livestream/playlist.m3u8
Antenna Sud (720p),https://live.antennasudwebtv.it:9443/hls/vod.m3u8
Antenna Sud Extra (720p),https://live.antennasudwebtv.it:9443/hls/vod92.m3u8
Antenna Tre Veneto (480p) [Geo-blocked],https://59d8c0cee6f3d.streamlock.net/antennatreveneto/antennatreveneto.stream/playlist.m3u8
Antenne A,http://51.254.199.122:8080/antenne_a-plus/index.m3u8
Antenne Kaernten (720p),https://60efd7a2b4d02.streamlock.net/a_kaernten/ngrp:livestream_all/playlist.m3u8
Antenne Réunion (720p) [Not 24/7],https://live-antenne-reunion.zeop.tv/live/c3eds/antreunihd/hls_fta/antreunihd.m3u8?location=ZEOP01
Antenne Steiermark (720p),https://60efd7a2b4d02.streamlock.net/a_steiermark/ngrp:livestream_all/playlist.m3u8
Antenne Vorarlberg (720p) [Not 24/7],https://5857db5306b83.streamlock.net/antennevorarlberg-live/_definst_/mp4:livestream/playlist.m3u8
Anthony Bourdain: Parts Unknown,https://jmp2.uk/plu-69173ce8abd4703b27f71d44.m3u8
Antik Info TV (1080p),https://dash4.antik.sk/live/test_infokanal_tizen/playlist.m3u8
Antiques Road Show UK (720p),https://jmp2.uk/plu-638e10de75c3a30007092693.m3u8
Antiques Roadshow PBS (1080p),https://amg00953-pbsusa-antiroadshow-xumo-x6ud5.amagi.tv/playlist.m3u8
Antiques Roadshow UK (1080p),https://bbc-antiquesroadshowuk-1-us.roku.wurl.tv/playlist.m3u8
Antofagasta TV (ATV) (1080p),https://unlimited6-cl.dps.live/atv/atv.smil/playlist.m3u8
ANTV (1080p),https://liveh12.vtvprime.vn/hls/ANNINHTV/index.m3u8
ANTV (720p),http://103.58.160.157:8278/720-ANTV/playlist.m3u8
Anwar TV2 (720p),https://cloud.odysee.live/content/f92670235a1ce2bce4cf77671cc4dcc2188baa1d/master.m3u8
Anzoátegui TV (360p) [Not 24/7],https://vcp2.myplaytv.com/anzoateguitv/anzoateguitv/playlist.m3u8
AP TV,https://59nyqg8elwap-hls-live.5centscdn.com/APTV/85c20905211659d143febd7c32592ee0.sdp/playlist.m3u8
APA Tv (1080p),http://stream.apa.tv/apastream/index.m3u8
apart TV (1080p),https://2-fss-2.streamhoster.com/pl_124/206820-4338160-1/playlist.m3u8
Apna Channel (576p),http://115.42.65.142:9981/stream/channelid/1273966657
Apna Punjab TV (720p),https://plus.gigabitcdn.net/live-stream/apna-punjab-H3sE/playlist.m3u8
Apostol TV (576p),https://live.apostoltv.hu/live/playlist.m3u8
Apostrophe TV (1080p),https://ext.cdn.nashnet.tv/228.0.2.165/index.m3u8
Approval TV (720p),https://live.approvaltv.com/approvaltv/index.m3u8
Apsara TV11 (720p),https://live.ams.com.kh/app/stream/playlist.m3u8
Apsua TV,https://gcmx3v3owcj.a.trbcdn.net/livemaster/ba7pu_fgej0zelpw.smil/playlist.m3u8?blstid=null
APTN Beyond (720p),https://jmp2.uk/plu-68b9afd66985e192657a2b7f.m3u8
Aqjaiyq (576p),https://stream.kaztrk.kz/regional/oraltv/index.m3u8
Aqlvoy,https://stream8.cinerama.uz/1205/tracks-v1a1/mono.m3u8
Aqtóbe (576p),https://stream.kaztrk.kz/regional/aktobetv/index.m3u8
Aqui No Hay Quien Viva [_Geo-blocked_],https://fast-channels.atresmedia.com/161689f1897ccaaef9a6039cc591f292b259b62e/648ef3951756b0e425af83cc/648ef3951756b0e425af83cc/3.m3u8
Ara,https://ncdn.telewebion.ir/ara/live/playlist.m3u8
Arabí TV (1080p),https://streamtv2.elitecomunicacion.cloud:3628/live/arabitv2025live.m3u8
Arabica TV (720p),http://istream.binarywaves.com:8081/hls/arabica/playlist.m3u8
Aradana TV (576p),https://cdn-1.pishow.tv/live/961/master.m3u8
Aragon TV Internacional (720p) [Not 24/7],https://cartv.streaming.aranova.es/hls/live/aragontv_canal1.m3u8
Araruna TV,https://video05.logicahost.com.br/ararunatv/ararunatv/playlist.m3u8
ARAS TV (576p) [Not 24/7],http://1.rtmp.org/tv217/yayin.stream/playlist.m3u8
Aratu On,https://cdn.live.br1.jmvstream.com/w/LVW-9359/LVW9359_XSyReL0QVf/playlist.m3u8
Arax TV,https://araxhls.wns.live/hls/stream.m3u8
Árbol de Vida TV (240p) [Not 24/7],https://yupistream.top:19360/livearbol/livearbol.m3u8
Archivos Extraterrestres,https://jmp2.uk/plu-645d1abbe1979c0008779d5a.m3u8
Archivos Forenses,https://jmp2.uk/plu-5f984f4a09e92d0007d74647.m3u8
ARD-alpha (720p),https://mcdn.br.de/br/fs/ard_alpha/hls/de/master.m3u8
ARDB TV (1080p) [Not 24/7],https://ardbtv.ardb.com.kh:8443/tv-live/tv-online.m3u8
Are We There Yet? (1080p),https://amg00353-lionsgatestudio-arewethereyet-samsunguk-6h2ju.amagi.tv/playlist/amg00353-lionsgatestudio-arewethereyet-samsunguk/playlist.m3u8
Are You The One?,https://jmp2.uk/plu-61c091c39863900007ac9e8f.m3u8
Are You The One?,https://jmp2.uk/plu-61c1db8ed6d97900076ea15c.m3u8
Are You The One?,https://jmp2.uk/plu-61c0ac242bb0cf0007015f89.m3u8
Arena Fight (1080p),https://nl1.nghk.ai/ArenaFight/index.m3u8
Arena Sport 1 (1080p),https://nl1.nghk.ai/ArenaSport1BH/index.m3u8
Arena Sport 1 (720p),https://nl1.nghk.ai/AS1HRHD/index.m3u8
Arena Sport 1 (1080p),https://nl1.nghk.ai/ArenaSport1HD/index.m3u8
Arena Sport 1,http://88.212.15.19/live/test_arenasport/playlist.m3u8
Arena Sport 1 Premium (720p),https://nl1.nghk.ai/ArenaPremium1HD/index.m3u8
Arena Sport 2 (1080p),https://nl1.nghk.ai/ArenaSport2BH/index.m3u8
Arena Sport 2 (720p),https://nl1.nghk.ai/AS2HRHD/index.m3u8
Arena Sport 2 (1080p),https://nl1.nghk.ai/ArenaSport2HD/index.m3u8
Arena Sport 2,http://88.212.15.19/live/test_arenasport_dva/playlist.m3u8
Arena Sport 2 Premium (1080p),https://nl1.nghk.ai/ArenaPremium2HD/index.m3u8
Arena Sport 3 (720p),https://nl1.nghk.ai/ArenaSport3BH/index.m3u8
Arena Sport 3 (1080p),https://nl1.nghk.ai/AS3HRHD/index.m3u8
Arena Sport 3 (720p),https://nl1.nghk.ai/ArenaSport3HD/index.m3u8
Arena Sport 3 Premium (1080p),https://nl1.nghk.ai/ArenaPremium3HD/index.m3u8
Arena Sport 4 (1081p),https://7nyaler.streamhostingcdn.top/stream/67/index.m3u8
Arena Sport 4 (1080p),https://nl1.nghk.ai/AS4HRHD/index.m3u8
Arena Sport 4 (1080p),https://nl1.nghk.ai/ArenaSport4HD/index.m3u8
Arena Sport 4 Premium (1080p),https://nl1.nghk.ai/SK1SRHD/index.m3u8
Arena Sport 5 (720p),https://nl1.nghk.ai/AS5HRHD/index.m3u8
Arena Sport 5 (1080p),https://nl1.nghk.ai/ArenaSport5HD/index.m3u8
Arena Sport 5 BH (1080p),https://nl1.nghk.ai/ArenaSport5BH/index.m3u8
Arena Sport 5 Premium,https://nl1.nghk.ai/SK2SRHD/index.m3u8
Arena Sport 6 (720p),https://nl1.nghk.ai/AS6HRHD/index.m3u8
Arena Sport 6 (1080p),https://nl1.nghk.ai/ArenaSport6HD/index.m3u8
Arena Sport 7 (720p),https://nl1.nghk.ai/AS7HRHD/index.m3u8
Arena Sport 7 (720p),https://nl1.nghk.ai/ArenaSport7HD/index.m3u8
Arena Sport 8 (1080p),https://nl1.nghk.ai/AS8HRHD/index.m3u8
Arena Sport 8 (720p),https://nl1.nghk.ai/ArenaSport8HD/index.m3u8
Arena Sport 9 (1080p),https://nl1.nghk.ai/AS9HRHD/index.m3u8
Arena Sport 9 (720p),https://nl1.nghk.ai/ArenaSport9HD/index.m3u8
Arena Sport 10 (720p),https://nl1.nghk.ai/AS10HRHD/index.m3u8
Arena Sport 10 (720p),https://nl1.nghk.ai/ArenaSport10HD/index.m3u8
Arena Sport Adrenalin (1080p),https://nl1.nghk.ai/SK3SRHD/index.m3u8
Arena Sport Premium 1 BH (1080p),https://7nyaler.streamhostingcdn.top/stream/33/index.m3u8
Arena Sport Premium 2 BH (1080p),https://7nyaler.streamhostingcdn.top/stream/48/index.m3u8
Arena Sport Premium 3 BH (720p),https://nl1.nghk.ai/ArenaPremium3BH/index.m3u8
Arena Sport Tenis (720p),https://nl1.nghk.ai/SK4SRHD/index.m3u8
Argentinísima Satelital (540p),https://stream1.sersat.com/hls/argentinisima.m3u8
Arica TV (480p) [Not 24/7],https://5eff35271151c.streamlock.net:1936/8002/8002/playlist.m3u8
Arirang Radio (720p),http://amdlive-ch01.ctnd.com.edgesuite.net/arirang_3ch/smil:arirang_3ch.smil/playlist.m3u8
Arirang TV (1080p),http://amdlive-ch01.ctnd.com.edgesuite.net/arirang_1ch/smil:arirang_1ch.smil/playlist.m3u8
Arirang TV HD (720p),http://45.162.64.114/ARIRANG/index.m3u8
Arirang TV UN (1080p),https://amdlive-ch02-ctnd-com.akamaized.net/arirang_2ch/smil:arirang_2ch.smil/playlist.m3u8
Aristo TV (360p),https://ma.anixa.tv/clips/stream/aristo/index.m3u8
Ark TV (1080p) [Not 24/7],https://stream.hydeinnovations.com/arktv-international/index.fmp4.m3u8
Arkadag TV (406p) [Not 24/7],https://alpha.tv.online.tm/hls/ch000.m3u8
Arkansas PBS [Geo-blocked],https://ketsdt.lls.pbs.org/out/v1/03c094dbd7874a4a8c3fe9fb10081bdb/index.m3u8
Arko TV,https://arkhls.wns.live/hls/stream.m3u8
Arlaadi TV,https://ap02.iqplay.tv:8082/iqb8002/alr114iapp/playlist.m3u8
Armenia 1 (1080p),https://ifl01eu-new.bozztv.com/am1abr/index.m3u8
Armenia 1 America (1080p),https://amtvusdvr.tulix.tv/am4abr/index.m3u8
Armenia 1 Sattelite (1080p),https://amtv.tulixcdn.com/amtv2/am2abr/index.m3u8
Armenia 2 (1080p),https://amtv.tulixcdn.com/amtv3/am3abr/index.m3u8
Armenia Premium (720p),http://stream.mcquack.net/123/index.m3u8
Armenia TV Satellite (576p),http://stream.mcquack.net/175/index.m3u8
Army TV (1080p),https://api-tv.ipnet.ua/api/v1/manifest/2118742632.m3u8
Arpegio TV (720p),https://live-evg8.tv360.bitel.com.pe/bitel/arpegioSRT/playlist.m3u8
Arputhar Yesu TV (720p),https://arputharyesutv.arputharyesutv.com/live/md/index.m3u8
Arryadia,http://149.100.11.252:8000/play/a065/index.m3u8
ART (1080p),https://rumble.com/live-hls-dvr/78ixwi/playlist.m3u8
ART (576p),http://89.104.114.24:8080/art/index.m3u8
ART TV,https://rtmp.win:3696/live/arttvgrlive.m3u8
ARTE (720p) [Geo-blocked],https://artesimulcast.akamaized.net/hls/live/2030993/artelive_de/index.m3u8
arte (720p),http://145.239.5.177/300/index.m3u8
Arte 1 (720p),http://45.162.64.114/ARTE1/index.m3u8
arte HD,https://dash4.antik.sk/live/test_arte_avc_25p/playlist.m3u8
Artflix Movie Classics (720p),https://amogonetworx-artflix-1-nl.samsung.wurl.tv/playlist.m3u8
Arthur,https://jmp2.uk/plu-6482f27c17f5e10008c10ff0.m3u8
Arthur,https://jmp2.uk/plu-62556bfa3261a300076b0baa.m3u8
Artist of the Year (1080p) [Geo-blocked],https://d3cm8xyrjwa22p.cloudfront.net/30504/88896035/hls/master.m3u8?ads.xumo_channelId=88896035
ARTN TV (1080p) [Not 24/7],https://streamer1.connectto.com/ARTN_mobile/index.m3u8
ARTV (720p),http://45.162.193.35/ARTV/index.m3u8
ARTV Canal Parlamento (720p) [Not 24/7],https://playout172.livextend.cloud/liveiframe/_definst_/liveartvabr/playlist.m3u8
Aruba.TV (1080p),https://cdn01.setar.aw/Canal49/canal49/playlist.m3u8
ArubaTV +,https://rtmpcontrol.com:1936/atvplus/ngrp:atvplus_all/playlist.m3u8
Aruljothi TV (576p),https://jothi.inet.moe/jothitv/index.m3u8
Arvan TV,https://arvhls.wns.live/hls/stream.m3u8
ARY Musik (1080p),https://arymusik.aryzap.com/3fd38b2c62d0c3bbd74aedabb533c03a/6459fa78/v1/01847ac7a4930b8ed5aa6ed04aba/01847ac8f5f70b8ed5aa6ed04abd/main.m3u8
Aryan TV National (576p),https://mumt04.tangotv.in/m18aqlK4ARYANTVNATIONAL/index.m3u8
Aryen TV (1080p) [Not 24/7],https://aryen.tv/live/tv/playlist.m3u8
AS3 Sport TV (1080p),https://streamtv.as3sport.online:3394/hybrid/play.m3u8
As Contenidos (720p),https://master.tucableip.com/ascontenido/index.m3u8
Aşgabat (406p) [Not 24/7],https://alpha.tv.online.tm/hls/ch006.m3u8
Asharq Discovery (1080p),https://svs.itworkscdn.net/asharqdiscoverylive/asharqd.smil/playlist_dvr.m3u8
Asharq Documentary (1080p),https://svs.itworkscdn.net/asharqdocumentarylive/asharqdocumentary.smil/playlist_dvr.m3u8
Asharq News (1080p),https://live-news.asharq.com/asharq.m3u8
Asharq Radio (1080p),https://svs.itworkscdn.net/asharqradiovlive/asharqradiov/playlist.m3u8
Ashiil TV (480p),https://wahyu1ptv.pages.dev/AshiilTV-HD.m3u8
Así Sucede Guanajuato (720p) [Not 24/7],https://stream.oursnetworktv.com/latin/encoder13/playlist.m3u8
Asia TV (720p),https://stream.asiatvnet.com/1/live/master.m3u8
Asian Culture TV (1080p),https://cdn.vegasplus.us/vegas/actv/playlist.m3u8
AsianBox (1080p),https://cdn4.skygo.mn/live/disk1/AsianBOX/DASH-FTA/AsianBOX.mpd
AsianCrush (1080p),https://linear-900.frequency.stream/dist/cineverse/900/hls/master/playlist.m3u8
Asianet (576p),https://anet.keralive.workers.dev/v1/master/a0d007312bfd99c47f76b77ae26b1ccdaae76cb1/starasianet1_live_https/index.m3u8
Asianet Middle East (576p),http://103.175.73.12:8080/live/697/master.m3u8
Asianet Movies (576p),https://anet.keralive.workers.dev/v1/master/a0d007312bfd99c47f76b77ae26b1ccdaae76cb1/asianetmovies_live_https/index.m3u8
Asianet Movies HD (1080p),http://149.71.34.166:8000/play/a06e/index.m3u8
Asianet News (1080p),https://amg13737-amg13737c1-amgplt0016.playout.now3.amagi.tv/playlist/amg13737-amg13737c1-amgplt0016/playlist.m3u8
Asianet Plus (396p),https://anet.keralive.workers.dev/v1/master/a0d007312bfd99c47f76b77ae26b1ccdaae76cb1/asianetplus_live_https/index.m3u8
Asianet Suvarna News (1080p) [Not 24/7],https://asianetnews.vgcdn.net/vglive-sk-335835/playlist.m3u8
Asil TV (576p),https://live.asil.tv/asiltv/index.m3u8
AsiriTV (720p) [Not 24/7],https://video2.lhdserver.es/asiritv/live.m3u8
Asomavisión (614p),https://asomatv.cloud-ip.cc/livestream/stream.m3u8
Aspire (720p),http://40.160.24.56/ASPIRE_SD/index.m3u8
Assam Talks (576p),http://tvsen7.aynascope.net/AssamTalks/index.m3u8
Assen TV (720p),https://takeoff.jetstre.am/?account=OmroepAssen&file=OmroepAssenTV%2Fplaylist.m3u8&output=playlist.m3u8&protocol=https&service=webdav&type=live
Assirat TV (576p),https://softverse.b-cdn.net/Assirat/assiratobs/playlist.m3u8
Assombrações,https://jmp2.uk/plu-620d1512c7986a0007220213.m3u8
AssyriaSat (720p) [Not 24/7],http://66.242.170.53/hls/live/temp/index.m3u8
Astana TV (576p),http://stream.mcquack.net/28/index.m3u8
Astha TV (1080p) [Not 24/7],https://hgmtv.com:19360/asthatv/asthatv.m3u8
Astra TV (1080p),https://server.gointernet.gr/live/livestream.m3u8
Astro Blitar TV (720p),https://5bf7b725107e5.streamlock.net/abtv/abtv/playlist.m3u8
ASTV News 1 (720p) [Not 24/7],http://news1.live14.com/stream/news1.m3u8
AT5,https://takeoff.jetstre.am/?account=atvijf&file=live&output=playlist.m3u8&protocol=https&service=wowza&type=live
At Home with Family Handyman (720p),https://d1ik2p49apxqjf.cloudfront.net/playlist.m3u8
Atabal TV (1080p) [Not 24/7],https://vdopanel.jlahozconsulting.com:3648/live/atabaltvlive.m3u8
Atacama Noticias (720p) [Not 24/7],https://v2.tustreaming.cl/atacamanoticias/index.m3u8
Atacama TV (Copiapó) (720p) [Not 24/7],https://v2.tustreaming.cl/atacamatv/index.m3u8
Atambua TV (720p),http://122.248.43.242:1935/ATAMBUATV/_definst_/myStream/playlist.m3u8
ATB La Paz (1080p),http://15.204.246.24:8080/ATBHD/index.m3u8
Atfal & Mawaheb TV (1080p),https://5aafcc5de91f1.streamlock.net/atfal1.com/atfal2/playlist.m3u8
ATG Live (720p),https://kanal75xto-llhls.akamaized.net/live/Data/atg-kanal-15-02a-rr/HLS-Legacy-HL/atg-kanal-15-02a-rr.m3u8
ATL 26,https://securestream11.champds.com/LIVE/AtlantaGALIVE/AtlantaGALIVE.m3u8
Atlanta Channel (720p),http://media4.tripsmarter.com:1935/LiveTV/ACVBHD/playlist.m3u8
Atlantis Radio TV (720p),https://live-evg8.tv360.bitel.com.pe/bitel/atlantisSRT/playlist.m3u8
Atlas (480p),https://cdn.whiplash.cc/whiplash-atlas/index.m3u8
ATM Rozrywka REWORK (720p),https://grupaatmrr.org.pl:8888/fallback/index.m3u8
ATN Bangla (720p),http://tvsen5.aynascope.net/atnbangla/index.m3u8
ATN Bangla UK (576p),https://app.ncare.live/c3VydmVyX8RpbEU9Mi8xNy8yMDE0GIDU6RgzQ6NTAgdEoaeFzbF92YWxIZTO0U0ezN1IzMyfvcGVMZEJCTEFWeVN3PTOmdFsaWRtaW51aiPhnPTI2/atnbanglauk-off.stream/playlist.m3u8
ATN Music (360p),https://app.ncare.live/c3VydmVyX8RpbEU9Mi8xNy8yMDE0GIDU6RgzQ6NTAgdEoaeFzbF92YWxIZTO0U0ezN1IzMyfvcGVMZEJCTEFWeVN3PTOmdFsaWRtaW51aiPhnPTI/atnmusic.stream/playlist.m3u8
Atomic Academy TV (480p),https://atomic.streamnet.ro/academia.m3u8
Atomic TV (360p),https://atomic.streamnet.ro/atomictv.m3u8
ATR (720p),https://atr-live.cdn-01.cosmonova.net.ua/hls/atr_ua_hi/index.m3u8
Atrak,https://ncdn.telewebion.ir/atrak/live/playlist.m3u8
Atrina TV,https://atrihls.wns.live/hls/stream.m3u8
ATV (1080p),http://stream.mcquack.net/36/index.m3u8
ATV (1080p),https://live.zendzend.com/mpegts/29375_107244/media_mpegts_0.m3u8
ATV (400p) [Not 24/7],https://guineetvdirect.online:3320/live/atvguineelive.m3u8
ATV (360p) [Not 24/7],https://stream.atv.hu/atvlive/atvstream_2_aac/playlist.m3u8
ATV (720p),https://d19e55ehz2il4i.cloudfront.net/ts:abr.m3u8
ATV (1080p),http://190.93.224.42/ATV/index.m3u8
ATV (1080p),http://115.42.65.142:9981/stream/channelid/299762256
ATV (1080p),https://rnttwmjcin.turknet.ercdn.net/lcpmvefbyo/atv/atv_1080p.m3u8
ATV Alanya (1080p),https://cdn-alanyatv.yayin.com.tr/alanyatv/alanyatv/playlist.m3u8
ATV HD (1080p),http://212.186.45.34:9981/stream/channelid/692531719?profile=pass
ATV Spirit (360p),https://streamservers.atv.hu/atvliveedge/_definst_/atvstream_2_aac/playlist.m3u8
ATV Sur (1080p),http://190.93.224.42/ATV-SUR/index.m3u8
ATV+ (1080p),http://45.171.108.253:8888/ATV/index.m3u8
ATVSat (1080p) [Not 24/7],https://stream.atvsat.com/atvsatlive/smil:atvsatlive.smil/playlist.m3u8
ATXN1 (1080p),https://cdn-atxn-01.vos360.video/Content/HLS/Live/channel(616d6f49-eaec-6f7e-7186-2bbaf66c69c0)/index.m3u8
ATXN2 (1080p),https://cdn-atxn-01.vos360.video/Content/HLS/Live/channel(f97b5ddc-b7e4-dff8-9f10-8c16d0833639)/index.m3u8
ATXN3 (1080p),https://cdn-atxn-01.vos360.video/Content/HLS/Live/channel(c55d1594-ad62-7434-aa17-4d71adb80f99)/index.m3u8
Atyraý (720p),https://stream.kaztrk.kz/regional/atyrautv/index.m3u8
Auction Hunters,https://jmp2.uk/plu-5ede45d077746000072be0fe.m3u8
Auction Hunters,https://jmp2.uk/plu-62ac50e92c48f900071444c9.m3u8
Auction Hunters,https://jmp2.uk/plu-62da73c4ec46c000070f4cb1.m3u8
Auction Hunters,https://jmp2.uk/plu-62da7159ca8f220008032730.m3u8
Auction Hunters,https://jmp2.uk/plu-62da7380478a5b0007e610d9.m3u8
Audaz TV (432p) [Not 24/7],https://cloud2.streaminglivehd.com:1936/8264/8264/playlist.m3u8
Audiokiss (1080p),https://master.tucableip.com/audiokisstv/index.m3u8
Auge TV (720p),https://cdn-tiva-video01-logicahost-com-br.smartbit.co/canalaugetv/canalaugetv/playlist.m3u8
Augsburg TV (1080p),https://stream02.welocal.stream/stream/fhd-augsburgtv_104951/ngrp:stream_all/playlist.m3u8
Aupur Television (1080p),https://canal.aupurtv.co/live/stream/index.m3u8
aurLife HD (614p),http://124.109.47.101/hls/stream1.m3u8
Aurora Arte (480p),https://59d7d6f47d7fc.streamlock.net/auroraarte/auroraarte/playlist.m3u8
Aurora Media Films (720p),https://cdn.streamhispanatv.net:3417/live/auroramflive.m3u8
AuroraTV (Aurora CO) (720p),https://reflect-aurora.cablecast.tv/live-8/live/live.m3u8
ausbiz TV (720p) [Not 24/7],https://d9quh89lh7dtw.cloudfront.net/public-output/index.m3u8
Austral TV (1080p),https://stmv3.voxtvhd.com.br/australtv/australtv/playlist.m3u8
Autentic History (1080p),https://9e754fa707344ccca6d84955c8fcaf36.mediatailor.us-east-1.amazonaws.com/v1/master/44f73ba4d03e9607dcd9bebdcb8494d86964f1d8/RlaxxTV-eu_AutenticHistory/playlist.m3u8
Autentic Travel (1080p),https://cb0c87cc605942ff9766a4e6744bbadc.mediatailor.us-east-1.amazonaws.com/v1/master/44f73ba4d03e9607dcd9bebdcb8494d86964f1d8/RlaxxTV-eu_AutenticTravel/playlist.m3u8
Auténtica Televisión (720p) [Not 24/7],https://live.obslivestream.com/autenticatvmux/index.m3u8
Auto Motor Sport,https://jmp2.uk/plu-5f760c3d41aa2d0007bfde19.m3u8
Auto TV (1080p),https://cdn4.skygo.mn/live/disk1/AutoTV/DASH-FTA/AutoTV.mpd
Auto TV (720p),https://cdn4.skygo.mn/live/disk1/AutoTV/HLSv3-FTA/AutoTV.m3u8
Automotion (1080p),https://streams2.sofast.tv/sofastplayout/0c3229e2-6ca5-4714-859e-c0ac6b9aa58a_0_HLS/master.m3u8
Automoto,https://jmp2.uk/plu-6971fc6dca441014e4600f2c.m3u8
Autonoma TV,https://wifispeed.trapemn.tv:1936/comunales/autonoma-tv/playlist.m3u8
Autostop per il cielo,https://jmp2.uk/plu-638f286445264d00084ec6dc.m3u8
AVA Family,https://familyhls.avatv.live/hls/stream.m3u8
AVA Series,https://avaserieshls.wns.live/hls/stream.m3u8
Avang TV (1080p),https://hls.avang.live/hls/stream.m3u8
Avar TV (1080p),https://avr.host247.net/live/AvarTv/playlist.m3u8
Avatar,https://jmp2.uk/plu-656df599c0fc8800089c75ab.m3u8
Avatar,https://jmp2.uk/plu-61c09b48d6d97900076e91c5.m3u8
Avatar: A lenda de Aang,https://jmp2.uk/plu-6759eeb1bd523200083b4f29.m3u8
Avatar: La Leyenda de Aang,https://jmp2.uk/plu-6759ee82bd523200083b4f0f.m3u8
AVAZ (720p),https://stream.ads.ottera.tv/playlist.m3u8?content_livestream=1&network_id=13411
Avers (480p),https://avers.pp.ua/hls/efir.m3u8
Aviation TV (480p),http://streamer02.nbo1.angani.co:1935/aviationtv/myStream/playlist.m3u8
Aviva TV (288p) [Not 24/7],https://video.misistemareseller.com/atvhonduras/atvhonduras/playlist.m3u8
Avivamiento TV (1080p) [Not 24/7],https://s1.abntelevision.com/avivamientoabr/stream/avivamientohd/avivamientohd/playlist.m3u8
AVT Khyber (1080p),http://115.42.65.142:9981/stream/channelid/1380586642
Avto24 (576p),http://stream.mcquack.net/78/index.m3u8
Awaaz India TV (720p) [Not 24/7],https://awaazindia.livebox.co.in/AwaazIndaTVhls/Live.m3u8
Awapa Sports TV (1080p) [Not 24/7],https://mgv-awapa.akamaized.net/hls/live/2104282/MGV_CHANNEL15/master.m3u8
AWE (720p),https://a-cdn.klowdtv.com/live1/awe_720p/playlist.m3u8
AWE International (720p),https://a-cdn.klowdtv.com/live1/aweint/playlist.m3u8
AWE Plus (720p),https://a-cdn.herringnetwork.com/affiliate/awee/playlist.m3u8
Awesome TV [Geo-blocked],https://488b9e074624.ap-south-1.playback.live-video.net/api/video/v1/ap-south-1.533267421985.channel.B7bB1wHJRCnw.m3u8
Awkward,https://jmp2.uk/plu-62bc1784120ba80007935aaa.m3u8
Awkward,https://jmp2.uk/plu-61c0925c738ecd000882450a.m3u8
AWSN (720p),https://jmp2.uk/plu-66fd394e9269330008413302.m3u8
AWSN (720p),https://jmp2.uk/plu-660e746024e1d00008610ea1.m3u8
AWSN (720p),https://jmp2.uk/plu-682e43b21295f98347710917.m3u8
AWSN,https://jmp2.uk/plu-660e7404e8fba8000853abc0.m3u8
AWSN,https://jmp2.uk/plu-660e7488aec9680008fabcf1.m3u8
AWSN,https://jmp2.uk/plu-66fd37885049580008d295b6.m3u8
AWTV (1080p) [Geo-blocked],https://awtv.nuvemplay.live/hls/stream.m3u8
Ax Men (720p),https://jmp2.uk/plu-6540fe4bbdf3cf0008aa2cdd.m3u8
Ax Men (720p),https://36dc2f37.wurl.com/master/f36d25e7e52f1ba8d7e56eb859c636563214f541/UmFrdXRlblRWLWdiX0F4TWVuX0hMUw/playlist.m3u8
Ax Men (720p),https://bcadcc64.wurl.com/master/f36d25e7e52f1ba8d7e56eb859c636563214f541/U2Ftc3VuZy1nYl9BeE1lbl9ITFM/playlist.m3u8
Ax Men (720p),https://d3kx0b11i5yg0n.cloudfront.net/v1/aenetworks_axmen_1/samsungheadend_us/latest/main/hls/playlist.m3u8
Ax Men Die Holzfäller (720p),https://jmp2.uk/plu-6914913274601d957ae35565.m3u8
Axel!,https://jmp2.uk/plu-667d63d236a2f90008f72269.m3u8
AXN (720p),http://45.190.28.50/AXN_HD/index.m3u8
AXN,http://znty.dyndns.org:5010/hls/axn.m3u8
AXN Adria,http://5.57.74.130:8000/play/a0at/index.m3u8
AXN Asia Taiwan (1080p),http://125.227.210.55:4050/VideoInput/play.ts
AXN Black,http://85.14.32.26:8800/udp/239.100.10.17:5000
AXN Black Czech Republic,http://88.212.15.19/live/test_black/playlist.m3u8
AXN Black Poland (576p),http://185.227.34.179:8080/axn-black/index.m3u8
AXN Black Romania [Not 24/7],http://315e5a5d.ottrast.com/iptv/MM4E93NGF5LADZ/6952/index.m3u8
AXN CEE,http://88.212.15.19/live/axn_hun/index.m3u8
AXN CEE Bulgary,http://85.11.144.9:4222/AXN
AXN CEE Czech Republic,http://88.212.15.19/live/test_axn/playlist.m3u8
AXN Latin America (1080p),http://138.121.15.230:9002/AXN/index.m3u8
AXN Latin America (1080p),http://15.204.246.24:8080/AXNHD/index.m3u8
AXN Latin America Andes (1080p),http://177.234.249.178:8888/AXN/index.m3u8
AXN Latin America Mexico,http://190.11.225.124:5000/live/axn_hd/playlist.m3u8
AXN Latin America South,http://45.228.235.116:8000/play/a0iy/index.m3u8
AXN Movies (720p),http://50.7.120.34:8080/AXN_BLACK/index.m3u8
AXN Poland,http://193.24.244.60:1001/udp/239.254.5.5:6060
AXN Spin,http://193.24.244.60:1001/udp/239.254.5.6:6060
AXN White [Not 24/7],http://315e5a5d.ottrast.com/iptv/MM4E93NGF5LADZ/6950/index.m3u8
AXN White Bulgaria,http://85.14.32.26:8800/udp/239.100.10.18:5000
AXN White CzechRepublic,http://88.212.15.19/live/test_white/playlist.m3u8
AXN White Poland (576p),http://185.227.34.179:8080/axn-white/index.m3u8
AXN White Portugal (480p),http://50.7.120.34:8080/AXN_WHITE/index.m3u8
AXS TV (720p),http://23.239.31.26:8989/axstv/index.m3u8
Ayaz TV (720p),https://janya-ayaztv.vgcdn.net/ptnr-WebApp/title-Ayaz_TV/v1/vglive-sk-934820/main.m3u8
AYNI TV (1080p),http://15.204.246.24:8080/AyniTVHD/index.m3u8
Aysen TV (720p),https://v1.tustreaming.cl/aysentv/index.m3u8
Ayush TV (360p) [Not 24/7],https://95eryw39dwn4-hls-live.wmncdn.net/Ayushu/271ddf829afeece44d8732757fba1a66.sdp/index.m3u8
Az TV (1080p),https://str.yodacdn.net/azertv/index.m3u8
AZA TV HD (1080p),https://tv.webmedialive.com/azatvhn/live/playlist.m3u8
Azahares Radio Multimedia (720p),https://streamyes.alsolnet.com/azaharesfm/live/playlist.m3u8
Azan TV,https://dbcanada.sonarbanglatv.com/azantv/atv/index.m3u8
Azerbaijan Gharbi,https://ncdn.telewebion.ir/azarbayjangharbi/live/playlist.m3u8
Azerbaijan News TV (720p) [Not 24/7],https://edge1.socialsmart.tv/aznews/smil/playlist.m3u8
Azstar TV HD (1080p),https://live.livestreamtv.ca/azstar/amlst:azstar/playlist.m3u8
Azteca Deportes Network (1080p),http://181.119.66.28:8081/AZTECA-DEPORTES-HD/index.m3u8
Azteca Deportes Premium (720p),https://jmp2.uk/plu-65cf60d166eec80008724e6f.m3u8
Azteca Honduras (720p),https://mdstrm.com/live-stream-playlist/65a1d2fd7e7f14355550d570.m3u8
Azteca Internacional (1080p),https://azt-mun.otteravision.com/azt/mun/mun.m3u8
Azteca UNO -1 hora (720p),https://jmp2.uk/plu-646ccc7a2858cb0008127367.m3u8
Azzurra TV (576p),https://ed05.top-ix.org/avtvlive/azzurra/streaming/playlist.m3u8
B4U Bhojpuri (1080p),https://cdnb4u.wiseplayout.com/B4U_Bhojpuri/master.m3u8
B4U Hitz (576p),http://115.42.65.142:9981/stream/channelid/1099703605
B4U Kadak (1080p) [Not 24/7],https://cdnb4u.wiseplayout.com/B4U_Kadak/master.m3u8
B4U Movies (576p),http://103.175.73.12:8080/live/43/43_0.m3u8
B4U Movies APAC (720p),https://s3.itcnbd.live/channel/129d01070adb9ee3.m3u8
B4U Music (576p),https://cdn-2.pishow.tv/live/415/master.m3u8
B4U Music (576p),http://103.175.73.12:8080/live/157/master.m3u8
B4U Music APAC (720p),https://s3.itcnbd.live/channel/6f6b7b6d25fbd0e6.m3u8
B15 Fresnillo (1080p),https://s5.mexside.net:1936/lsac/lsac/playlist.m3u8
B15 Zacatecas (1080p),https://s5.mexside.net:1936/envio2/envio2/playlist.m3u8
Baan Baan TV 73,https://vdo.plathong.net/live8794/live8794/playlist.m3u8
Bab Al Hara (1080p),https://shd-amg-fast.edgenextcdn.net/tx010/playlist.m3u8
Bábolnai TV (360p),https://cloudfront44.lexanetwork.com:1344/freerelay/babolnatv.sdp/playlist.m3u8
Baby Einstein (720p),https://ds25p79iq4576.cloudfront.net/master.m3u8
Baby Shark TV,https://c0c65b821b3542c3a4dca92702f59944.mediatailor.us-east-1.amazonaws.com/v1/master/04fd913bb278d8775298c26fdca9d9841f37601f/RakutenTV-eu_BabySharkTV/playlist.m3u8
Baby Shark TV (1080p),https://newidco-babysharktv-1-us.roku.wurl.tv/playlist.m3u8
Babyfirst,https://jmp2.uk/plu-5f4fb4cf605ddf000748e16f.m3u8
BabyFirst (720p),https://cdn.fast.jwp.services/v1/channel/1_jB6940Ei_TvhvIHDL/manifest.m3u8
BabyFirst Spanish (720p),http://168.228.44.241:9997/play/a07u/index.m3u8
BabyTV Latin America (720p),http://138.121.15.230:9002/BABY-TV/index.m3u8
BabyTV Turkiye (1080p) [Geo-blocked],https://saran-live.ercdn.net/babytv/index.m3u8
Bacán Te Veo (360p),https://stmv6.voxtvhd.com.br/vacantveo2/vacantveo2/playlist.m3u8
Backstage (1080p),https://d2ah48mnofquik.cloudfront.net/Backstage.m3u8
Bad Girls Club (1080p),https://xumo-xumoent-vc-118-jed5p.fast.nbcuni.com/live/master.m3u8
Bad Girls Club (720p),https://jmp2.uk/plu-654932fa4d6d8f00084c4723.m3u8
Badakhshon (576p),https://live.teleradiocom.tj/11/3m.m3u8
Baden TV (1080p) [Not 24/7],http://badentv-stream2.siebnich.info/rtplive/btv.stream/live.m3u8
Bahar TV (720p) [Not 24/7],https://59d39900ebfb8.streamlock.net/bahartv/bahartv/playlist.m3u8
Bahrain International (720p) [Not 24/7],https://5c7b683162943.streamlock.net/live/ngrp:bahraininternational_all/playlist.m3u8
Bahrain Quran (720p) [Not 24/7],https://5c7b683162943.streamlock.net/live/ngrp:bahrainquran_all/playlist.m3u8
Bahrain Sports 1 (720p) [Not 24/7],https://5c7b683162943.streamlock.net/live/ngrp:sportsone_all/playlist.m3u8
Bahrain Sports 2 (720p) [Not 24/7],https://5c7b683162943.streamlock.net/live/ngrp:bahrainsportstwo_all/playlist.m3u8
Bahrain TV (720p) [Not 24/7],https://5c7b683162943.streamlock.net/live/ngrp:bahraintvmain_all/playlist.m3u8
Bailén TV (720p) [Not 24/7],http://cpd.bailen.tv:8080/Playlist_CANAL_24H/playlist.m3u8
Bajai TV (720p),https://cloudfront41.lexanetwork.com:1344/relay01/livestream002.sdp/playlist.m3u8
Bajo Techo TV (1080p) [Not 24/7],https://fox.hostlagarto.com:8081/bajotechotv/tracks-v1a1/mono.m3u8
Baku.TV,https://rtmp.baku.tv/hls/bakutv.m3u8
Balabol (1080p),https://cdn-dvr.ntv.ru/Balabol/index.m3u8
Balapan HD (1080p),https://balapantv-stream.qazcdn.com/balapantv/balapantv/playlist.m3u8
Balapan International (1080p),https://live-3.otcnet.ru/Balapan/index.m3u8
Balaton TV (432p),https://stream.iptvservice.eu/hls/balatontv.m3u8
Balchi TV,https://rtmpcontrol.com:1936/balchitv/balchitv/playlist.m3u8
Balikpapan TV (720p),http://122.248.43.242:1935/BALIKPAPANTV/_definst_/myStream/playlist.m3u8
Balle Balle (720p),https://mcncdndigital.com/balleballetv/index.m3u8
Bălţi TV (1080p) [Geo-blocked],http://77.89.199.174:8000/play/1024/index.m3u8
Balticum TV (576p),http://stream.mcquack.net/376/index.m3u8
BAM-TV,https://belafrikamediatv.vedge.infomaniak.com/livecast/ik:belafrikamediatv/manifest.m3u8
BamBarBia TV (720p) [Not 24/7],http://cdn1.live-tv.od.ua:8081/bbb/bbbtv-abr/playlist.m3u8
BAMOS TV (1080p) [Not 24/7],https://video2.getstreamhosting.com:19360/8092/8092.m3u8
Band (720p),http://45.190.28.50/BAND_HD/index.m3u8
Band Sports (1080p),https://cdn-5.nxplay.com.br/BAND_SPORTS/index.m3u8
BandNews (1080p),https://cdn-5.nxplay.com.br/BAND_NEWS/index.m3u8
Bandung TV (360p),http://202.150.153.254:65500/bandungtvWEBSITE.m3u8
Bang Bang TV (1080p),https://streams2.sofast.tv/v1/master/611d79b11b77e2f571934fd80ca1413453772ac7/6a98fce2-bf4c-4bfb-91f4-c43851bb3801/manifest.m3u8
Bangla Vision (720p),https://tvsen5.aynaott.com/banglavision/index.m3u8
Bani Vision (720p) [Not 24/7],https://videostream.shockmedia.com.ar/hls/banivision/banivision.m3u8
Banijay Mr Bean Animé (1080p),https://amg00627-amg00627c31-rakuten-fr-3991.playouts.now.amagi.tv/playlist/amg00627-banijayfast-mrbeanfrcc-rakutenfr/playlist.m3u8
Banjar TV (720p) [Not 24/7],https://banjartv.siar.us/banjartv/live/playlist.m3u8
Bansal News (720p),https://8yzmq2gbdvax-hls-live.wmncdn.net/bansalnewstv1/live1.stream/playlist.m3u8
Banten TV (720p) [Not 24/7],https://5bf7b725107e5.streamlock.net/bantentv/bantentv/playlist.m3u8
Banyumas TV (720p) [Not 24/7],https://5bf7b725107e5.streamlock.net/bmstv/bmstv/playlist.m3u8
Bar Rescue,https://jmp2.uk/plu-655f2ee6c0fc88000877d26c.m3u8
Bar Rescue,https://jmp2.uk/plu-60a3d889a5b3690008dc7fe8.m3u8
Baraka Television (720p) [Not 24/7],https://stream.berosat.live:19360/baraka-hd/baraka-hd.m3u8
Baran,https://ncdn.telewebion.ir/baran/live/playlist.m3u8
Baraza TV (1080p),https://eco.streams.ovh:8081/barazatv/tracks-v1a1/mono.m3u8
Baraza TV Deep House (720p),https://rtmp.streams.ovh:1936/barazarelax/barazazararelax/barazarelax/playlist.m3u8
Baraza TV Relaxing (720p),https://rtmp.streams.ovh:1936/barazarelax/barazarelax/playlist.m3u8
Barbie & Friends,https://jmp2.uk/plu-688892172928933015abe479.m3u8
Barbie & Friends,https://jmp2.uk/plu-686e7499e0ecf0e0cc25dbe3.m3u8
Barbie & Friends,https://jmp2.uk/plu-686cfdf894a028da3aac4252.m3u8
Barbie and Friends (1080p),https://d1xqdnwy1bo05f.cloudfront.net/barb.m3u8
Barca TV,https://live20.bozztv.com/dvrfl06/astv/astv-barca/index.m3u8
Barinas TV (720p) [Not 24/7],https://vcp13.myplaytv.com/barinastv/barinastv/playlist.m3u8
Bark TV (1080p),https://bbb-barkt-streamstak.otteravision.com/bbb/barkt/barkt.m3u8
Barney & Friends,https://jmp2.uk/plu-62ac405b3874370007419b7f.m3u8
Barney and Friends (720p),https://d3vm2nhw5t7pkh.cloudfront.net/v1/cinedigm_entertainment_corp_barneyandfriends_1/samsungheadend_us/latest/main/hls/playlist.m3u8
Barrandov Krimi (1080p),https://dash4.antik.sk/live/test_barrandov_plus_atk_1200/playlist.m3u8
Batam TV (480p) [Not 24/7],http://122.248.43.242:1935/BATAMTV/_definst_/myStream/playlist.m3u8
batteryPOP (720p),https://d24c0gmuazjo9x.cloudfront.net/master.m3u8
Battlestar Galactica,https://jmp2.uk/plu-69d7ebff029c431826bd328e.m3u8
Bayon TV,https://live-evg2.tv360.metfone.com.kh/livebayontv/bayontvhd.stream/playlist.m3u8
Bayres TV (720p),https://streaming01.mikrolive.tv/bayrestv/live/playlist.m3u8
Baywatch (1080p),https://amg00145-fremantlemedian-baywatch-samsungau-gtsd6.amagi.tv/playlist/amg00145-fremantlemedian-baywatch-samsungau/playlist.m3u8
BBC Alba (1080p) (HEVC) [Geo-blocked],https://vs-cmaf-pushb-uk-live.akamaized.net/x=4/i=urn:bbc:pips:service:bbc_alba/hevc_iptv_mse_v0.mpd
BBC America (720p),http://23.239.31.26:8989/bbcamerica/index.m3u8
BBC Arabic (720p),https://vs-cmaf-pushb-ww-live.akamaized.net/x=4/i=urn:bbc:pips:service:bbc_arabic_tv/pc_hd_abr_v2.mpd
BBC Comedy (720p),https://d1em2hga7sgumq.cloudfront.net/playlist.m3u8
BBC Doctor Who Classic (1080p),https://bbc-classicdrwho-1-us.roku.wurl.tv/playlist.m3u8
BBC Drama (1080p) [Geo-blocked],https://pb-0ix3l1oxmg1fj.akamaized.net/playlist.m3u8
BBC Drama (1080p),https://amg00793-amg00793c40-rakuten-es-5444.playouts.now.amagi.tv/playlist.m3u8
BBC Drama Italy (1080p),https://amg00793-amg00793c41-rakuten-it-5445.playouts.now.amagi.tv/playlist.m3u8
BBC Earth Czechia,http://88.212.15.29/live/test_bbc_eartch_hevc/playlist.m3u8
BBC Earth Turkiye (720p),http://194.156.236.23:8004/play/a018
BBC First Turkiye,http://88.212.15.29/live/bbc_first/index.m3u8
BBC Food (1080p),https://d1e9r0b71zfwk7.cloudfront.net/playlist.m3u8
BBC Four HD (720p) [Geo-blocked],https://vs-cmaf-pushb-uk.live.fastly.md.bbci.co.uk/x=4/i=urn:bbc:pips:service:bbc_four_hd/iptv_hd_abr_v1.mpd
BBC Four/CBeebies (720p),http://193.46.58.239:8080/CbeebiesHD/index.m3u8
BBC Home & Garden (1080p),https://d11r33s5i066xh.cloudfront.net/playlist.m3u8
BBC Impossible,https://bbc-impossible-1-us.xumo.wurl.tv/playlist.m3u8
BBC Kids (720p),https://dmr1h4skdal9h.cloudfront.net/playlist.m3u8
BBC News (1080p) [Geo-blocked],https://pb-iiczlgfysam0q.akamaized.net/v1/amcnetworks_bbcnews_1/samsungheadend_us/latest/main/hls/playlist.m3u8
BBC News (1080p),https://xemzi.short.gy/1000015
BBC News (1080p) (HEVC) (1080p),https://vs-cmaf-push-ww-live.akamaized.net/x=4/i=urn:bbc:pips:service:bbc_news_channel_hd/hevc_iptv_mse_v0.mpd
BBC News Asia Pacific (576p),https://thinkkast.dpdns.org/thinkkast/bbcworld_news_sd/versiglia/index.m3u8
BBC News Latin America (720p),http://138.121.15.230:9002/BBC-NEWS/index.m3u8
BBC News North America (1080p),http://23.237.104.106:8080/USA_BBC_NEWS/index.m3u8
BBC News Pashto (720p),https://vs-cmaf-pushb-ww.live.cf.md.bbci.co.uk/x=4/i=urn:bbc:pips:service:bbc_afghan_tv/pc_hd_abr_v2.mpd
BBC News UK HD (1080p),http://45.153.96.44:8001
BBC One Channel Islands (720p) [Geo-blocked],https://vs-cmaf-pushb-uk-live.akamaized.net/x=4/i=urn:bbc:pips:service:bbc_one_channel_islands/pc_hd_abr_v2.mpd
BBC One East (720p) [Geo-blocked],https://vs-cmaf-pushb-uk-live.akamaized.net/x=4/i=urn:bbc:pips:service:bbc_one_east/pc_hd_abr_v2.mpd
BBC One East (720p) [Geo-blocked],https://vs-cmaf-pushb-uk-live.akamaized.net/x=4/i=urn:bbc:pips:service:bbc_one_east_yorkshire/pc_hd_abr_v2.mpd
BBC One East Midlands (720p) [Geo-blocked],https://vs-cmaf-pushb-uk-live.akamaized.net/x=4/i=urn:bbc:pips:service:bbc_one_east_midlands/pc_hd_abr_v2.mpd
BBC One East Midlands (1080p) (HEVC) [Geo-blocked],https://vs-cmaf-pushb-uk-live.akamaized.net/x=4/i=urn:bbc:pips:service:bbc_one_east_midlands/hevc_iptv_mse_v0.mpd
BBC One London (720p) [Geo-blocked],https://vs-cmaf-push-uk-live.akamaized.net/x=4/i=urn:bbc:pips:service:bbc_one_london/iptv_hd_abr_v1.mpd
BBC One London HD (720p),http://193.46.58.239:8080/BBCOneHD/index.m3u8
BBC One North East (720p) [Geo-blocked],https://vs-cmaf-pushb-uk-live.akamaized.net/x=4/i=urn:bbc:pips:service:bbc_one_north_east/pc_hd_abr_v2.mpd
BBC One North East (1080p) (HEVC) [Geo-blocked],https://vs-cmaf-pushb-uk-live.akamaized.net/x=4/i=urn:bbc:pips:service:bbc_one_north_east/hevc_iptv_mse_v0.mpd
BBC One North West (720p) [Geo-blocked],https://vs-cmaf-pushb-uk-live.akamaized.net/x=4/i=urn:bbc:pips:service:bbc_one_north_west/pc_hd_abr_v2.mpd
BBC One North West (1080p) (HEVC) [Geo-blocked],https://vs-cmaf-pushb-uk-live.akamaized.net/x=4/i=urn:bbc:pips:service:bbc_one_north_west/hevc_iptv_mse_v0.mpd
BBC One Northern Ireland HD (720p) [Geo-blocked],https://vs-cmaf-pushb-uk-live.akamaized.net/x=4/i=urn:bbc:pips:service:bbc_one_northern_ireland_hd/pc_hd_abr_v2.mpd
BBC One Northern Ireland HD (1080p) (HEVC) [Geo-blocked],https://vs-cmaf-pushb-uk-live.akamaized.net/x=4/i=urn:bbc:pips:service:bbc_one_northern_ireland_hd/hevc_iptv_mse_v0.mpd
BBC One Scotland (540p) [Geo-blocked],https://vs-hls-pushb-uk-live.akamaized.net/x=4/i=urn:bbc:pips:service:bbc_one_scotland_hd/pc_hd_abr_v2.m3u8
BBC One Scotland HD (720p) [Geo-blocked],https://vs-cmaf-pushb-uk-live.akamaized.net/x=4/i=urn:bbc:pips:service:bbc_one_scotland_hd/pc_hd_abr_v2.mpd
BBC One South (720p) [Geo-blocked],https://vs-cmaf-pushb-uk-live.akamaized.net/x=4/i=urn:bbc:pips:service:bbc_one_south/pc_hd_abr_v2.mpd
BBC One South East (720p) [Geo-blocked],https://vs-cmaf-pushb-uk-live.akamaized.net/x=4/i=urn:bbc:pips:service:bbc_one_south_east/pc_hd_abr_v2.mpd
BBC One South West (720p) [Geo-blocked],https://vs-cmaf-pushb-uk-live.akamaized.net/x=4/i=urn:bbc:pips:service:bbc_one_south_west/pc_hd_abr_v2.mpd
BBC One Wales (720p) [Geo-blocked],https://vs-cmaf-pushb-uk-live.akamaized.net/x=4/i=urn:bbc:pips:service:bbc_one_wales_hd/pc_hd_abr_v2.mpd
BBC One West (720p) [Geo-blocked],https://vs-cmaf-pushb-uk-live.akamaized.net/x=4/i=urn:bbc:pips:service:bbc_one_west/pc_hd_abr_v2.mpd
BBC One West Midlands (720p) [Geo-blocked],https://vs-cmaf-pushb-uk-live.akamaized.net/x=4/i=urn:bbc:pips:service:bbc_one_west_midlands/pc_hd_abr_v2.mpd
BBC One Yorks (720p) [Geo-blocked],https://vs-cmaf-pushb-uk-live.akamaized.net/x=4/i=urn:bbc:pips:service:bbc_one_yorks/pc_hd_abr_v2.mpd
BBC Parliament (720p) [Geo-blocked],https://vs-cmaf-pushb-uk-live.akamaized.net/x=4/i=urn:bbc:pips:service:bbc_parliament/iptv_hd_abr_v1.mpd
BBC Persian (720p) (HEVC) (1080p),https://vs-cmaf-pushb-ww-live.akamaized.net/x=4/i=urn:bbc:pips:service:bbc_persian_tv/hevc_iptv_mse_v0.mpd
BBC RB 1 (720p) [Geo-blocked],https://vs-cmaf-pushb-uk.live.cf.md.bbci.co.uk/x=4/i=urn:bbc:pips:service:red_button_one/iptv_hd_abr_v1.mpd
BBC Red Button 2 (720p) [Geo-blocked],https://ve-cmaf-push-uk-live.akamaized.net/x=4/i=urn:bbc:pips:service:uk_bbc_stream_002/iptv_hd_abr_v1.mpd
BBC Red Button 3 (720p) [Geo-blocked],https://ve-cmaf-push-uk-live.akamaized.net/x=4/i=urn:bbc:pips:service:uk_bbc_stream_003/iptv_hd_abr_v1.mpd
BBC Red Button 4 (720p) [Geo-blocked],https://ve-cmaf-push-uk-live.akamaized.net/x=4/i=urn:bbc:pips:service:uk_bbc_stream_004/iptv_hd_abr_v1.mpd
BBC Red Button 5 (720p) [Geo-blocked],https://ve-cmaf-push-uk-live.akamaized.net/x=4/i=urn:bbc:pips:service:uk_bbc_stream_005/iptv_hd_abr_v1.mpd
BBC Red Button 6 (720p) [Geo-blocked],https://ve-cmaf-push-uk-live.akamaized.net/x=4/i=urn:bbc:pips:service:uk_bbc_stream_006/iptv_hd_abr_v1.mpd
BBC Red Button 7 (720p) [Geo-blocked],https://ve-cmaf-push-uk-live.akamaized.net/x=4/i=urn:bbc:pips:service:uk_bbc_stream_007/iptv_hd_abr_v1.mpd
BBC Red Button 8 (720p) [Geo-blocked],https://ve-cmaf-push-uk-live.akamaized.net/x=4/i=urn:bbc:pips:service:uk_bbc_stream_008/iptv_hd_abr_v1.mpd
BBC Red Button 9 (720p) [Geo-blocked],https://ve-cmaf-push-uk-live.akamaized.net/x=4/i=urn:bbc:pips:service:uk_bbc_stream_009/iptv_hd_abr_v1.mpd
BBC Red Button 10 (720p) [Geo-blocked],https://ve-cmaf-push-uk-live.akamaized.net/x=4/i=urn:bbc:pips:service:uk_bbc_stream_010/iptv_hd_abr_v1.mpd
BBC Red Button 11 (720p) [Geo-blocked],https://ve-cmaf-push-uk-live.akamaized.net/x=4/i=urn:bbc:pips:service:uk_bbc_stream_011/iptv_hd_abr_v1.mpd
BBC Red Button 12 (720p) [Geo-blocked],https://ve-cmaf-push-uk-live.akamaized.net/x=4/i=urn:bbc:pips:service:uk_bbc_stream_012/iptv_hd_abr_v1.mpd
BBC Red Button 13 (720p) [Geo-blocked],https://ve-cmaf-push-uk-live.akamaized.net/x=4/i=urn:bbc:pips:service:uk_bbc_stream_013/iptv_hd_abr_v1.mpd
BBC Red Button 14 (720p) [Geo-blocked],https://ve-cmaf-push-uk-live.akamaized.net/x=4/i=urn:bbc:pips:service:uk_bbc_stream_014/iptv_hd_abr_v1.mpd
BBC Red Button 15 (720p) [Geo-blocked],https://ve-cmaf-push-uk-live.akamaized.net/x=4/i=urn:bbc:pips:service:uk_bbc_stream_015/iptv_hd_abr_v1.mpd
BBC Red Button 16 (720p) [Geo-blocked],https://ve-cmaf-push-uk-live.akamaized.net/x=4/i=urn:bbc:pips:service:uk_bbc_stream_016/iptv_hd_abr_v1.mpd
BBC Red Button 17 (720p) [Geo-blocked],https://ve-cmaf-push-uk-live.akamaized.net/x=4/i=urn:bbc:pips:service:uk_bbc_stream_017/iptv_hd_abr_v1.mpd
BBC Red Button 18 (720p) [Geo-blocked],https://ve-cmaf-push-uk-live.akamaized.net/x=4/i=urn:bbc:pips:service:uk_bbc_stream_018/iptv_hd_abr_v1.mpd
BBC Red Button 19 (720p) [Geo-blocked],https://ve-cmaf-push-uk-live.akamaized.net/x=4/i=urn:bbc:pips:service:uk_bbc_stream_019/iptv_hd_abr_v1.mpd
BBC Red Button 20 (720p) [Geo-blocked],https://ve-cmaf-push-uk-live.akamaized.net/x=4/i=urn:bbc:pips:service:uk_bbc_stream_020/iptv_hd_abr_v1.mpd
BBC Red Button 21 (720p) [Geo-blocked],https://ve-cmaf-push-uk-live.akamaized.net/x=4/i=urn:bbc:pips:service:uk_bbc_stream_021/iptv_hd_abr_v1.mpd
BBC Red Button 22 (720p) [Geo-blocked],https://ve-cmaf-push-uk-live.akamaized.net/x=4/i=urn:bbc:pips:service:uk_bbc_stream_022/iptv_hd_abr_v1.mpd
BBC Red Button 23 (720p) [Geo-blocked],https://ve-cmaf-push-uk-live.akamaized.net/x=4/i=urn:bbc:pips:service:uk_bbc_stream_023/iptv_hd_abr_v1.mpd
BBC Red Button 24 (720p) [Geo-blocked],https://ve-cmaf-push-uk-live.akamaized.net/x=4/i=urn:bbc:pips:service:uk_bbc_stream_024/iptv_hd_abr_v1.mpd
BBC Scotland HD (720p) [Geo-blocked],https://vs-cmaf-pushb-uk-live.akamaized.net/x=4/i=urn:bbc:pips:service:bbc_scotland_hd/iptv_hd_abr_v1.mpd
BBC Series,https://jmp2.uk/plu-60dafb9a0df1ba000758d37b.m3u8
BBC Series,https://jmp2.uk/plu-62e7fa5ab5062e0007dcf97d.m3u8
BBC Three HD (720p) [Geo-blocked],https://vs-cmaf-pushb-uk-live.akamaized.net/x=4/i=urn:bbc:pips:service:bbc_three_hd/iptv_hd_abr_v1.mpd
BBC Three/CBBC (720p),http://193.46.58.239:8080/CBBCHD/index.m3u8
BBC Top Gear (1080p),https://amg00793-amg00793c5-xumo-us-2664.playouts.now.amagi.tv/bbcstudios-bbctopgear8min-all/playlist.m3u8
BBC Top Gear (1080p) [Geo-blocked],https://amg00793-amg00793c5-firetv-us-4068.playouts.now.amagi.tv/playlist.m3u8
BBC Top Gear Finland (1080p),https://amg00793-amg00793c49-rakuten-fi-5848.playouts.now.amagi.tv/playlist.m3u8
BBC Top Gear France (1080p),https://amg00793-amg00793c45-rakuten-fr-5539.playouts.now.amagi.tv/playlist.m3u8
BBC Top Gear Germany (1080p),https://amg00793-amg00793c44-rakuten-de-5538.playouts.now.amagi.tv/playlist.m3u8
BBC Top Gear Italy (1080p),https://amg00793-amg00793c43-rakuten-it-5537.playouts.now.amagi.tv/playlist.m3u8
BBC Travel,https://jmp2.uk/plu-60e4519e6873180007d3cddb.m3u8
BBC Two HD (720p),http://193.46.58.239:8080/BBCTwoHD/index.m3u8
BBC Two Northern Ireland (540p) [Geo-blocked],https://vs-hls-pushb-uk-live.akamaized.net/x=4/i=urn:bbc:pips:service:bbc_two_northern_ireland_hd/pc_hd_abr_v2.m3u8
BBC Two Northern Ireland HD (720p) [Geo-blocked],https://vs-cmaf-pushb-uk-live.akamaized.net/x=4/i=urn:bbc:pips:service:bbc_two_northern_ireland_hd/iptv_hd_abr_v1.mpd
BBC Two Wales (720p) [Geo-blocked],https://vs-cmaf-pushb-uk-live.akamaized.net/x=4/i=urn:bbc:pips:service:bbc_two_wales_digital/iptv_hd_abr_v1.mpd
BBC UHD 1 (1080p),https://xemzi.short.gy/1000001
BBC UHD 2 (1080p),https://xemzi.short.gy/1000002
BBN TV (720p),https://streamer2.nexgen.bz/06-BBN/index.m3u8
BBS Buddhist Broadcasting (1080p),http://bbstv.clouducs.com:1935/bbstv-live/livestream/playlist.m3u8
BBS TV,https://bbstv.ug/hls/ch01/index.m3u8
BCN Gospel TV HD (720p),https://live1.ovalcast.com:3916/live/bcngospeltvlive.m3u8
BCS StarCross TV (576p),https://viewmedia7219.bozztv.com/wmedia/viewmedia100/web_001/Stream/playlist.m3u8
BD Televisión (720p),https://stream.oursnetworktv.com/latin/telegtmb/playlist.m3u8
BDNCOM (1080p),https://liveingesta318.cdnmedia.tv/badalonatvlive/smil:live.smil/playlist.m3u8
BE@TTV (1080p),https://tv.beatfm.nl/live.m3u8
Beach Bonfire Vibes (1080p),https://d104o6d3ybbtr3.cloudfront.net/playlist.m3u8
Beach Day (720p),https://jmp2.uk/plu-68bb162bb3900870ec364cbe.m3u8
Beach TV Florida & Alabama (720p),http://media4.tripsmarter.com:1935/LiveTV/DTVHD/playlist.m3u8
Beach TV Key West & Florida Keys (720p),https://5ed325193d4e1.streamlock.net:444/LiveTV/KTVHD/playlist.m3u8
Beach TV Myrtle Beach & The Grand Strand (720p),http://media4.tripsmarter.com:1935/LiveTV/MTVHD/playlist.m3u8
Beach TV Panama City (720p),http://media4.tripsmarter.com:1935/LiveTV/BTVHD/playlist.m3u8
Beats Radio (480p),https://videostream.shockmedia.com.ar:19360/beatsradio/beatsradio.m3u8
Beautiful Life TV,https://5ddce30eb4b55.streamlock.net/bltvhd/bltv1/playlist.m3u8
Beauty and the Beast,https://jmp2.uk/plu-6512ec7a2ce8e40008bdb433.m3u8
Beauty and the Beast,https://jmp2.uk/plu-6512d36ca765070008836eac.m3u8
Beauty and the Beast,https://jmp2.uk/plu-6512d6a0a1217e00092c1214.m3u8
Beavis and Butt-Head,https://jmp2.uk/plu-6486e8984cfc2c0008b6844e.m3u8
Beavis and Butt-Head,https://jmp2.uk/plu-6486e8328e3c0a0008e5686c.m3u8
Beavis and Butt-Head,https://jmp2.uk/plu-6486e8b48e3c0a0008e56914.m3u8
Beb TV (720p),https://live-hls-qunv.livepush.io/live_cdn/em8A-kbzIfHqu73/index.m3u8
Bebeto TV (1080p) [Not 24/7],https://edge.essastream.com/bebetotelevision/index.m3u8
Becker,https://jmp2.uk/plu-630348a54c48ce00077eb6c7.m3u8
Becker,https://jmp2.uk/plu-672e157d7d5da5000812872d.m3u8
Becker,https://jmp2.uk/plu-672e1634e482950008c759a5.m3u8
Becker,https://jmp2.uk/plu-672e16f5daad7f0008929a0d.m3u8
Beijing Traffic Radio TV [Geo-blocked],http://123.56.24.28:1935/live/fm1039/96K/tzwj_video.m3u8
Beijing Youth Radio [Geo-blocked],http://audiolive.rbc.cn:1935/live/am927/96K/tzwj_video.m3u8
beIN Box Office 1,https://nord.ayakkabiparti.lol/box1/index.m3u8
beIN Box Office 2,https://nord.ayakkabiparti.lol/box2/index.m3u8
beIN Box Office 3,https://nord.ayakkabiparti.lol/box3/index.m3u8
beIN Movies Stars,https://nord.ayakkabiparti.lol/bsaction1/index.m3u8
beIN Movies Turk,https://nord.ayakkabiparti.lol/bsturk/index.m3u8
beIN Sports USA (1080p) [Geo-blocked],https://messi.damitv.st/papi/ts/beinsports-usa/playlist.m3u8
beIN SPORTS XTRA (1080p),https://bein-xtra-bein.amagi.tv/playlist.m3u8
beIN SPORTS XTRA en Espanol (1080p),http://201.190.41.246:9060/play/a03y/index.m3u8
BeitolAbbas TV Channel (720p),https://live.beitolabbas.tv/live/beitolabbastv.m3u8
BeJoy.kids (1080p),https://stream.paroledivita.org/bejoy.m3u8
BEK TV News (720p),https://cdn3.wowza.com/5/ZWQ1K2NYTmpFbGsr/BEK-WOWZA-1/smil:BEKPRIMEeast.smil/playlist.m3u8
BEK TV Sports West (720p),https://cdn3.wowza.com/5/ZWQ1K2NYTmpFbGsr/BEK-WOWZA-1/smil:BEKPRIMEW.smil/playlist.m3u8
Bel RTL (1080p),https://bel-live-hls.akamaized.net/hls/live/2038650/BEL-Live-HLS/master.m3u8
Belarus-1 (1080p),https://ngtrk.dc.beltelecom.by/ngtrk/_definst_/smil:belarus1.smil/playlist.m3u8
Belarus-1 HD (1080p),https://ngtrk.dc.beltelecom.by/ngtrk/smil:belarus1.smil/playlist.m3u8
Belarus-2 HD (1080p),https://ngtrk.dc.beltelecom.by/ngtrk/smil:belarus2.smil/playlist.m3u8
Belarus-3 HD (1080p) [Not 24/7],https://ngtrk.dc.beltelecom.by/ngtrk/smil:belarus3.smil/playlist.m3u8
Belarus-4 Vitebsk (1080p),https://ngtrk.dc.beltelecom.by/vtv/bt4.stream/playlist.m3u8
Belarus-5 (1080p) [Not 24/7],https://ngtrk.dc.beltelecom.by/ngtrk/smil:belarus5.smil/playlist.m3u8
Belarus-5 HD (1080p),http://178.124.179.122:8080/BT5/index.m3u8
Belarus-24 (576p),http://ott-7.sevstar.net/belarus24/index.m3u8
Belarus-24 HD (1080p),https://ngtrk.dc.beltelecom.by/ngtrk/smil:belarus24.smil/playlist.m3u8
Bella Abanquina TV (720p),https://live-evg8.tv360.bitel.com.pe/bitel/bellaabanquinaSRT/playlist.m3u8
Bella Italia (Radio) [Geo-blocked],http://80.79.6.221:25461/smash/public/26
Bellator MMA,https://jmp2.uk/plu-5ebc8688f3697d00072f7cf8.m3u8
Bellavision (1080p) [Not 24/7],https://fox.hostlagarto.com:8081/bellavision8hd/tracks-v1a1/mono.m3u8
BelRos (720p),https://souzny.mediacdn.ru/cdn/souzny/playlist.m3u8
Belsat TV (576p),https://iptv.prosto.tv/ch171/index.m3u8
Bem Melhor (720p),https://cdn-tiva-video01-logicahost-com-br.smartbit.co/bemmelhor/bemmelhor/playlist.m3u8
Bendicion Channel (720p),https://s.emisoras.tv:8081/bendicionchannel/index.m3u8
Benguturk TV (1080p),http://185.234.111.229:8000/play/a05u
Benie TV (720p),https://tv.voozmedia.fun/benietv/index.m3u8
Bénin Web TV (720p),https://stream.beninwebtv.bj/2/live/stream.m3u8
Beond TV (720p) [Geo-blocked],https://amg01681-beondtv-amg01681c1-klowdtv-us-1826.playouts.now.amagi.tv/playlist/amg01681-beondtv-beondtv-klowdtvus/playlist.m3u8
Berente TV (1080p),https://stream.streaming4u.hu/BerenteTV/index.m3u8
Bergamo TV (1080p),https://db142859fd5541b09de25d6507f1f2d3.msvdn.net/live/S17501676/oIxAsgEEA46M/playlist_dvr.m3u8
Berita RTM [Geo-blocked],https://d25tgymtnqzu8s.cloudfront.net/smil:berita/playlist.m3u8?id=5
BeritaSatu (1080p),https://xtdslboppkkv-pull.bpmedialive.com/live/beritasatu/abr.m3u8
Berks Community TV (1080p),https://livestream.telvue.com/berkscmttv2/f7b44cfafd5c52223d5498196c8a2e7b.sdp/playlist.m3u8
Best Action TV (1080p),https://streams2.sofast.tv/v1/master/611d79b11b77e2f571934fd80ca1413453772ac7/9a4a5412-ca99-48d3-9013-d1811b95b9d2/manifest.m3u8
Best Drama TV (1080p),https://streams2.sofast.tv/v1/master/611d79b11b77e2f571934fd80ca1413453772ac7/9800ea5c-2183-4160-9f01-70e5d6428a50/manifest.m3u8
Best of Bobby Flay by Food Network (720p),https://jmp2.uk/plu-68bb167e00a2f063fdf7ee8f.m3u8
Best of Dance TV (1080p),https://m1b2.worldcast.tv/dancetelevisionone/dancetelevisionone.m3u8
Best of Dr. Phil,https://jmp2.uk/plu-666815f24b9fb400083f7e31.m3u8
Best of Magnus Midtbø,https://jmp2.uk/plu-69d7a0d0f57dc59a5f928fb2.m3u8
Best of Magnus Midtbø,https://jmp2.uk/plu-69d7a0dc805a68fcc92037b7.m3u8
Best of MTV,https://jmp2.uk/plu-632aff5e44111b00076ad9b1.m3u8
Best of MTV,https://jmp2.uk/plu-632afc466699570007ed1106.m3u8
Best of MTV,https://jmp2.uk/plu-632afdf820e83e000710ea12.m3u8
Best of Paradise Hotel: Finalveckan,https://jmp2.uk/plu-65e97d41f7f0af0008da2543.m3u8
Best of Paradise Hotel: Kyssar & kärlek,https://jmp2.uk/plu-65b1077e0d9ab40008245b20.m3u8
Best of Paradise Hotel: Pandoras Ask,https://jmp2.uk/plu-65e97d760d456100082da660.m3u8
Best of Paradise Hotel: Skolveckan,https://jmp2.uk/plu-65e97cd118036500082ed0ce.m3u8
Best of The Drew Barrymore Show,https://jmp2.uk/plu-62beb692cda2b10007d5fd76.m3u8
Best of The Drew Barrymore Show,https://jmp2.uk/plu-630478cfdb5a4a0007ec255e.m3u8
Best of The Drew Barrymore Show,https://jmp2.uk/plu-630483153a21200007f1920f.m3u8
Best of The Drew Barrymore Show,https://jmp2.uk/plu-6310cbee5a8ad300070fdb7c.m3u8
Best Thriller TV (1080p),https://streams2.sofast.tv/v1/master/611d79b11b77e2f571934fd80ca1413453772ac7/ce168a85-c8d4-41d6-a597-cc8fd7baddd9/manifest.m3u8
Best TV (720p) [Not 24/7],http://push-int.siliconweb.com/bestTV/stream/playlist.m3u8
BestClasicosTV (720p) [Not 24/7],https://acceso.mediosdecostarica.com:3873/hybrid/play.m3u8
BET,https://jmp2.uk/plu-61c1939b8929e40007ff6382.m3u8
BET,https://jmp2.uk/plu-61dd5bf8db0b8e00080804ff.m3u8
BET,https://jmp2.uk/plu-61c187ef1efe1b0007571711.m3u8
BET (720p),http://40.160.24.56/BET_EAST_SD/index.m3u8
BET25 LIVE (720p),https://jmp2.uk/plu-6405d444d200410008009419.m3u8
BET25 Live+,https://jmp2.uk/plu-675c0762f433320008707f68.m3u8
BET Cinema,https://jmp2.uk/plu-58af4c093a41ca9d4ecabe96.m3u8
BET Classics,https://jmp2.uk/plu-60f85644a9493e0007a1f035.m3u8
BET Comedy Movies,https://jmp2.uk/plu-68c32d88f56983aba40052bd.m3u8
BET Her (720p),http://40.160.24.56/BET_HER_SD/index.m3u8
BET Jams (720p),http://40.160.24.56/BET_JAMS_SD/index.m3u8
BET Pluto TV,https://jmp2.uk/plu-604f8f8622166000071a929f.m3u8
BET Pluto TV,https://jmp2.uk/plu-5ff768b6a4c8b80008498610.m3u8
BET Pluto TV,https://jmp2.uk/plu-5ca670f6593a5d78f0e85aed.m3u8
BET Soul (720p),http://40.160.24.56/BET_SOUL_SD/index.m3u8
BET Throwbacks,https://jmp2.uk/plu-61326275b3c86a00078e4833.m3u8
BET Visionaries,https://jmp2.uk/plu-663946c1b18d700008d9c168.m3u8
BET West (720p),http://40.160.24.56/BET_WEST_SD/index.m3u8
BET x Tyler Perry Comedy (1080p),https://d3vmpkkd3o2grv.cloudfront.net/playlist.m3u8
BET x Tyler Perry Comedy (720p),https://jmp2.uk/plu-666b265722acab000885c6aa.m3u8
BET x Tyler Perry Drama (1080p),https://doumbtmvnsp0z.cloudfront.net/playlist.m3u8
BET x Tyler Perry Drama (720p),https://jmp2.uk/plu-666b38a5efa2a10008b15b3a.m3u8
Bethel TV (720p),https://alfa.betheltv.tv/srt/3_abr/playlist.m3u8
Better Health TV (480p),https://tgn.bozztv.com/betterlife/betterhealth/betterhealth/index.m3u8
Better Life Nature Channel (480p),https://tgn.bozztv.com/betterlife/betternature/betternature/index.m3u8
Better Life TV (720p),https://tgn.bozztv.com/betterlife/betterlife/betterlife/index.m3u8
Beverly Hillbillies,https://jmp2.uk/plu-5f7796e470510900070d4e3d.m3u8
Beverly Hills 90210,https://jmp2.uk/plu-60afb576053df900076fa2f0.m3u8
Beverly Hills 90210,https://jmp2.uk/plu-5f4d83e0a382c00007bc02e7.m3u8
Beverly Hills Television 10 (720p),https://cdn3.wowza.com/5/V2Y2VmhqMEFDTUkx/beverlyhills/G0072_006/playlist.m3u8
Beverly Hills Television 35 (720p),https://cdn3.wowza.com/5/V2Y2VmhqMEFDTUkx/beverlyhills/G0072_007/playlist.m3u8
Beyaz TV (720p) [Not 24/7],https://mn-nl.mncdn.com/blutv_beyaztv2/live.m3u8
Beyblade (1080p),https://amg01796-amg01796c6-rakuten-fr-5334.playouts.now.amagi.tv/playlist/amg01796-fastmediafast-beybladefr-rakutenfr/playlist.m3u8
Beyblade,https://jmp2.uk/plu-633dc392e0282400071b0d39.m3u8
Beyblade,https://jmp2.uk/plu-664c8ba33d173b00080ef0c8.m3u8
Beyblade en Español (1080p),https://amg01796-amg01796c8-rakuten-es-5333.playouts.now.amagi.tv/playlist/amg01796-fastmediafast-beybladees-rakutenes/playlist.m3u8
Beyond Belief: Fact or Fiction,https://jmp2.uk/plu-611f85396abc84000738417b.m3u8
Beyond History,https://jmp2.uk/plu-62fb9844db5a4a0007ebc2a3.m3u8
Beyond Paranormal (1080p),https://videoelephantlimited-beyondparanormal-1-us.ohlscdn.wurl.tv/playlist.m3u8
Beyond Paranormal (720p),https://a-cdn.klowdtv.com/live3/beyondparanormal_720p/playlist.m3u8
Beyond the Gates,https://jmp2.uk/plu-687ff00ff6bc08130f16ab81.m3u8
BFM2 (1080p),https://d1ib1gsg71oarf.cloudfront.net/v1/master/3722c60a815c199d9c0ef36c5b73da68a62b09d1/cc-scp7wda722jph/BFM2_FR.m3u8
BFM Alsace (1080p),https://ncdn-live-bfm.pfd.sfr.net/shls/LIVE$BFM_ALSACE/index.m3u8?end=END&start=LIVE
BFM Business (1080p),https://ncdn-live-bfm.pfd.sfr.net/shls/LIVE$BFM_BUSINESS/index.m3u8?end=END&start=LIVE
BFM DICI Alpes du Sud (1080p),https://ncdn-live-bfm.pfd.sfr.net/shls/LIVE$BFM_DICI_ALPESDUSUD/index.m3u8?end=END&start=LIVE
BFM DICI Haute-Provence (1080p),https://ncdn-live-bfm.pfd.sfr.net/shls/LIVE$BFM_DICI_HAUTEPROVENCE/index.m3u8?end=END&start=LIVE
BFM Grand Lille (1080p),https://ncdn-live-bfm.pfd.sfr.net/shls/LIVE$BFMGRANDLILLE/index.m3u8?end=END&start=LIVE
BFM Grand Littoral (1080p),https://ncdn-live-bfm.pfd.sfr.net/shls/LIVE$BFMGRANDLITTORAL/index.m3u8?end=END&start=LIVE
BFM Grands Reportages (1080p),https://ncdn-live-bfm.pfd.sfr.net/shls/LIVE$BFM_GRANDSREPORTAGES/index.m3u8?end=END&start=LIVE
BFM Lyon (1080p),https://ncdn-live-bfm.pfd.sfr.net/shls/LIVE$BFM_LYON/index.m3u8?end=END&start=LIVE
BFM Marseille (1080p),https://ncdn-live-bfm.pfd.sfr.net/shls/LIVE$BFM_MARSEILLEPROV/index.m3u8?end=END&start=LIVE
BFM Nice Côte d'Azur (1080p),https://ncdn-live-bfm.pfd.sfr.net/shls/LIVE$BFM_NICECOTEDAZUR/index.m3u8?end=END&start=LIVE
BFM Normandie (1080p),https://ncdn-live-bfm.pfd.sfr.net/shls/LIVE$BFM_NORMANDIE/index.m3u8?end=END&start=LIVE
BFM Tech & Co (1080p),https://ncdn-live-bfm.pfd.sfr.net/shls/LIVE$BFM_TECHANDCO/index.m3u8?end=END&start=LIVE
BFM Toulon Var (1080p),https://ncdn-live-bfm.pfd.sfr.net/shls/LIVE$BFM_TOULONVAR/index.m3u8?end=END&start=LIVE
BFM TV (1080p),https://ncdn-live-bfm.pfd.sfr.net/shls/LIVE$BFM_TV/index.m3u8?end=END&start=LIVE
BHA TV (1080p),https://streamer2.nexgen.bz/15-BHA/index.m3u8
Bhakthi TV (720p),https://cdn-1.pishow.tv/live/397/master.m3u8
Bharat24 (1080p),https://cdn.ottlive.co.in/bharat24/index.fmp4.m3u8
Bharat Express (480p),https://stream1.livebox.co.in/VCAREhls/live.m3u8
Bharat Samachar (480p),https://idvd.multitvsolution.com/idvo/bharatsamachar.m3u8
Bhojpuri Cinema (720p),http://103.213.31.109:90/BhojpuriCinema/playlist.m3u8
BHRT (720p) [Geo-blocked],https://bhrtstream.bhtelecom.ba/bhrtportal.m3u8
BHT 1 (720p),https://webtvstream.bhtelecom.ba/hls13/bhrtportal_hd_1200.m3u8
Bialogardzka Telewizja Kablowa (1080p),https://bsmbialogard.pl/live/index.m3u8
Bibel TV (720p),https://bibint01.iptv-playoutcenter.de/bibint01/bibint01.stream_all/playlist.m3u8
Bibel TV Impuls (720p),https://bibeltv02.iptv-playoutcenter.de/bibeltv02/bibeltv02.stream_1/playlist.m3u8
Bibel TV Musik (720p),https://bibeltv03.iptv-playoutcenter.de/bibeltv03/bibeltv03.stream_1/playlist.m3u8
Big 12 Studios (1080p),https://d18pj8s9gbivdq.cloudfront.net/The_Big_12.m3u8
Big 12 Studios (1080p),https://amg01258-raycom-amg01258c7-xumo-us-5514.playouts.now.amagi.tv/playlist.m3u8
Big 12 Studios (720p) [Geo-blocked],https://aegis-cloudfront-1.tubi.video/d61265ac-4c98-4243-8e23-31fff4d399e1/playlist.m3u8
Big Brother,https://jmp2.uk/plu-6661f11a41af6400080e90d8.m3u8
BIG BROTHER CLASSIC,https://jmp2.uk/plu-663e09e4b18d700008e48dcf.m3u8
BIG Civic Channel,https://reflect-brookline-interactive-group.cablecast.tv/live-5/live/stream-2/live.m3u8
BIG Community Channel,https://reflect-brookline-interactive-group.cablecast.tv/live-4/live/stream-1/live.m3u8
Big Magic (576p),http://103.175.73.12:8080/live/13/13_0.m3u8
Big Ten Network (720p),http://23.237.104.106:8080/USA_BTN/index.m3u8
Big Time Plus (1080p),https://shd-gcp-live.edgenextcdn.net/live/bitmovin-big-time-plus/924283f994779a311c1389698ff7e736/index.m3u8
BIG TV (720p),https://cdn-1.pishow.tv/live/1059/master.m3u8
Big TV 24x7 (576i),https://d2gvyg6lvauoko.cloudfront.net/230226/bigtvmalyalam/chunks.m3u8
Bigtime,https://103f01c3ff79408e83c9212f8a374ecc.mediatailor.us-east-1.amazonaws.com/v1/master/0fb304b2320b25f067414d481a779b77db81760d/RakutenTV-eu_BjgtjmeDarmoweFilmy/playlist.m3u8
Bigudi (576p),http://stream.mcquack.net/340/index.m3u8
Billboard TV (1080p),https://d2zmd59prfyzho.cloudfront.net/Billboard_TV.m3u8
Billiard TV (1080p) [Geo-blocked],https://pb-wm04vonaerv0k.akamaized.net/billi.m3u8
Billiards+ (1080p),https://streams2.sofast.tv/WiseM3U8_18/sofast/cleanhls/master.m3u8
Bilyonaryo News Channel (1080p),https://streams.comclark.com/transcode/bilyonaryo/playlist.m3u8
Binge,https://videostack1.cdnstream1.com:1936/binge-tv/binge-tv/playlist.m3u8
Bio Bio TV (720p),https://jireh-7-hls-video-us-isp.dps.live/hls-video/339f69c6122f6d8f4574732c235f09b7683e31a5/bbtv/bbtv.smil/playlist.m3u8
Biography The Icons (1080p),https://dkaiai6digij6.cloudfront.net/Lights_Legends_Icons.m3u8
Biosfera TV (720p) [Not 24/7],https://tvdatta.com:3021/live/biosferatvlive.m3u8
Bir TV (720p),https://edge.taksimbilisim.com/birtv/bant1/playlist.m3u8
bitMe (1080p),https://cablered.iptvperu.tv:1936/cablered/bitme-srt_new/playlist.m3u8
bitMe Latin America (1080p),https://cablered.iptvperu.tv:1936/cablered/bitme_new/playlist.m3u8
BIZ Cinema (1080p),https://fl.biztv.media/cinema_720_EMfSyXgoRdiIHgldXTZICucKTIeCKO/index.m3u8
BIZ Music (1080p),https://fl.biztv.media/music_720_QAKpGmVUjaPApCNjpsgBxrdqNihAkl/index.m3u8
Biz TV (1080p),https://2-fss-1.streamhoster.com/pl_154/205722-2251224-1/playlist.m3u8
BIZ TV (1080p),https://fl.biztv.media/biz_tv_720_uni8jhub4h8fub4idejswh8dh3j94finbu4nidj39inwsj92in3d/index.m3u8
BizaarTV (720p),https://d3s08lnvd4zcd7.cloudfront.net/webvtt/v1/18584c3f3a2a4df8/88886061/master.m3u8
Biznet Adventure (1080p),http://livestream.biznetvideo.net/biznet_adventure/smil:adventure.smil/playlist.m3u8
Biznet Kids (1080p),http://livestream.biznetvideo.net/biznet_kids/smil:kids.smil/index.m3u8
Biznet Lifestyle (1080p),http://livestream.biznetvideo.net/biznet_lifestyle/smil:lifestyle.smil/index.m3u8
Bizz TV (1080p),https://stream.bizzmedia.biz/bizz_tv/index.m3u8
BL-TV/TV Storbyen (720p) [Not 24/7],https://5eeb3940cfaa0.streamlock.net/webtv_live/_definst_/mp4:kanalnordvest/playlist.m3u8
Black Enterprise Streaming Network (1080p),https://videoelephant-limited-blackenterprisestreamingnetwork-1-us.ohlscdn.wurl.tv/playlist.m3u8
Black Enterprise Streaming Television (720p),https://a-cdn.klowdtv.com/live3/blackenterprise_720p/playlist.m3u8
Black Family Sitcoms,https://jmp2.uk/plu-686d61503484d6073283059d.m3u8
Black Ink Crew,https://jmp2.uk/plu-5d51e2bceca5b4b2c0e06c50.m3u8
Black News Channel (1080p),https://blacknewschannel-xumo-us.amagi.tv/playlist.m3u8
Black Sea TV,https://ext.cdn.nashnet.tv/228.0.0.136/index.m3u8
Blaze (576p) [Geo-blocked],https://live-blaze-ssai.simplestreamcdn.com/v1/master/774d979dd66704abea7c5b62cb34c6815fda0d35/blaze-live-broadcast-scte/index.m3u8
Blaze Live (720p),https://jmp2.uk/plu-5e46fba0c43b0d00096e5ac1.m3u8
Bleav Football (1080p),https://linear-493.frequency.stream/dist/glewedtv/493/hls/master/playlist.m3u8
Blippi (1080p),https://d2p70ev1g5q1aj.cloudfront.net/Blippi_SONO46.m3u8
Blitstv,https://stmv1.transmissaodigital.com/blitstv/blitstv/playlist.m3u8
BLK Regional TV (1080p),https://58bd5b7a98e04.streamlock.net/medienasa-live/_definst_/mp4:BLKonline_high/playlist.m3u8
Blokbaster HD (1080p),http://stream.mcquack.net/364/index.m3u8
Bloodline Detectives (1080p),https://4399c7ad.wurl.com/master/f36d25e7e52f1ba8d7e56eb859c636563214f541/U2Ftc3VuZy1nYl9NZWRpY2FsRGV0ZWN0aXZlc19ITFM/playlist.m3u8
Bloodline Detectives (720p),https://jmp2.uk/plu-63d91cc58795f30008678e9d.m3u8
Bloomberg Originals,https://e96a7526.wurl.com/master/f36d25e7e52f1ba8d7e56eb859c636563214f541/UmFrdXRlblRWLWV1X0Jsb29tYmVyZ09yaWdpbmFsc19ITFM/playlist.m3u8
Bloomberg Originals (1080p),https://86fdc85a.wurl.com/master/f36d25e7e52f1ba8d7e56eb859c636563214f541/TEctZ2JfQmxvb21iZXJnT3JpZ2luYWxzX0hMUw/playlist.m3u8
Bloomberg Originals (1080p),https://bloomberg.com/media-manifest/streams/qt.m3u8
Bloomberg TV (1080p),http://23.237.104.106:8080/USA_BLOOMBERG/index.m3u8
Bloomberg TV Asia (720p),https://bloomberg.com/media-manifest/streams/asia.m3u8
Bloomberg TV Asia Live Event (720p),https://bloomberg.com/media-manifest/streams/asia-event.m3u8
Bloomberg TV Australia (270p),https://bloomberg.com/media-manifest/streams/aus.m3u8
Bloomberg TV Bulgaria,http://213.91.179.28:8000/play/a04m
Bloomberg TV EMEA Live Event (720p),https://bloomberg.com/media-manifest/streams/eu-event.m3u8
Bloomberg TV Europe (720p),https://bloomberg.com/media-manifest/streams/eu.m3u8
Bloomberg TV Mongolia HD (1080p),https://cdn4.skygo.mn/live/disk1/BloombergMon/DASH-FTA/BloombergMon.mpd
Bloomberg TV US Live Event (720p),https://bloomberg.com/media-manifest/streams/us-event.m3u8
Bloomberg TV US Politics Live Event (720p),https://bloomberg.com/media-manifest/streams/politics.m3u8
Bloomberg TV+ (2160p),https://d8975dc3.wurl.com/master/f36d25e7e52f1ba8d7e56eb859c636563214f541/U2Ftc3VuZy1nYl9CbG9vbWJlcmdUVlBsdXNfSExT/playlist.m3u8
Bloomberg TV+,https://86ebec83.wurl.com/master/f36d25e7e52f1ba8d7e56eb859c636563214f541/UmFrdXRlblRWLWV1X0Jsb29tYmVyZ1RWUGx1c19ITFM/playlist.m3u8
BloombergHT (720p),https://ciner-live.daioncdn.net/bloomberght/bloomberght.m3u8
Bloomfield Access Government TV (480p),https://reflect-batv.cablecast.tv/live-3/live/live.m3u8
Bloomfield Access TV Channel 5 (480p),https://reflect-batv.cablecast.tv/live-5/live/live.m3u8
Blu Radio (720p),https://mdstrm.com/live-stream-playlist/58d1921a72e2b22e2905e493.m3u8
Blue Bloods,https://jmp2.uk/plu-66f55a9a747bfa0008521859.m3u8
Blue Bloods,https://jmp2.uk/plu-61b3b8c645b45d0007a9bb8d.m3u8
Blue Mountain State,https://jmp2.uk/plu-67ff7dd84906b1acfad97330.m3u8
Blue Sky TV (720p),https://cdn5.smart-tv-data.com/bluesky/bluesky-live/playlist.m3u8
Blues TV,https://2-fss-2.streamhoster.com/pl_138/205510-3094608-1/playlist.m3u8
BM&C News (720p),https://jmp2.uk/plu-666c9c60a7efd40008f552f0.m3u8
BMC-HD TV (720p),https://livestream.telvue.com/belmontmedia4/f7b44cfafd5c52223d5498196c8a2e7b.sdp/playlist.m3u8
BMG TV,https://tv.nucast.tv/lb/ge/bmg/index.m3u8
BN Channel (720p),https://flv.intechmedia.net/live/ch112.m3u8
BNB Digital (720p),https://live-evg8.tv360.bitel.com.pe/bitel/bnbSRT/playlist.m3u8
BNN Bloomberg,https://pe-ak-lp01a-9c9media.akamaized.net/live/News1BNNDigi/p/dash/00000001/1bba52dc66e4c68e/manifest.mpd
BNR Nieuwsradio (720p) [Geo-blocked],https://bnr-cache-cdp.triple-it.nl/studio/index.m3u8
BNT 1 (1080p),https://shift03.isp.bg/BNT1_HD/index.m3u8
BNT 2 (1080p),https://shift03.isp.bg/BNT2_HD/index.m3u8
BNT 3 (1080p),https://shift03.isp.bg/BNT3_HD/index.m3u8
BNT 4 (1080p),https://shift03.isp.bg/BNT4_HD/index.m3u8
Boas Novas (1080p),https://cdn.jmvstream.com/w/LVW-9375/LVW9375_6i0wPBCHYc/playlist.m3u8
Bob Esponja (720p),https://jmp2.uk/plu-5f1aca0b4e448e00075e7c5e.m3u8
Bob Esponja Calça Quadrada (720p),https://jmp2.uk/plu-62545c0b002f4b0007688b61.m3u8
Bob Esponja Pantalones Cuadrados (720p),https://jmp2.uk/plu-6254598f5083f800076d8563.m3u8
Bob l'éponge (720p),https://jmp2.uk/plu-5ffc8c345822750007e167de.m3u8
Bob l'éponge (720p),https://jmp2.uk/plu-66588931a3865300085ca800.m3u8
Boca Chica TV (720p) [Not 24/7],https://fox.hostlagarto.com:8081/bocachicatv/tracks-v1a1/mono.m3u8
Boishakhi TV,https://boishakhi.sonarbanglatv.com/boishakhi/boishakhitv/index.m3u8
BOKTV (720p) [Not 24/7],https://livestream2.bokradio.co.za/hls/Bok5c.m3u8
Bolajon (576p),https://stream8.cinerama.uz/1007/playlist.m3u8
Boligjakten,https://jmp2.uk/plu-61c1dc21b9587d0007e3fc15.m3u8
Boligkjøp i blinde,https://jmp2.uk/plu-63c6a1c46d126a000760b91c.m3u8
Boligkøb i blinde,https://jmp2.uk/plu-63c6a27a4faf1c0007b48f7b.m3u8
Bolivia TV (1080p),http://15.204.246.24:8080/BoliviaTvHD/index.m3u8
Bolivision (1080p),http://15.204.246.24:8080/BolivisionHD/index.m3u8
Bolivision Santa Cruz (720p),https://d1mws3umreue1g.cloudfront.net/index.m3u8
Bollywood 4U (1080p),https://streams2.sofast.tv/umaxx/v1/0196d96223231ea506ec2e7986613e/0196d96312d71ebd416a37ff7b3317/playlist.m3u8
Bollywood HD (1080p),http://103.213.31.109:90/BollywoodHD/playlist.m3u8
Bollywood HD Russia (576p),https://xykt-fix.github.io/cinerama_edge01/hls/BOLLYWOOD_RU/Movie009.m3u8
Bollywood Masala (1080p),https://streams2.sofast.tv/vglive-sk-373192/index.m3u8
Bolt (576p),http://hls127.freeott.top:8080/Bolt/video.m3u8
Bolt (1080p),http://stream.mcquack.net/73/index.m3u8
Bolton Community Voice Channel (CVC) Education (Bolton CT) (480p),https://dlttx48mxf9m3.cloudfront.net/vod_clients/bolton/live/ch2/video.m3u8
Bolton Community Voice Channel (CVC) Government (Bolton CT) (480p),https://dlttx48mxf9m3.cloudfront.net/vod_clients/bolton/live/ch3/video.m3u8
Bolton Community Voice Channel (CVC) Public (Bolton CT) (480p),https://dlttx48mxf9m3.cloudfront.net/vod_clients/bolton/live/ch1/video.m3u8
Bom Channel (720p),https://5f22d76e220e1.streamlock.net/canale6/canale6/playlist.m3u8
bon appétit (1080p),https://bonappetit-samsung.amagi.tv/playlist.m3u8
Bon Dia TV (1080p),https://directes-tv-int.3catdirectes.cat/live-content/bondia-hls/master.m3u8
Bonaire.tv (1080p) [Not 24/7],https://media.streambrothers.com:1936/8506/8506/playlist.m3u8
Bonanza,https://jmp2.uk/plu-696e647b07ea70192d49f6a5.m3u8
Bonanza,https://jmp2.uk/plu-68e9913c4a666b9054849832.m3u8
Bonao TV (720p) [Not 24/7],https://tele-stream.telecasa.net/live/st2/bonaotv-hd/index.m3u8
Bonce TV (480p) [Not 24/7],https://seswa.bonce.tv/hls/bonceswa.m3u8
Bonches Latinos TV (720p),https://5790d294af2dc.streamlock.net/latinostv/latinostv/playlist.m3u8
Bondi Rescue (1080p) [Geo-blocked],https://pb-xcqdiadvt1x0q.akamaized.net/playlist.m3u8
Bondi Rescue,https://jmp2.uk/plu-660be37e7bcd860008793a6a.m3u8
Bondi Rescue (720p),https://jmp2.uk/plu-660d66be7bcd8600087cfee5.m3u8
Bondi Rescue (720p),https://jmp2.uk/plu-660d67c419ca71000849a4e9.m3u8
Bondi Rescue (720p),https://jmp2.uk/plu-660d67eec8311c0008b8c3f7.m3u8
Bondi Rescue (720p),https://jmp2.uk/plu-66166989635c7500084105a2.m3u8
Bondi Vet (720p),https://wtfn-bondivet-1-au.samsung.wurl.tv/playlist.m3u8
Bondi Vet (720p),https://wtfn-bondivet-1-nz.samsung.wurl.tv/playlist.m3u8
Boom TV (1080p),https://tvboom.ro/live-tv/live.m3u8
Boonniyom TV,https://live.x2.co.th/live/bntv.m3u8
Boreal (720p) [Not 24/7],https://edge.essastream.com/borealtelevision/tracks-v1a1/mono.m3u8
Born to Kill (1080p),https://amg00654-itv-amg00654c7-samsung-gb-1168.playouts.now.amagi.tv/playlist/amg00654-itvstudiosfast-truelives-samsunggb/playlist.m3u8
Born to Kill (720p),https://jmp2.uk/plu-650315163a0d700008bb07f8.m3u8
Boruto: Naruto Next Generations,https://jmp2.uk/plu-656f389c3944b60008e5bdab.m3u8
Boruto: Naruto Next Generations,https://jmp2.uk/plu-656f37f257fe4a000884dfee.m3u8
Boruto: Naruto Next Generations,https://jmp2.uk/plu-696997049889f8db34c936c2.m3u8
Boss Brothers TV (1080p),http://51.254.199.122:8080/bossbrothersTV/index.m3u8
Bouke (504p),https://dlgt0tdl2hpq3.cloudfront.net/rtbf/clr-rtbf/e1ccc6aa/index.m3u8
Bounce (1080p),http://40.160.24.58/BOUNCE_TV/index.m3u8
Bounce XL (1080p),https://cdn-uw2-prod.tsv2.amagi.tv/linear/amg01438-ewscrippscompan-bouncexl-tablo/playlist.m3u8
Box Kids TV (720p),http://45.190.28.50/BOX_KIDS_HD/index.m3u8
BOX TV,http://213.91.179.28:8000/play/a0an
BPX TV Radio,https://video1.getstreamhosting.com:1936/8212/8212/playlist.m3u8
BR6 TV (720p),https://58c04fb1d143f.streamlock.net/slob/slob/playlist.m3u8
BR8 TV,https://cdn.live.br1.jmvstream.com/w/LVW-11668/ngrp:LVW11668_wiJpjbMrks_all/playlist.m3u8
BR Fernsehen Nord (720p),https://mcdn.br.de/br/fs/bfs_nord/hls/de/master.m3u8
BR Fernsehen Sud (1080p),https://mcdn.br.de/br/fs/bfs_sued/hls/de/master.m3u8
Bragado TV,https://mp.panelchs.com:1936/8028/ngrp:8028_all/playlist.m3u8
Brat TV (1080p),https://streams2.sofast.tv/v1/master/611d79b11b77e2f571934fd80ca1413453772ac7/04072b68-dc6a-4d5e-98af-f356ba8d5063/playlist.m3u8
Brave Wilderness (1080p),https://d95zc3i1pxhs7.cloudfront.net/playlist.m3u8
Bravo (720p),http://40.160.24.56/BRAVO_SD/index.m3u8
Bravo +1,https://i.mjh.nz/.r/bravo-plus1.m3u8
Bravo Farsi TV (360p),https://bravoohls.wns.live/hls/stream.m3u8
Bravo TV (1080p),https://redirector.rudo.video/hls-video/c54ac2799874375c81c1672abb700870537c5223/bravo/bravo.smil/playlist.m3u8
Bravo Vault (1080p),https://xumo-xumoent-vc-114-x0p7i.fast.nbcuni.com/live/master.m3u8
Bravo Vault (720p),https://jmp2.uk/plu-6549310a53fc97000838fcc9.m3u8
Bravo! Kids TV,https://streaming.radiohub.hr/RadioHub_WEB_streaming/BHWUC27pGZ/3.m3u8
Bread TV面包台 (720p),https://video.bread-tv.com:8091/hls-live24/online/index.m3u8
Breaking News by LeadStory (1080p),https://amg02703-leadstory-leadstory-samsungau-rr75f.amagi.tv/playlist/amg02703-leadstory-leadstory-samsungau/playlist.m3u8
Breaking News by LeadStory (1080p),https://amg02703-leadstory-leadstory-samsungnz-vc7nn.amagi.tv/playlist/amg02703-leadstory-leadstory-samsungnz/playlist.m3u8
Breinholts,https://jmp2.uk/plu-660d6c0094db140008fe2f74.m3u8
Brevard County Government Access TV (Brevard FL) (720p),https://cdn3.wowza.com/5/cXdyRHF0Z3kxN0k2/brevardfl/G2111_002/playlist.m3u8
Brian TV (720p) [Not 24/7],https://livefta.malimarcdn.com/ftaedge00/briantv.sdp/playlist.m3u8
Bride TV (576p),https://viewmedia7219.bozztv.com/wmedia/viewmedia100/web_013/Stream/playlist.m3u8
BRIDGE (576p),http://stream.mcquack.net/318/index.m3u8
BRIDGE Classic (576p),http://stream.mcquack.net/272/index.m3u8
BRIDGE Deluxe (1080p),http://31.148.48.15/Bridge_TV_HD/index.m3u8
BRIDGE Deluxe HD (576p),http://stream.mcquack.net/92/index.m3u8
BRIDGE Hits (576p),http://stream.mcquack.net/320/index.m3u8
Bring It! (1080p) [Geo-blocked],https://pb-46i4usnz2g1z1.akamaized.net/Bring_It.m3u8
Brio TV (576p),https://mumt03.tangotv.in/Dsly5z3HBRIOTV/index.m3u8
Brionnais TV (720p),https://stream2.mandarine.media/brionnaistv/brionnaistv/playlist.m3u8
Brit Asia TV (1080p),https://hls.autopo.st/hls/britasiatv/index.m3u8
Britain's Next Top Model,https://jmp2.uk/plu-67a09ddc21af380008088dc3.m3u8
Britain's Next Top Model,https://jmp2.uk/plu-67a09e25c070cf00083c40fa.m3u8
Britain's Next Top Model,https://jmp2.uk/plu-67a09e5921af38000808900a.m3u8
BritBox Mysteries (1080p),https://aegis-cloudfront-1.tubi.video/c95700f8-e51c-4a36-ad46-56f70fc9f1d9/playlist.m3u8
British Screen Classics (1080p),https://amg00654-itv-amg00654c25-samsung-gb-4838.playouts.now.amagi.tv/playlist.m3u8
British Screen Classics (720p),https://jmp2.uk/plu-65031534d545e9000881ed10.m3u8
Brividy Cinema (720p),https://ixmediasrl-serially-1-it.rakuten.wurl.tv/playlist.m3u8
BRK News (576p),https://cdn-1.pishow.tv/live/1037/master.m3u8
Broad City,https://jmp2.uk/plu-65cba73611ced700082123bc.m3u8
Broad City,https://jmp2.uk/plu-65cba778ec452d0008acbe86.m3u8
Broad City,https://jmp2.uk/plu-65cba7b1ec452d0008acbed8.m3u8
Bromas Gags Just for Laughs (720p),https://jmp2.uk/plu-678029c654f43dad4b5c1ec0.m3u8
Bronco (720p),https://jmp2.uk/plu-684ac10236c9361b1977f7bc.m3u8
Brøndby TV,https://jmp2.uk/plu-685029cda1e091e16ff57fc8.m3u8
BRTV (720p),https://5bf7b725107e5.streamlock.net/brtv/brtv/playlist.m3u8
BRTV (720p) [Geo-blocked],https://live.artidijitalmedya.com/artidijital_brtv/brtv/playlist.m3u8
BRTV Kaku Childrens Channel,http://223.111.191.105/downflv.brtvcloud.com/kkkkasd/winfr.m3u8
BRTV 北京卫视 (1080p),http://go.bkpcp.top/mg/bjws
Bruno Masi TV (720p),https://rds3.desdeparaguay.net/brunomasitv/brunomasitv/playlist.m3u8
Bruzz (720p),https://hls-origin01-bruzz.cdn02.rambla.be/main/adliveorigin-bruzz/_definst_/V3n5YY.smil/playlist.m3u8
BS Film (576p),https://lbgo.bozztv.com/ssh101/ssh101/bsfilm/playlist.m3u8
BSTV (576p),https://lbgo.bozztv.com/ssh101/ssh101/bstv/playlist.m3u8
BT TV (720p),https://feeds.intoday.in/bttv/itgd.m3u8
BTA TV (720p),https://cloud.fastchannel.es/manifiest/hls/prog9/btatv.m3u8
BTB (1080p),https://emisja.btb.j00r.us/iptv/session/1/hls.m3u8
BTB 2 (1080p),https://emisja.btb.j00r.us/iptv/session/2/hls.m3u8
BTB 3 (1080p),https://emisja3.btb.j00r.us/iptv/session/3/hls.m3u8
BTB Info (1080p),https://emisja2.btb.j00r.us/iptv/session/4/hls.m3u8
BTB Music (1080p),https://panel.btb.j00r.us/memfs/ebaffae6-0086-49d7-843d-57f2c561de86.m3u8
BTL TV (720p) [Not 24/7],https://goliveafrica.media:9998/live/638da5440743c/index.m3u8
BTM TV (480p) [Not 24/7],https://btmug.zerocdn.org/hls/stream.m3u8
BTN TV (1080p),https://btn.nowcdn.co.kr/btn/btnlive2m/playlist.m3u8
BTN TV,https://tv.btnrwanda.com:3973/live/btnv2live.m3u8
bTV,http://213.91.179.28:8000/play/a03w
BTV [Geo-blocked],https://op-group1-swiftservehd-1.dens.tv/h/h129/S4/mnf.m3u8
BTV (576p),http://stream.mcquack.net/35/index.m3u8
BTV (480p),https://streamfi-alphadgtl1.zettawiseroutes.com:8181/hls/stream.m3u8
bTV Action,http://213.91.179.28:8000/play/a04n
bTV Cinema,http://213.91.179.28:8000/play/a04i
bTV Comedy,http://213.91.179.28:8000/play/a04k
bTV Lady,http://213.91.179.28:8000/play/a05i
BTV News (720p),https://live-evg2.tv360.metfone.com.kh/livetest/bayontest.stream/playlist.m3u8
BTV Panamá (720p) [Not 24/7],https://stream.oursnetworktv.com/latin/btvpanama/playlist.m3u8
Bucovina TV (576i),https://www.bucovinatv.ro/proxy/video/playlist.m3u8
Budapest Európa Televízió (576p),https://cloudfront44.lexanetwork.com:1344/freerelay/bpetv.sdp/playlist.m3u8
Buena Park Television (360p),https://buenapark.cablecast.tv/live/stream-1/live.m3u8
Buena TV (1080p),https://59825a54e4454.streamlock.net:8443/papo351/papo351/playlist.m3u8
Buendia TV,https://servilive.com:3508/stream/play.m3u8
Buenisima Radio TV,https://canal.mediaserver.com.co/live/buenisimatv.m3u8
Buin Somos Todos (720p) [Not 24/7],https://bst.buin.cl/0.m3u8
Bukedde TV 1 (576p),https://stream.hydeinnovations.com/bukedde1flussonic/index.m3u8
Bukedde TV 2 (576p) [Not 24/7],https://stream.hydeinnovations.com/bukedde2flussonic/index.m3u8
Bulgaria On Air,http://213.91.179.28:8000/play/a05x
Bull,https://jmp2.uk/plu-6964b982ca459f9b939da8e6.m3u8
Bull,https://jmp2.uk/plu-6964b9b97d2afdec4f9390f6.m3u8
Bull,https://jmp2.uk/plu-6964b9e19bf57be1537fc7d7.m3u8
BUM Televisión (720p) [Not 24/7],https://movil.ejeserver.com/live/visiondorada.m3u8
Bungo TV (480p) [Not 24/7],https://5bf7b725107e5.streamlock.net/bungotv/bungotv/playlist.m3u8
Burbank Channel (720p),https://cdn3.wowza.com/5/djRwZmQvTEJidmZD/burbank/G0240_009/playlist.m3u8
Bursa AS TV (900p),https://live.artidijitalmedya.com/artidijital_astv/astv/playlist.m3u8
Bursa TV (720p) [Not 24/7],https://win1.yayin.com.tr/bursatv/bursatv/playlist.m3u8
Bushehr,https://ncdn.telewebion.ir/bushehr/live/playlist.m3u8
Business Rockstars (720p),https://stream-us-east-1.getpublica.com/playlist.m3u8?network_id=2220
Busted at the Border,https://jmp2.uk/plu-62fb9c4539183b00076a3875.m3u8
Busuioc TV,https://tt.nfthost.net/static/streaming-playlists/hls/bb907ca9-5cb5-49dd-b276-d77721a9bc6d/master.m3u8
BUTV10 (Boston University) (1080p) [Not 24/7],https://cdnapisec.kaltura.com/p/2184561/sp/218456100/playManifest/entryId/1_68qxw4eu/format/applehttp/a.m3u8
Buying Blind Denmark,https://jmp2.uk/plu-63c6a7544faf1c0007b496d7.m3u8
BuzzFeed Celeb (1080p),https://d1gdoah3axw004.cloudfront.net/BuzzFeed_Celeb.m3u8
BuzzFeed Tasty (1080p),https://d2tlbbjop5ksk2.cloudfront.net/BuzzFeed_Tasty.m3u8
BuzzFeed Unsolved (1080p),https://d1727vwt6h9ghr.cloudfront.net/BuzzFeed_Unsolved.m3u8
Buzzfeed Unsolved,https://d39g1vxj2ef6in.cloudfront.net/v1/master/3fec3e5cac39a52b2132f9c66c83dae043dc17d4/prod-rakuten-stitched/master.m3u8?ads.xumo_channelId=88883099
Buzzr (1080p),http://23.237.104.106:8080/USA_BUZZR/index.m3u8
BVB-Frauen,https://jmp2.uk/plu-66337ea1307fa300082c28a0.m3u8
BVC,https://vivo.solumedia.com:19360/bvnet/bvnet.m3u8
BX1 (720p) [Not 24/7],https://59959724487e3.streamlock.net/stream/live/playlist.m3u8
BX Arts (720p),https://reflect-stream-bronxnet.cablecast.tv/live-19/live/stream-2/live.m3u8
BX Culture (720p),https://reflect-stream-bronxnet.cablecast.tv/live-7/live/stream-3/live.m3u8
BX Inform (1080p),https://reflect-stream-bronxnet.cablecast.tv/live-8/live/stream-4/live.m3u8
BX Inspire (720p),https://reflect-stream-bronxnet.cablecast.tv/live-18/live/stream-7/live.m3u8
BX Omni (720p),https://reflect-stream-bronxnet.cablecast.tv/live-16/live/stream-1/live.m3u8
BYUtv (1080p),https://d13j8jpstr8iqz.cloudfront.net/BYUtv.m3u8
C1 (1080p),https://cdn4.skygo.mn/live/disk1/C1/DASH-FTA/C1.mpd
C4 en Alerta (720p),https://jmp2.uk/plu-673f7446030a2c0008231bc3.m3u8
C9N (720p),https://d2b5h5wyivfnfl.cloudfront.net/live/48f53430-9014-4459-a048-6169dac14140/ts:abr.m3u8
C31 Melbourne (240p),https://d1k6kax80wecy5.cloudfront.net/RLnAKY/index.m3u8
C Malayalam TV (1080p),https://2-fss-2.streamhoster.com/pl_120/206508-3261972-1/playlist.m3u8
C Star (1080p),http://145.239.5.177/361/index.m3u8
C'est pas sorcier,https://jmp2.uk/plu-63b579961bdba100071214cb.m3u8
C-SPAN (720p),http://40.160.24.56/C-SPAN_HD_SD/index.m3u8
C-SPAN 2 (720p),http://40.160.24.56/C-SPAN_2_SD/index.m3u8
Cà Mau TV (720p) [Geo-blocked],https://tv.ctvcamau.vn/live/tv/tv.m3u8
Cable Imagen Armstrong (540p) [Not 24/7],https://stream.arcast.com.ar/casse/casse/playlist.m3u8
Cabo Frio TV (720p),https://59f2354c05961.streamlock.net:1443/ararutv/_definst_/ararutv/playlist.m3u8
Caçadores de Óvnis,https://jmp2.uk/plu-656e2a10954b020008ed167c.m3u8
CAD TV,https://videoserver.tmcreativos.com:19360/dcsajkpvrh/dcsajkpvrh.m3u8
Cadena 103 (720p) [Not 24/7],http://arcast.net:1935/cadena103/cadena103/playlist.m3u8
Cadena A (720p) [Not 24/7],https://5fe2654d6127d.streamlock.net/cadenaa/videocadenaa/playlist.m3u8
Cadena Elite (720p) [Not 24/7],https://cloudvideo.servers10.com:8081/8004/index.m3u8
Cadena TV (720p) [Not 24/7],https://tv.bitstreaming.net:3789/live/cdntvlive.m3u8
Cadena TV SD,https://live-evg10.tv360.bitel.com.pe/bitel/cadenatv/playlist.m3u8
Cafe Film,https://cafefhls.wns.live/hls/stream.m3u8
Cafe Trade TV,https://cafetradehls.wns.live/hls/stream.m3u8
CafeTV24 (720p),https://srvx1.selftv.video/cafe/live/playlist.m3u8
Cagney & Lacey,https://jmp2.uk/plu-6960c5a906d76f50db2816dc.m3u8
Caillou (720p),https://d2mshoh3usf646.cloudfront.net/playlist.m3u8
Caillou,https://do7nccdsswstc.cloudfront.net/v1/manifest/3722c60a815c199d9c0ef36c5b73da68a62b09d1/cc-1aso0bc668saa/a5233c83-f772-4a81-959a-45ec7877ef61/5.m3u8
Cajamarca TV (720p),https://live-evg8.tv360.bitel.com.pe/bitel/cajamarcatvSRT/playlist.m3u8
Calabasas Channel (480p),https://cdn3.wowza.com/5/UWpORHhLSEs5SkJs/calabasas/G0009_003/playlist.m3u8
Calabria TV,https://64b16f23efbee.streamlock.net/calabriatv/calabriatv/playlist.m3u8
Caldera Vision,https://tv.arkeo.cl:1936/kymczwbrge/kymczwbrge/playlist.m3u8
California Medios TV (720p),https://s5.mexside.net:1936/medios/medios/playlist.m3u8
California Music Channel (1080p),https://cmc-cmctv-cineverse.amagi.tv/playlist.m3u8
Call My Agent!,https://jmp2.uk/plu-69776f2b2c00406316a01945.m3u8
Call the Midwife,https://jmp2.uk/plu-65dded6966eec80008947157.m3u8
CAM 10 TV (720p),https://stream.it-innov.com/cam10tv/index.m3u8
Camera dei Deputati (via RR) (240p),https://video-ar.radioradicale.it/diretta/camera2/playlist.m3u8
Camera Smile (480p),https://rpn.bozztv.com/gusa/gusa-camerasmile/index.m3u8
Camp Kulinaris,https://jmp2.uk/plu-61c1dce2fb9ae40007d0ac15.m3u8
Camp Kulinaris,https://jmp2.uk/plu-6400bf66dff38e00083f4ee8.m3u8
Camp Spoopy (576p),https://stream.ads.ottera.tv/playlist.m3u8?network_id=269
Campfire Vibes (1080p),https://d1bcz21zn68he1.cloudfront.net/playlist.m3u8
Campo Abierto TV (720p),https://v2.tustreaming.cl/catvlive/index.m3u8
Campus TV (480p) [Not 24/7],https://5e85d90130e77.streamlock.net/6052/6052/playlist.m3u8
Campus TV (Talca) (720p) [Not 24/7],https://pantera1-100gb-cl-movistar.dps.live/campustv/campustv.smil/playlist.m3u8
Camu TV (480p) [Not 24/7],https://live20.bozztv.com/akamaissh101/ssh101/camutv/playlist.m3u8
Can Tho TV 2 (1080p),https://live.canthotv.vn/cs2/live.stream/playlist.m3u8
Cần Thơ TV1 (1080p),https://live.canthotv.vn/live/tv/chunklist.m3u8
Cần Thơ TV3 (1080p),https://live.canthotv.vn/cs3/tv/chunklist.m3u8
CAN TV19 (1080p),https://cantv.streamguys1.com/cantv/cantv19hls/playlist.m3u8
CAN TV21 (1080p),https://cantv.streamguys1.com/cantv/cantv21hls/playlist.m3u8
CAN TV27 (1080p),https://cantv.streamguys1.com/cantv/cantv27hls/playlist.m3u8
CAN TV36 (1080p),https://cantv.streamguys1.com/cantv/cantv36hls/playlist.m3u8
Cana TV Digital (720p) [Not 24/7],https://stream.hostuis.com:19360/canatvdigital/canatvdigital.m3u8
Canada One (720p) [Not 24/7],http://cdn8.live247stream.com/canadaone/tv/playlist.m3u8
Canaf54 TV,https://5caf24a595d94.streamlock.net:1937/pvyugfkzkc/pvyugfkzkc/playlist.m3u8
Canal 1 (1080p) [Geo-blocked],https://mdstrm.com/live-stream-playlist/5a5e1c2568b1910913db5fe2.m3u8
Canal 1 (720p) [Not 24/7],https://vid.canal1cr.com:3424/multi_live/play_720.m3u8
Canal 1 Mar Menor-Torre Pacheco (1080p),https://directo.tuwebtv.es/canal1.m3u8
Canal 1 Nuble,https://tls-cl.cdnz.cl/canal21tv/live/playlist.m3u8
Canal 2 (720p) [Not 24/7],https://d2hha8xu9trvi8.cloudfront.net/ts:abr.m3u8
Canal 2 (480p) [Not 24/7],https://telecorporacion-es.cdn.vustreams.com/live/d3e259fa-736d-46b0-b1c9-71caf946ace9/live.isml/live.m3u8
Canal 2 Alpavisión Neiva (720p) [Not 24/7],https://stmv1.voxtvhd.com.br/alpavision/alpavision/playlist.m3u8
Canal 2 de Ushuaia (1080p),https://nd106.republicaservers.com:4433/hls/c6611/index.m3u8
Canal 2 Gualeguay,https://stream.arcast.net:4443/gualeguay/gualeguay/playlist.m3u8
Canal 2 Misiones (1080p),https://nd106.republicaservers.com:4433/hls/canal2misioness/index.m3u8
Canal 2 NexTV Rafaela (720p),https://edge.enhdtv.com/nexthd/index.m3u8
Canal 3,https://cs2.push2stream.com/CANAL3BENIN/playlist.m3u8
Canal 3 (720p),https://d3jocgwjuhw91y.cloudfront.net/ts:abr.m3u8
Canal 3 Biar (480p) [Not 24/7],https://avantstreaming.es/hls/canal3.m3u8
Canal 3 Formosa,https://stmvideo6.livecastv.com/agenfor/agenfor/playlist.m3u8
Canal 3 Impresionante (480p),https://cloud2.streaminglivehd.com:2020/hls/8036/8036.m3u8
Canal 3 KMK TV (720p),https://live20.bozztv.com/giatv/giatv-KMKTV/KMKTV/chunks.m3u8
Canal 3 La Pampa (1080p),https://stream.arcast.com.ar/c3lapampa/ngrp:c3lapampa_all/playlist.m3u8
Canal 3 Las Heras (720p),https://stream.arcast.com.ar/canal3/canal3/playlist.m3u8
Canal 3 Pinamar,http://intelincloud01.com.ar/hls/cn3/index.m3u8
Canal 3 Tacural,http://vivo.canal3tacural.com.ar:8081/hls/stream.m3u8
Canal 4 (720p),https://dlhn7gdemxofz.cloudfront.net/ts:abr.m3u8
Canal 4 (480p) [Not 24/7],http://138.117.4.70:8075/Canal04_CooTelmnbv/playlist.m3u8
Canal 4 Catalunya (1080p),https://limited35.todostreaming.es/live/mitjans-livestream.m3u8
Canal 4 Esquel,https://stream.arcast.com.ar/canal4esquel/canal4esquel/playlist.m3u8
Canal 4 Jujuy,https://5cd577a3dd8ec.streamlock.net/CANAL4/smil:CANAL4.smil/playlist.m3u8
Canal 4 Mallorca (1080p),https://limited35.todostreaming.es/live/mitjans-livestream1.m3u8
Canal 4 Mancha Centro (720p) [Not 24/7],https://5924d3ad0efcf.streamlock.net/canal4/canal4live/playlist.m3u8
Canal 4 Posadas (576p),https://iptv.ixfo.com.ar:30443/live/C4POS/playlist.m3u8
Canal 4 RD (1080p),https://cdn.protvradiostream.com/canal4rd-1/ngrp:canal4rd-1_all/playlist.m3u8
Canal 4 San Juan (576p),https://streamlov.alsolnet.com/canal4sanjuan/live/playlist.m3u8
Canal 4 Teleaire,https://stmvideo6.livecastv.com/canal4/canal4/playlist.m3u8
Canal 4 Villa Dolores,https://stmvideo3.livecastv.com/canal4vd/canal4vd/playlist.m3u8
Canal 5 (1080p),http://45.181.87.106/CANAL5HD/index.m3u8
Canal 5 (720p),https://tinyurl.com/canal5uy
Canal 5 Del Pueblo [Not 24/7],https://stmv4.voxtvhd.com.br/canal5pueblo/canal5pueblo/playlist.m3u8
Canal 5 El Líder (720p) [Not 24/7],https://mdstrm.com/live-stream-playlist/6287fda8ea3b8b397d1ca2ed.m3u8
Canal 5 Puerto Montt,https://5ff3d9babae13.streamlock.net/aufymdjpjf/aufymdjpjf/playlist.m3u8
Canal 5 Santa Fe (240p),https://stream.arcast.com.ar/c5sf/c5sf/playlist.m3u8
Canal 5 TV Chepes,https://videostream.shockmedia.com.ar:19360/canal5alfatvchepes/canal5alfatvchepes.m3u8
Canal 5 TV Cozumel (1080p),https://video0.rogohosting.com:19360/tvcozumel/tvcozumel.m3u8
Canal 5 TV Max (1080p),https://tvmaxsa.com.py/hls/FB-430927919930380-0-AbzjnbAzAIR0NaFg.m3u8
Canal 6 (720p),https://d3xpfoln9sj56.cloudfront.net/ts:abr.m3u8
Canal 6 (480p) [Not 24/7],https://telecorporacion.cdn.vustreams.com/live/b164ebe7-decf-4a5a-8aea-5bb56fb92dfc/live.isml/live.m3u8
Canal 6 CdMX (720p),https://jmp2.uk/plu-652e91fd6208700008dcaf7b.m3u8
Canal 6 Nicaragüense (480p) [Not 24/7],http://138.117.4.70:8075/Canal06_CooTel/playlist.m3u8
Canal 6 Panadish (720p),https://stream.meteorito.cloud:1947/canal6/smil:canal6.smil/playlist.m3u8
Canal 6 Posadas (1080p),https://iptv.ixfo.com.ar:30443/live/c6digital/playlist.m3u8
Canal 6 Viento Recio,https://stmvideo6.livecastv.com/vientorecio/vientorecio/playlist.m3u8
Canal 7 (720p),https://d1zq2gydd8y59v.cloudfront.net/ts:abr.m3u8
Canal 7 Boaco (1080p) [Not 24/7],https://cdn.amixtv.com/c7boaco/index.m3u8
Canal 7 Jujuy,https://stream.arcast.live/canal7jujuy/ngrp:canal7jujuy_all/playlist.m3u8
Canal 7 Neuquén (1080p),https://stream.arcast.com.ar/c7nq/ngrp:c7nq_all/playlist.m3u8
Canal 7 Salta (1080p),https://vivo.solumedia.com:19360/cooperativa/cooperativa.m3u8
Canal 7 Santiago del Estero (720p),https://stream.arcast.com.ar/envivo/castv/playlist.m3u8
Canal 7 Talanga Vision (720p),https://amixtv.com:8081/talangavision/index.m3u8
Canal 8 (720p) [Not 24/7],https://mdstrm.com/live-stream-playlist/5a7b1e63a8da282c34d65445.m3u8
Canal 8 C&C Producciones,https://video.hostingcaaguazu.com:19360/canal8cvs/canal8cvs.m3u8
Canal 8 Catacaos (720p) [Not 24/7],https://live.obslivestream.com/canal8/index.m3u8
Canal 8 TV+ (720p),https://movil.ejeserver.com/live/canal8tv.m3u8
Canal 8 Vision TV (1080p),https://tigocloudgen.desdeparaguay.net/satelitaltv/satelitaltv/playlist.m3u8
Canal 9 Barbe TV (720p) [Not 24/7],https://cdn.streamhispanatv.net:3549/live/barbetvlive.m3u8
Canal 9 Bío Bío Televisión (1080p) [Not 24/7],https://unlimited6-cl.dps.live/c9/c9.smil/playlist.m3u8
Canal 9 Cosespu,https://video2.lhdserver.es/canal9cosespu/live.m3u8
Canal 9 en Français (1080p),https://livehd.vedge.infomaniak.com/livecast/livehd/master.m3u8
Canal 9 Link,https://617c5175c970b.streamlock.net:4444/9linklivert/smil:9linkmultibr.smil/playlist.m3u8
Canal 9 Litoral (720p),https://stream.arcast.live/ahora/ahora/playlist.m3u8
Canal 9 Resistencia (720p),http://coninfo.net:1935/9linklivert/smil:9linkmultibr.smil/playlist.m3u8
Canal 10 (720p) [Not 24/7],https://acceso.mediosdecostarica.com:3606/hybrid/play.m3u8
Canal 10 (360p),https://www.canal10.com.ni/envivo
Canal 10 (720p),https://5ca3e84a76d30.streamlock.net/tves/videotves/playlist.m3u8
Canal 10 Cancún (720p) [Not 24/7],http://stream2.dynalias.com:1935/live/tvlive1/playlist.m3u8
Canal 10 Chiapas (720p),https://5ca9af4645e15.streamlock.net/chiapas/videochiapas/playlist.m3u8
Canal 10 Cordoba,https://stream.arcast.net:4443/canal10/ngrp:canal10_all/playlist.m3u8
Canal 10 Durango (1080p),https://5e50264bd6766.streamlock.net/canal10durango/videocanal10durango/playlist.m3u8
Canal 10 Empordà (360p) [Not 24/7],https://ventdelnord.tv:8080/escala/directe.m3u8
Canal 10 Mar del Plata,https://g1.mc-hor.transport.edge-access.net/a12/ngrp:canal10mdq-100044_all/Playlist.m3u8?sense=true
Canal 11 (720p),https://d3mstgwjcwqz1y.cloudfront.net/ts:abr.m3u8
Canal 11 (1080p),http://190.11.225.124:5000/live/canal11_hd/playlist.m3u8
Canal 11 TuTV (349p),https://stream.giostreaming.app/canal11/canal11.m3u8
Canal 12 (480i),https://d2b5h5wyivfnfl.cloudfront.net/live/53108ffe-0b7e-46ab-bc14-3a9c30010939/ts:abr.m3u8
Canal 12 Puerto Madryn (720p) [Not 24/7],https://5f700d5b2c46f.streamlock.net/madryntv/madryntv/playlist.m3u8
Canal 13 (1080p),http://15.204.246.24:8080/Canal13HD/index.m3u8
Canal 13 Bajío (720p) [Not 24/7],https://stream-207963.castr.net/65313d270e749722b6474684/live_1c690d40dfb711eeabd66ba1b9ba93a1/index.fmp4.m3u8
Canal 13 Campeche (720p) [Not 24/7],https://stream-207963.castr.net/65313d270e749722b6474684/live_38c14fb0dfbd11ee8847c303f3096501/index.fmp4.m3u8
Canal 13 Chiapas (720p) [Not 24/7],https://stream-207963.castr.net/65313d270e749722b6474684/live_55784330f36711ee97a7a19a8448730c/index.fmp4.m3u8
Canal 13 Esquipulas (720p),https://tv91.hostingnuclear.com:19360/intercable/intercable.m3u8
Canal 13 Guadalajara (720p) [Not 24/7],https://stream-207963.castr.net/65313d270e749722b6474684/live_fa0ed380dfbe11eeabd66ba1b9ba93a1/index.fmp4.m3u8
Canal 13 Jujuy TV (720p),https://genexservicios.com:19360/canal13jujuy/canal13jujuy.m3u8
Canal 13 La Rioja (480p),http://arcast.net:1935/mp/mp/playlist.m3u8
Canal 13 Michoacán (720p) [Not 24/7],https://stream-207963.castr.net/65313d270e749722b6474684/live_0424eb20dfbf11ee821911a0b6ba5091/index.fmp4.m3u8
Canal 13 Oaxaca (720p) [Not 24/7],https://stream-207963.castr.net/65313d270e749722b6474684/live_0bd65ed0dfbf11ee848c53d8a686e201/index.fmp4.m3u8
Canal 13 Puebla (720p) [Not 24/7],https://stream-207963.castr.net/65313d270e749722b6474684/live_19c1e870dfbf11eeadd41749c3286f4a/index.fmp4.m3u8
Canal 13 San Luis,https://stream.radiosmundiales.com:19360/sanluismas/sanluismas.m3u8
Canal 13 Tabasco (720p) [Not 24/7],https://stream-207963.castr.net/65313d270e749722b6474684/live_185f5f10888711ee83e2f144889e3879/index.fmp4.m3u8
Canal 13 Tapachula (720p) [Not 24/7],https://stream-207963.castr.net/65313d270e749722b6474684/live_2b589fc0dfbf11ee9ce13534ca2a46c3/index.fmp4.m3u8
Canal 14 Codazzi (720p) [Not 24/7],https://eu1.servers10.com:8081/8056/index.m3u8
Canal 14 San Carlos (720p) [Not 24/7],http://tvn.obix.tv:1935/TVN/CH14.stream_720p/playlist.m3u8
Canal 15 El Zamorano [Not 24/7],https://vdo.tecnoservix.stream:3007/live/canal15zamoranolive.m3u8
Canal 15 ILCE Summa Sabres (720p),https://live-ilce.ovp-vivaro.digital/ovp-origin-abr/ngrp:6359ef999f3fb_all/playlist.m3u8
Canal 15 Nicaragüense (1080p) [Not 24/7],https://cootv.cootel.com.ni:8095/Canal15_CooTel/playlist.m3u8
Canal 15 Teleor (720p),https://ares.disfrutaenlared.com:1936/activatv/activatv/playlist.m3u8
Canal 15 Usulután (720p) [Not 24/7],https://streaming.grupocsanetwork.com:19360/canal15/canal15.m3u8
Canal 17 RTVD (1080p),https://cdn.protvradiostream.com/rtvd17/ngrp:rtvd17_all/playlist.m3u8
Canal 17 TV Nosara (720p),https://latamvdo.com:3870/hybrid/play.m3u8
Canal 17 TV Nosara,https://acceso.radiosportstv.online:3430/hybrid/play.m3u8
Canal 21 Huancayo (720p),https://play.agenciastreaming.com:8081/tvwanka/tracks-v1/index.fmp4.m3u8
Canal 21 Huancayo (720p),https://live-evg11.tv360.bitel.com.pe/bitel/tvwanka/playlist.m3u8
Canal 21 Táchira (360p),https://stmv2.voxtvhd.com.br/canal21/canal21/playlist.m3u8
Canal 21 TV (1080p),https://iptv.ixfo.com.ar:30443/c21tv/hd/c21tv/playlist.m3u8
Canal 22 (720p),https://5f700d5b2c46f.streamlock.net/canal22/canal22/playlist.m3u8
Canal 22 Nacional (720p) [Geo-blocked],https://5fc584f3f19c9.streamlock.net/canal22/smil:canal22.smil/playlist.m3u8
Canal 24 Horas (720p),https://ztnr.rtve.es/ztnr/1694255.m3u8
Canal 24 Horas Catalunya (720p),https://ztnr.rtve.es/ztnr/4952053.m3u8
Canal 25 Ayacucho (720p),https://live-evg10.tv360.bitel.com.pe/bitel/canal25ayacucho/playlist.m3u8
Canal 25 Jundiai (720p),https://cdn-tiva-stream01-msolutionbrasil-com-br.smartbit.co/hls/canal25/live.m3u8
Canal 25 TV (1080p),https://limited49.todostreaming.es/live/tvbarbastro-livestream.m3u8
Canal 26 (1080p),https://stream-gtlc.telecentro.net.ar/hls/canal26hls/main.m3u8
Canal 26 Aguascalientes (1080p),https://60417ddeaf0d9.streamlock.net/telemetrika3/smil:telemetrika3.smil/playlist.m3u8
Canal 27 (1080p),https://live.canal27.tv:3633/live/canal27live.m3u8
Canal 28 (720p) [Not 24/7],https://stream.castr.com/653d77dcde70014f52ad1e19/live_bf24d4208d8611eeb116dbe87aa63be0/rewind-3600.m3u8
Canal 30 Cintalapa (720p) [Not 24/7],https://rpn3.bozztv.com/ssh101/ssh101/canal30mx/playlist.m3u8
Canal 30 Loncomilla (720p),https://v1.tustreaming.cl/canal30loncomilla/index.m3u8
Canal 30 TV Bethel (720p) [Not 24/7],https://s.emisoras.tv:8081/canal30tvbethel/index.m3u8
Canal 32 STO (720p) [Not 24/7],https://s.emisoras.tv:8081/stocanal32hn/playlist.m3u8
Canal 32 Telemax (720p) [Not 24/7],https://cdn.streamhispanatv.net:3824/live/telemaxlive.m3u8
Canal 33 Madrid,https://media2.streambrothers.com:1936/8140/8140/playlist.m3u8
Canal 33 Tijuana (720p),https://5f2c1b0d880e5.streamlock.net/canal33tijuana/videocanal33tijuana/playlist.m3u8
Canal 38 (720p),https://cdn.jmvstream.com/w/LVW-8503/LVW8503_d0V5oduFlK/playlist.m3u8
Canal 44 Chihuahua (720p) [Not 24/7],https://5e50264bd6766.streamlock.net/canal442/videocanal442/playlist.m3u8
Canal 44 Ciudad Juárez (720p) [Not 24/7],https://5e50264bd6766.streamlock.net/canal44/videocanal44/playlist.m3u8
Canal 45 (576p),https://nlb1-live.emitstream.com/hls/625csn5et2iszm9oze65/master.m3u8
Canal 50.1 Juárez (XEJ-TDT) (614p),https://stream.oursnetworktv.com/latin/juarez50/playlist.m3u8
Canal 50 Morteros,https://online.coopmorteros.coop/canal50/vivo.m3u8
Canal 51,https://live.cn51hn.com/live/cn51.m3u8
Canal 56 (576p) [Not 24/7],https://videos.canal56.com/directe/stream/index.m3u8
Canal 56 Quiero TV (720p),http://45.5.118.152:8000/play/a08z/index.m3u8
Canal 65 (1080p) [Not 24/7],https://panel.streamingtv-mediacp.online:1936/tv65/tv65/playlist.m3u8
Canal 70 (720p),https://183.bozztv.com/giatv/giatv-cnal70tv/cnal70tv/playlist.m3u8
Canal 74 San Antonio,https://stmv5.voxtvhd.com.br/canal74hd/canal74hd/playlist.m3u8
Canal 79 La Costa (240p),https://streamconex.com:19360/lacosta/lacosta.m3u8
Canal 79 Mar del Plata,https://streamconex.com:19360/mardelplata/mardelplata.m3u8
Canal 79 Puan (240p),https://streamconex.com:19360/puan/puan.m3u8
Canal 79 Santa Clara del Mar (240p),https://streamconex.com:19360/santaclara-1/santaclara-1.m3u8
Canal 79 Villa Maza,https://streamconex.com:19360/villamaza/villamaza.m3u8
Canal 99 Miramar,https://vivo.solumedia.com:19360/cardinal/cardinal.m3u8
Canal 100 Chinique (1080p),https://live20.bozztv.com/giatv/giatv-chinique100tvenvivo/chinique100tvenvivo/playlist.m3u8
Canal 2000 La Solana (720p) [Not 24/7],http://canal2000.berkano-systems.net/streaming/streams/canal2000.m3u8
Canal Alpha Jura (1080p),https://canalalphaju.vedge.infomaniak.com/livecast/ik:canalalphaju/playlist.m3u8
Canal Alpha Neuchatel (1080p) [Not 24/7],https://canalalpha.vedge.infomaniak.com/livecast/ik:canalalpha/playlist.m3u8
Canal C del Zulia (1080p),https://calm-forest-3478.cristianbracho904.workers.dev/master.m3u8
Canal Calima TV (720p),https://movil.ejeserver.com/live/calimatv.m3u8
Canal Capital (1080p),http://138.121.15.230:9002/CANAL-CAPITAL/index.m3u8
Canal Catorce (1080p) [Not 24/7],https://stream.haislin.com/14tv/index.m3u8
Canal CHD,https://vs20.live.opencaster.com/canalchd2025_8d99626c/index.m3u8
Canal Chilote (720p),https://videostream.chileservidores.com:8081/chiloe2/index.m3u8
Canal Cine Dios,https://canal.mediaserver.com.co/live/cinedios.m3u8
Canal Claro (720p),https://jmp2.uk/plu-68224482c5d53e1351aaf2f2.m3u8
Canal Clave (480p) [Not 24/7],https://tv.picta.cu/clave/clave_0.m3u8
Canal Coín (1080p),https://canalcoin.garjim.es/hls/directo.m3u8
Canal Congreso (1080p),http://138.121.15.230:9002/CANAL-CONGRESO/index.m3u8
Canal Cvisión (720p) [Not 24/7],https://stream.cvision.live/cvision_stream.m3u8
Canal de la Fe (720p),https://cdn-cloudfront.us-east-1.prod.ingest.aws-infra.dacast.com/live/dad6a736-9efb-40ce-89b6-81d1d54f92bd/master.m3u8
Canal del Congreso 45.1,https://ccstreaming.packet.mx/WebRTCAppEE/streams/45.1_kd5oiNTTWO0gEOFc431277834.m3u8
Canal del Sol (1080p) [Not 24/7],https://stream.canaldelsol.com/sol26/live_1080.m3u8
Canal del Sur (720p),https://oracle.streaminghd.cl/canal-del-sur/canal-del-sur/playlist.m3u8
Canal Diocesano (576p),https://nlb2-live.emitstream.com/hls/5i3pxfuz4az356yu22ij/master.m3u8
Canal Diplomatico,https://master.myplaytv.com:2020/hls/canaldiplomatico/canaldiplomatico.m3u8
Canal do Boi (720p),http://45.162.64.114/CANAL_DO_BOI/index.m3u8
Canal do Criador (1080p),https://607d2a1a47b1f.streamlock.net/crur/smil:canaldocriador.smil/playlist.m3u8
Canal do Inter (720p) [Not 24/7],https://video01.soultv.com.br/internacional/internacional/playlist.m3u8
Canal Doñana (720p) [Not 24/7],https://secure5.todostreaming.es/live/division-alm.m3u8
Canal Dos Yopal (720p),http://131.221.41.94/hls/canal2.m3u8
Canal DTV (720p),https://s.emisoras.tv:8081/dtv/index.m3u8
Canal E (720p),https://unlimited1-us.dps.live/perfiltv/perfiltv.smil/playlist.m3u8
Canal Educacao (720p),http://45.162.64.114/CANAL_EDUCACAO/index.m3u8
Canal Educativo (480p) [Not 24/7],https://tv.picta.cu/educativo/educativo_0.m3u8
Canal Educativo 2 (480p) [Not 24/7],https://tv.picta.cu/educativo2/educativo2_0.m3u8
Canal Extremadura (576p) [Not 24/7],https://cdnlive.codev8.net/canalextremaduralive/smil:channel1DVR.smil/playlist.m3u8?DVR=
Canal FDR,https://v-us-01.wisestream.io/memfs/e4ade538-7924-4359-81ef-b9d4dd229e91.m3u8
Canal Futura (720p),http://45.162.64.114/FUTURA/index.m3u8
Canal Gov (720p),http://45.177.114.115/TV_BRASIL_2/index.m3u8
Canal Habana (480p) [Not 24/7],https://tv.picta.cu/infantil/infantil_0.m3u8
Canal I (1080p),https://streaming.canal-i.com/canal-i/live/master.m3u8
Canal Iglesia Luz y Verdad (1080p),https://stream.oursnetworktv.com/latin/IglesialuzyVerdad/playlist.m3u8
Canal Infantil (1080p),http://bantel-cdn1.iptvperu.tv:1935/btnscrtn/canalinfantil/playlist.m3u8
Canal Institucional (720p),https://streaming.rtvc.gov.co/TV_CanalInstitucional_live/smil:live.smil/playlist.m3u8
Canal IPe (720p),http://187.102.210.46/IPE/index.m3u8
Canal ISB (Iglesia San Bernardo) (720p),https://unlimited1-us.dps.live/isb/isb.smil/playlist.m3u8
Canal Latino 54 (360p),https://videostream.chileservidores.com:8081/latina/index.m3u8
Canal Libras (720p),https://canallibras-stream.ebc.com.br/mux_video_ts/index-1.m3u8
Canal Local (720p),https://v2.tustreaming.cl/canallocalcl/index.m3u8
Canal Luz,https://g4.vxral-hor.transport.edge-access.net/a11/ngrp:canal_luz01-100009_all/Playlist.m3u8
Canal Luz Televisión (1080p),https://5d8d85cf2c308.streamlock.net:1936/CanalLuz/enDirecto/playlist.m3u8
CANAL M Television (720p),https://live-evg10.tv360.bitel.com.pe/bitel/anqaratv/playlist.m3u8
Canal Macau Ch. 92 (720p) [Not 24/7],https://live3.tdm.com.mo/ch2/ch2.live/playlist.m3u8
Canal Málaga RTV (720p) [Not 24/7],https://canalmalaga-tv-live.flumotion.com/playlist.m3u8
Canal Más Televisión (720p),https://movil.ejeserver.com/live/teledoradahd.m3u8
Canal Mas TV (720p),https://live-evg11.tv360.bitel.com.pe/bitel/mastvSRT/playlist.m3u8
Canal Metropolitano de Noticias,https://stmv5.samcast.com.br/claudio8701/claudio8701/playlist.m3u8
Canal Motor (720p),https://digicom.hls.iptvdc.com/canalmotor/index.m3u8
Canal Multivision (720p) [Not 24/7],https://live20.bozztv.com/akamaissh101/ssh101/canalmulti24/playlist.m3u8
Canal Mundo Visión (720p) [Not 24/7],https://movil.ejeserver.com/live/mundovisiontv.m3u8
Canal Nets (720p) [Not 24/7],https://movil.ejeserver.com/live/nets.m3u8
Canal Off (1080p),http://170.82.202.31/OFF/index.m3u8
Canal Oración Con Son (1080p),https://canal.mediaserver.com.co/live/oracionconson.m3u8
Canal Orbe 21,https://stream.arcast.net:4443/canal21/ngrp:canal21_all/playlist.m3u8
Canal Parlamento (360p) [Not 24/7],https://congresodirecto.akamaized.net/hls/live/2037973/canalparlamento/master.m3u8
Canal Parlamento del Congreso de Jalisco (720p) [Not 24/7],https://60417ddeaf0d9.streamlock.net/srtc/smil:srtc.smil/playlist.m3u8
Canal Peniel (720p) [Not 24/7],https://cdn.streamhispanatv.net:3840/live/penielfamlive.m3u8
Canal Pro,https://www.desde-paraguay.com/pro.m3u8
Canal Provincial (360p),https://streaming.telered.com.ar/provincial/streaming/mystream.m3u8
Canal Pulpo TV,https://vs20.live.opencaster.com/canalpulpotv_bdeee6e2/index.m3u8
Canal PyC (720p),https://live20.bozztv.com/akamaissh101/ssh101/pyctelevision/playlist.m3u8
Canal RCN (1080p),http://138.121.15.230:9002/RCN/index.m3u8
Canal Reus TV (720p),https://liveingesta318.cdnmedia.tv/canalreustvlive/smil:live.smil/playlist.m3u8
Canal Ricos (480p),https://5d82644094cc0.streamlock.net/ricostv/ricostv/playlist.m3u8
Canal Rural (1080p),https://607d2a1a47b1f.streamlock.net/crur/smil:canalrural.smil/playlist.m3u8
Canal San Roque (1080p) [Not 24/7],https://cdnlivevlc.codev8.net/aytosanroquelive/smil:channel1.smil/playlist.m3u8
Canal Santa María (360p),https://streaming.telered.com.ar/santa-maria/streaming/mystream.m3u8
Canal Saúde (720p) [Not 24/7],https://arkyvbre1g.zoeweb.tv/fiocruz/fiocruz.stream/playlist.m3u8
Canal Savoir (360p),https://hls.savoir.media/live/stream.m3u8
Canal Sete,http://play.canalsete.com.br:1935/canalsete/xpl-c7_source/playlist.m3u8
Canal Showsport (720p),https://livestream.lumpentv.com.ar/hls/lumpen.m3u8
Canal Sierra de Cádiz (1080p) [Not 24/7],https://s.emisoras.tv:8081/sierradecadiz/index.m3u8
Canal START (720p),https://cdn-tiva-srv5-zcast-com-br.smartbit.co/canalstart/canalstart/playlist.m3u8
Canal Sur Andalucia (1080p),https://dfk2a268yviz9.cloudfront.net/v1/master/3722c60a815c199d9c0ef36c5b73da68a62b09d1/cc-ddiii1m6jt6of/CanalSurAndaluciaES.m3u8
Canal Sur Andalucía 2 (720p),https://cdnlive.codev8.net/rtvalive/smil:channel22.smil/playlist.m3u8
Canal Sur Noticias,https://cdnlive.codev8.net/rtvalive/smil:channel42.smil/playlist.m3u8
Canal Survision Alerce (720p),https://s1.tvdatta.com:3384/live/canal20tvlive.m3u8
Canal Taronja Comarques Centrals (1080p) [Not 24/7],https://ingest1-video.streaming-pro.com/canaltaronja/central/playlist.m3u8
Canal Taronja Osona i Moianés (1080p) [Not 24/7],https://ingest1-video.streaming-pro.com/canaltaronja/osona/playlist.m3u8
Canal TDC,https://tdcserver.com:19360/tdconlione-2/tdconlione-2.m3u8
Canal Telefamilia (360p) [Not 24/7],https://stmv2.voxtvhd.com.br/telefamilia/telefamilia/playlist.m3u8
Canal Terrassa (1080p),https://ingest2-video.streaming-pro.com/canalterrassa/stream/playlist.m3u8
Canal TRO (1080p),https://liveingesta118.cdnmedia.tv/canaltro2live/smil:live.smil/playlist.m3u8
Canal TRO Plus (1080p) [Geo-blocked],https://liveingesta118.cdnmedia.tv/canaltro2live/smil:troplus.smil/playlist.m3u8
Canal TV3 (720p) [Not 24/7],https://streaming.telenetdigital.net.co:8086/canal3tv/stream.m3u8
Canal TV Radio Maya TGBA (480p),https://s.emisoras.tv:8081/radiomaya/index.m3u8
Canal Universidad,https://videostream.shockmedia.com.ar/hls/canaluniversidadmdp/canaluniversidadmdp.m3u8
Canal UOL (1080p),https://video24.mais.uol.com.br/live/6146.m3u8
Canal Visof (720p),https://stream.oursnetworktv.com/latin/Visof/playlist.m3u8
Canal Womtv (720p),https://live.amelbatv.co:81/womtvlive/index.m3u8
Canal Zoom [Geo-blocked],https://tvlocales-live.freecaster.com/live/95d2e3af-5ab8-45a9-9dc9-f544d006b5d5/95d2e3af-5ab8-45a9-9dc9-f544d006b5d5.isml/master.m3u8
Canal+ Action Europe Czechia,http://46.149.191.219:9106/play/a01g
Canal+ Cinemas (720p),http://151.80.18.177:86/Canal+_cinema_HD/index.m3u8
Canal+ Sport 360,https://futbol9865.ultratv13.workers.dev/deportivo111/14.m3u8
CanalCosta (1080p),https://5d8d85cf2c308.streamlock.net:1936/CanalcostaTV/endirecto/playlist.m3u8
Canalda 26 HD [Not 24/7],https://canalda.rgradio.net:3084/live/canaldalive.m3u8
Canale 2 Altamura (576p) [Not 24/7],https://59d7d6f47d7fc.streamlock.net/canale2/canale2/playlist.m3u8
Canale 5 [Geo-blocked],https://live3-mediaset-it.akamaized.net/Content/hls_h0_clr_vos/live/channel(C5)/index.m3u8
Canale 7 (480p),http://wms.shared.streamshow.it/canale7/canale7/playlist.m3u8
Canale 8 (480p),http://wms.shared.streamshow.it/canale8/canale8/playlist.m3u8
Canale 10 (540p) [Not 24/7],http://37.187.142.147:1935/ch10live/high.stream/playlist.m3u8
Cananga TV (720p),https://cdn.streamingcpanel.com:3545/live/canangatlive.m3u8
Cancionero TV (360p),http://89.140.229.5/hls1/cancionero.m3u8
Candelaria TV (720p) [Not 24/7],https://cdn.streamhispanatv.net:3921/live/candetvlive.m3u8
Candelita TV (480p),https://6110f70ea8d0e.streamlock.net/1689/1689/playlist.m3u8
Canela Clasicos,https://stream.ads.ottera.tv/playlist.m3u8?network_id=652
Canela Hits,https://stream.ads.ottera.tv/playlist.m3u8?network_id=1058
Canela Kids,https://stream.ads.ottera.tv/playlist.m3u8?network_id=654
Canela Music Presents,https://stream.ads.ottera.tv/playlist.m3u8?network_id=2548
Canela Telenovelas,https://stream.ads.ottera.tv/playlist.m3u8?network_id=1152
Canela.TV (1080p),https://d3cx6yargdnl7q.cloudfront.net/canelatv.m3u8
Canica TV (240p),https://stmv4.voxtvhd.com.br/canicatv/canicatv/playlist.m3u8
Cannes Lérins TV (1080p),https://vdo2.pro-fhi.net:3628/live/uppodsfqlive.m3u8
Cao Bằng TV (720p),https://stream.thingnet.vn/live/smil:CRTV.smil/chunklist.m3u8
Caoba TV Radio (720p) [Not 24/7],https://host.streamingnation.live:3940/live/caobatvlive.m3u8
Cap Terre (1080p),http://145.239.5.177/359a/index.m3u8
Cape Town TV (576p),https://cdn.freevisiontv.co.za/sttv/smil:ctv.stream.smil/playlist.m3u8
Capital 21 (1080p) [Not 24/7],https://video.cdmx.gob.mx/redes/stream.m3u8
Capital TV (1080p),https://streaming.tvnepal.com:19360/capitaltv/capitaltv.m3u8
Capital TV HD HD,https://streaming.tvnepal.com:19360/capitaltv/720p.m3u8
Capricho TV (720p) [Not 24/7],https://video.compuwebecuador.com:3783/live/caprichotvlive.m3u8
Captain Tsubasa,https://jmp2.uk/plu-64666345f3f5b1000882bfb4.m3u8
Capuchin TV,https://goliveafrica.media:9998/live/64227f58b8413/index.m3u8
Car Chase (720p),https://jmp2.uk/plu-65a93b0607e03a000895abda.m3u8
Car Chase (720p),https://jmp2.uk/plu-65a93b870c7ff50008d1ca47.m3u8
Car Chase (720p),https://jmp2.uk/plu-65a93be02fac9c00083cbac4.m3u8
Car Chase (720p),https://jmp2.uk/plu-65244c403fd33c0008ffff31.m3u8
Car City Adventures,https://d39g1vxj2ef6in.cloudfront.net/v1/master/3fec3e5cac39a52b2132f9c66c83dae043dc17d4/prod-rakuten-stitched/master.m3u8?ads.xumo_channelId=88883095
Carabinieri,https://jmp2.uk/plu-66a0eea88561260008b1c5d0.m3u8
Carac 1 (1080p),http://145.239.5.177/371/index.m3u8
Carac 2 (1080p),https://onefmhd.vedge.infomaniak.com/livecast/ik:onefmhd/manifest.m3u8
Carac 3 (1080p),https://lfmhd.vedge.infomaniak.com/livecast/lfmhd/playlist.m3u8
Carac 4 (1080p),https://edge17.vedge.infomaniak.com/livecast/ik:compack_media_1/playlist.m3u8
Carac 5,https://lfmmd.vedge.infomaniak.com/livecast/ik:carac5/manifest.m3u8
Caracol HD2 (1080p),http://181.78.14.26:4000/play/a00d/index.m3u8
Caracol TV (1080p),http://45.171.108.253:8888/CARACOL/index.m3u8
Caracola TV,https://wifispeed.trapemn.tv:1936/comunales/caracola-tv/chunks.m3u8
Caras TV (1080p),https://unlimited1-us.dps.live/carastv/carastv.smil/playlist.m3u8
Caribbean Advantage TV (1080p) [Not 24/7],https://video2.getstreamhosting.com:19360/8216/8216.m3u8
Caribbean Gospel TV,https://25466019af9b7aed.servers.dvcloud.tv/hls/iptv_providers/fhvtgifbqbcjp0g19mdd76t18tpalu4k.m3u8
Caribbean Hot 7 TV (720p),https://586a9edea75f1.streamlock.net/caribbeanhot7tv/ch7-1.stream/playlist.m3u8
Cariñosa TV (720p) [Not 24/7],https://cdn.streamhispanatv.net:3110/live/carinosatvlive.m3u8
Cáritas TV (1080p),https://rds3.desdeparaguay.net/caritastv/caritastv/playlist.m3u8
Carivision (1080p) [Geo-blocked],https://ss2.tvrdomi.com:1936/carivision/carivision/playlist.m3u8
Carlsbad City TV Channel (Carlsbad CA) (720p),https://edge-f.swagit.com/live/carlsbadca/live-3-a-1/playlist.m3u8
Caroline in the City,https://jmp2.uk/plu-66a7aa44cd0d31000843942b.m3u8
Caroline in the City,https://jmp2.uk/plu-66a7aac9d512590008ab2dcb.m3u8
Caroline in the City,https://jmp2.uk/plu-66a7ab4dcd0d3100084395b4.m3u8
Carousel (720p),http://185.37.150.46/Karusel/index.m3u8
Carousel (1080p),http://31.148.48.15/Karusel_HD/index.m3u8
Cartago Medios TV (720p) [Not 24/7],https://acceso.mediosdecostarica.com:3511/stream/play.m3u8
Cartoon Channel PH (720p) [Geo-blocked],https://stream-cdn-iad3.vaughnsoft.net/play/live_cartoonchannelph.flv
Cartoon Classics (1080p),https://streams2.sofast.tv/v1/master/611d79b11b77e2f571934fd80ca1413453772ac7/d5543c06-5122-49a7-9662-32187f48aa2c/manifest.m3u8
Cartoon Classics (576p),http://5.188.159.128:8070/Cartoon_Network/index.m3u8
Caruban TV (1080p),https://stream.carubantv.id/hls/0/stream.m3u8
Casa Italia 53 (720p),https://ovp-live.akamaized.net/ac115_live/canale3.smil/playlist.m3u8
Cascara TV (720p),https://ss2.tvrdomi.com:1936/cascaratv/cascaratv/playlist.m3u8
Cash in the Attic (720p),https://fifth-season-cashintheattic-1-gb.samsung.wurl.tv/playlist.m3u8
Cash In The Attic,https://jmp2.uk/plu-65a7af553af63d000828acca.m3u8
Casma TV (720p),https://live-evg7.tv360.bitel.com.pe/bitel/casmatvSRT-TRA/playlist.m3u8
Casos de la Dra. Polo,https://jmp2.uk/plu-60d393e5579a420007ee553c.m3u8
Catamarca TV (720p),https://stream.arcast.com.ar/canal7catamarca/ngrp:canal7catamarca_all/playlist.m3u8?DVR=
Catatumbo TV (406p),https://cloud.fastchannel.es/manifiest/hls/prog9/catatumbotv.m3u8
Catfish,https://jmp2.uk/plu-64f8a2a23a0d700008a6ed7b.m3u8
Catfish,https://jmp2.uk/plu-625eaebc2a73a00007d3f855.m3u8
Catfish,https://jmp2.uk/plu-6093f9ed2c75660007322bb7.m3u8
CATFISH TV (720p),https://jmp2.uk/plu-5f8eb66537867f0007146953.m3u8
Catholic TV (1080p),https://catholictvhd-lh.akamaized.net/hls/live/2043390/CTVLiveHD/master.m3u8
Catve2 (720p),https://5b33b873179a2.streamlock.net:1443/catve2/catve2/playlist.m3u8
Catve FM (720p) [Not 24/7],https://5b33b873179a2.streamlock.net:1443/radiocamera/livestream/playlist.m3u8
Catve Master TV (720p) [Not 24/7],https://5b33b873179a2.streamlock.net:1443/mastertv/livestream/playlist.m3u8
Caught on Tape (1080p) [Geo-blocked],https://pb-chkjjtiael60a.akamaized.net/playlist.m3u8
Caught-Up TV (480p) [Not 24/7],https://webstreaming-3.viewmedia.tv/web_031/Stream/playlist.m3u8
Cay TV (720p),https://edge1.socialsmart.tv/caytv/bant1/playlist.m3u8
Cazador de Homicidas,https://jmp2.uk/plu-60ed5fb9c4716d0007d180c5.m3u8
Cazasubastas,https://jmp2.uk/plu-6335a6b6e6f7a600076e589e.m3u8
CazeTV (1080i),https://dfr80qz435crc.cloudfront.net/MNOP/Amagi/Caze/Caze_TV_BR/Caze_TV.m3u8
CB TV Michoacan,https://5ca3e84a76d30.streamlock.net/cbtv/videoc3b3t3v3/playlist.m3u8
CBBC HD (720p) [Geo-blocked],https://vs-cmaf-pushb-uk-live.akamaized.net/x=4/i=urn:bbc:pips:service:cbbc_hd/iptv_hd_abr_v1.mpd
CBC (576p),https://flu.systemnet.tv/CBC/index.m3u8
CBC Calgary (CBRT-DT) (720p) [Geo-blocked],https://cbcrclinear-tor.akamaized.net/hls/live/2042763/CBCRCLINEAR_TOR_9/master5.m3u8
CBC Comedy (1080p) [Geo-blocked],https://amagi-streams.akamaized.net/hls/live/2110963/cbccomedy/master.m3u8
CBC Drama (576p),https://flu.systemnet.tv/CBCDrama/index.m3u8
CBC Edmonton (CBXT-DT) (720p) [Geo-blocked],https://cbcrclinear-tor.akamaized.net/hls/live/2042765/CBCRCLINEAR_TOR_11/master5.m3u8
CBC Heartland (1080p) [Geo-blocked],https://amagi-streams.akamaized.net/hls/live/2113391/cbcheartland/master.m3u8
CBC Kids Channel (1080p) [Geo-blocked],https://amagi-streams.akamaized.net/hls/live/2120483/cbckids/master.m3u8
CBC Manitoba (CBWT-DT) (720p) [Geo-blocked],https://cbcrclinear-tor.akamaized.net/hls/live/2042767/CBCRCLINEAR_TOR_13/master5.m3u8
CBC Montréal (CBMT-DT) (720p) [Geo-blocked],https://cbcrclinear-tor.akamaized.net/hls/live/2042761/CBCRCLINEAR_TOR_7/master5.m3u8
CBC Murdoch Mysteries (1080p) [Geo-blocked],https://amagi-streams.akamaized.net/hls/live/2113390/cbcmurdoch/master.m3u8
CBC New Brunswick (CBAT-DT) (720p) [Geo-blocked],https://cbcrclinear-tor.akamaized.net/hls/live/2042757/CBCRCLINEAR_TOR_3/master5.m3u8
CBC Newfoundland and Labrador (CBNT-DT) (720p) [Geo-blocked],https://cbcrclinear-tor.akamaized.net/hls/live/2042755/CBCRCLINEAR_TOR_1/master5.m3u8
CBC News,https://jmp2.uk/plu-6536725167bd1a00084481bc.m3u8
CBC News (1080p),https://d2ny9lo79ujali.cloudfront.net/CBC_News_International.m3u8
CBC News BC (1080p) [Geo-blocked],https://amagi-streams.akamaized.net/hls/live/2110960/cbcnewsbc/master.m3u8
CBC News British Columbia,https://jmp2.uk/plu-66a8f01914a2bb00084dd86c.m3u8
CBC News Explore (1080p) [Geo-blocked],https://amagi-streams.akamaized.net/hls/live/2110962/cbcexplore/master.m3u8
CBC News Toronto (1080p) [Geo-blocked],https://amagi-streams.akamaized.net/hls/live/2110961/cbctoronto/master.m3u8
CBC News Toronto (720p),https://jmp2.uk/plu-6536721dbfbaec00088687c0.m3u8
CBC North (CFYK-DT) (720p) [Geo-blocked],https://cbcrclinear-tor.akamaized.net/hls/live/2042766/CBCRCLINEAR_TOR_12/master5.m3u8
CBC Nova Scotia (CBHT-DT) (720p) [Geo-blocked],https://cbcrclinear-tor.akamaized.net/hls/live/2042758/CBCRCLINEAR_TOR_4/master5.m3u8
CBC Ottawa (CBOT-DT) (720p) [Geo-blocked],https://cbcrclinear-tor.akamaized.net/hls/live/2042762/CBCRCLINEAR_TOR_8/master5.m3u8
CBC Prince Edward Island (CBCT-DT) (720p) [Geo-blocked],https://cbcrclinear-tor.akamaized.net/hls/live/2042756/CBCRCLINEAR_TOR_2/master5.m3u8
CBC Saskatchewan (CBKT-DT) (720p) [Geo-blocked],https://cbcrclinear-tor.akamaized.net/hls/live/2042764/CBCRCLINEAR_TOR_10/master5.m3u8
CBC Sofra (576p),https://flu.systemnet.tv/CBCSofra/index.m3u8
CBC Sport HD [Geo-blocked],https://mn-nl.mncdn.com/cbcsports_live/cbcsports/playlist.m3u8
CBC Toronto (CBLT-DT) (720p) [Geo-blocked],https://cbcrclinear-tor.akamaized.net/hls/live/2042760/CBCRCLINEAR_TOR_6/master5.m3u8
CBC TV8 (1080p) [Not 24/7],https://1740288887.rsc.cdn77.org/1740288887/index.m3u8
CBC Vancouver (CBUT-DT) (720p) [Geo-blocked],https://cbcrclinear-tor.akamaized.net/hls/live/2042768/CBCRCLINEAR_TOR_14/master5.m3u8
CBC Windsor (CBET-DT) (720p) [Geo-blocked],https://cbcrclinear-tor.akamaized.net/hls/live/2042759/CBCRCLINEAR_TOR_5/master5.m3u8
CBeebies HD (720p) [Geo-blocked],https://vs-cmaf-pushb-uk-live.akamaized.net/x=4/i=urn:bbc:pips:service:cbeebies_hd/iptv_hd_abr_v1.mpd
CBN Espanol (1080p),https://fastly.live.brightcove.com/6383462549112/us-east-1/734546207001/eyJhbGciOiJIUzI1NiIsInR5cCI6IkpXVCJ9.eyJob3N0IjoiczFpM3ZpLmVncmVzcy50N2M3emwiLCJhY2NvdW50X2lkIjoiNzM0NTQ2MjA3MDAxIiwiZWhuIjoiZmFzdGx5LmxpdmUuYnJpZ2h0Y292ZS5jb20iLCJpc3MiOiJibGl2ZS1wbGF5YmFjay1zb3VyY2UtYXBpIiwic3ViIjoicGF0aG1hcHRva2VuIiwiYXVkIjpbIjczNDU0NjIwNzAwMSJdLCJqdGkiOiI2MzgzNDYyNTQ5MTEyIn0.g04lznsvgqgIXQt2ZH0H_tWtIeTsMgGjVORsjOJ0T6U/playlist-hls.m3u8
CBN Family (1080p),https://fastly.live.brightcove.com/6380399588112/us-east-1/734546207001/eyJhbGciOiJIUzI1NiIsInR5cCI6IkpXVCJ9.eyJob3N0IjoiczFpM3ZpLmVncmVzcy50N2M3emwiLCJhY2NvdW50X2lkIjoiNzM0NTQ2MjA3MDAxIiwiZWhuIjoiZmFzdGx5LmxpdmUuYnJpZ2h0Y292ZS5jb20iLCJpc3MiOiJibGl2ZS1wbGF5YmFjay1zb3VyY2UtYXBpIiwic3ViIjoicGF0aG1hcHRva2VuIiwiYXVkIjpbIjczNDU0NjIwNzAwMSJdLCJqdGkiOiI2MzgwMzk5NTg4MTEyIn0.LYfIeObmX4AEStY_xCnPZwMJHXgOAPFMTKfztq-9F8U/playlist-hls.m3u8
CBN Gospel (720p),https://59d39900ebfb8.streamlock.net/ccbn/ccbn/playlist.m3u8
CBN News Channel (1080p),https://fastly.live.brightcove.com/6380396819112/us-east-1/734546207001/eyJhbGciOiJIUzI1NiIsInR5cCI6IkpXVCJ9.eyJob3N0IjoiczFpM3ZpLmVncmVzcy50N2M3emwiLCJhY2NvdW50X2lkIjoiNzM0NTQ2MjA3MDAxIiwiZWhuIjoiZmFzdGx5LmxpdmUuYnJpZ2h0Y292ZS5jb20iLCJpc3MiOiJibGl2ZS1wbGF5YmFjay1zb3VyY2UtYXBpIiwic3ViIjoicGF0aG1hcHRva2VuIiwiYXVkIjpbIjczNDU0NjIwNzAwMSJdLCJqdGkiOiI2MzgwMzk2ODE5MTEyIn0.GDYp4IWtzwPkupEWeeOavnioVknO-Ev3UGlHvM1rE6I/playlist-hls.m3u8
CBN TV (720p),https://5790d294af2dc.streamlock.net/CBNVI/CBNVI/playlist.m3u8
CBS (1080p),http://stream.cammonitorplus.net/1783/index.m3u8
CBS 2 Salt Lake City UT (KUTV) (1080p),https://linear-707.frequency.stream/dist/stirr/707/hls/master/playlist.m3u8
CBS 3 Kalamazoo MI (WWMT) (1080p),https://linear-701.frequency.stream/dist/stirr/701/hls/master/playlist.m3u8
CBS 3 Omaha NE (KMTV) (720p),https://aegis-cloudfront-1.tubi.video/0b16cabe-a8fd-4d91-99e5-3efb7aa740cc/playlist.m3u8
CBS 4 El Paso TX (KDBC) (1080p),https://linear-706.frequency.stream/dist/stirr/706/hls/master/playlist.m3u8
CBS 6 Richmond VA (WTVR) (720p),https://aegis-cloudfront-1.tubi.video/d8fc1d6c-fd55-45c8-973b-b7327ee1a6e0/playlist.m3u8
CBS 8 Des Moines IA (KCCI) (720p),https://aegis-cloudfront-1.tubi.video/8d1f164d-34ef-4f70-b948-ae33826a0aaa/playlist.m3u8
CBS 9 Oklahoma City OK (KWTV-DT1) (720p) [Not 24/7],https://fuel-streaming-prod01.fuelmedia.io/v1/sem/e48409e7-672d-42f2-b5e0-ebb6744b0425.m3u8
CBS 12 Cincinnati OH (WKRC) (1080p),https://linear-691.frequency.stream/dist/stirr/691/hls/master/playlist.m3u8
CBS 12 West Palm Beach FL (WPEC) (1080p),https://linear-692.frequency.stream/dist/stirr/692/hls/master/playlist.m3u8
CBS 21 Harrisburg PA (WHP) (1080p),https://linear-697.frequency.stream/dist/stirr/697/hls/master/playlist.m3u8
CBS 22 South Bend IN (WSBT) (1080p),https://linear-693.frequency.stream/dist/stirr/693/hls/master/playlist.m3u8
CBS 42 Austin TX (KEYE) (1080p),https://linear-704.frequency.stream/dist/stirr/704/hls/master/playlist.m3u8
CBS en español,https://jmp2.uk/plu-668c5cb4f01dbe0008dd4082.m3u8
CBS News (720p),https://jmp2.uk/plu-62310f66d5888f0007534342.m3u8
CBS News (720p),https://jmp2.uk/plu-62310d5a5dc9550007c6f580.m3u8
CBS News 24/7 (720p),https://jmp2.uk/plu-6350fdd266e9ea0007bedec5.m3u8
CBS News Baltimore (720p),https://lineup.cbsivideo.com/playout/8877a7d5-b094-4ac8-bc72-75a5fed68e5b/index.m3u8
CBS News Bay Area (720p),https://cbsn-sf.cbsnstream.cbsnews.com/out/v1/dac63c1abb3f4a2dac9f508f44bb072a/master.m3u8
CBS News Boston (720p),https://cbsn-bos.cbsnstream.cbsnews.com/out/v1/589d66ec6eb8434c96c28de0370d1326/master.m3u8
CBS News Chicago (720p),https://cbsn-chi.cbsnstream.cbsnews.com/out/v1/b2fc0d5715d54908adf07f97d2616646/master.m3u8
CBS News Colorado (720p),https://cbsn-den.cbsnstream.cbsnews.com/out/v1/2e49baf2906244ecb01b07d9885fbe7a/master.m3u8
CBS News Detroit (720p),https://cbsn-det.cbsnstream.cbsnews.com/out/v1/169f5c001bc74fa7a179b19c20fea069/master.m3u8
CBS News Los Angeles (720p),https://cbsn-la.cbsnstream.cbsnews.com/out/v1/57b6c4534a164accb6b1872b501e0028/master.m3u8
CBS News Miami (720p),https://cbsn-mia.cbsnstream.cbsnews.com/out/v1/ac174b7938264d24ae27e56f6584bca0/master.m3u8
CBS News Minnesota (720p),https://cbsn-min.cbsnstream.cbsnews.com/out/v1/76518f06941246ba810c8d175600bf74/master.m3u8
CBS News New York (720p),https://cbsn-ny.cbsnstream.cbsnews.com/out/v1/ec3897d58a9b45129a77d67aa247d136/master.m3u8
CBS News Philadelphia (720p),https://jmp2.uk/plu-5eb1b05ea168cc000767ba67.m3u8
CBS News Philadelphia (720p),https://cbsn-phi.cbsnstream.cbsnews.com/out/v1/5c9ad3e215984b0e9ad845b335216b72/master.m3u8
CBS News Pittsburgh (720p),https://cbsn-pit.cbsnstream.cbsnews.com/out/v1/6966dabf8150405ab26f854e3cd6a2b8/master.m3u8
CBS News Sacramento (720p),https://lineup.cbsivideo.com/playout/c1ed69db-6b71-4581-a937-a70ab4089f8a/index.m3u8
CBS News Texas (720p),https://cbsn-dal.cbsnstream.cbsnews.com/out/v1/ffa98bbf7d2b4c038c229bd4d9122708/master.m3u8
CBS News Texas (720p),https://jmp2.uk/plu-5eceb0d4065c240007688ec6.m3u8
CBS Sports Golazo Network (720p),https://proped3fhg87.airspace-cdn.cbsivideo.com/golazo-live-dai/master/golazo-live-dai.m3u8
CBS Sports HQ (1080p) [Geo-blocked],https://propee33f9c2.airspace-cdn.cbsivideo.com/index.m3u8
CC Pluto TV,https://jmp2.uk/plu-5d4947590ba40f75dc29c26b.m3u8
CCI Channel (1080p),https://livestream.mediacci.com/ccitv/index.m3u8
CCTN 47 (1080p) [Not 24/7],http://122.55.252.134:8443/live/bba5b536faeacb9b56a3239f1ee8e3b3/1.m3u8
CCTV+ 1 (600p) [Not 24/7],https://cd-live-stream.news.cctvplus.com/live/smil:CHANNEL1.smil/playlist.m3u8
CCTV+ 2 (600p) [Not 24/7],https://cd-live-stream.news.cctvplus.com/live/smil:CHANNEL2.smil/playlist.m3u8
CCTV-Billiards (1080p),http://38.75.136.137:98/gslb/dsdqpub/ystq.m3u8?auth=%2A%2A%2A
CCTV-Culture of Quality (1080p),http://38.75.136.137:98/gslb/dsdqpub/ysjp.m3u8?auth=%2A%2A%2A
CCTV-Golf & Tennis (1080p),http://38.75.136.137:98/gslb/dsdqpub/gefwq.m3u8?auth=%2A%2A%2A
CCTV-Health (1080p),http://38.75.136.137:98/gslb/dsdqpub/wsjk.m3u8?auth=%2A%2A%2A
CCTV-Nostalgia Theater (1080p),http://38.75.136.137:98/gslb/dsdqpub/hjjc.m3u8?auth=%2A%2A%2A
CCTV-Storm Football (1080p),http://38.75.136.137:98/gslb/dsdqpub/fyzq.m3u8?auth=%2A%2A%2A
CCTV-Storm Music (1080p),http://38.75.136.137:98/gslb/dsdqpub/fyyy.m3u8?auth=%2A%2A%2A
CCTV-Storm Theater (1080p),http://38.75.136.137:98/gslb/dsdqpub/fyjc.m3u8?auth=%2A%2A%2A
CCTV-The First Theater (1080p),http://38.75.136.137:98/gslb/dsdqpub/dyjc.m3u8?auth=%2A%2A%2A
CCTV-Weapon & Technology (1080p),http://38.75.136.137:98/gslb/dsdqpub/gfjs.m3u8?auth=%2A%2A%2A
CCTV-Women's Fashion (1080p),http://38.75.136.137:98/gslb/dsdqpub/nxss.m3u8?auth=%2A%2A%2A
CCTV-World Geography (1080p),http://38.75.136.137:98/gslb/dsdqpub/sjdl.m3u8?auth=%2A%2A%2A
CCV (480p),https://5a1178b42cc03.streamlock.net/8212/8212/playlist.m3u8
CCX1 (1080p),http://reflect-ccx.cablecast.tv/live-9/live/stream-1/live.m3u8
CDM Internacional (480p) [Not 24/7],https://627bb251f23c7.streamlock.net:444/CDMInternacional/CDMInternacional/playlist.m3u8
CDN (576p),http://190.61.90.17:40000/play/a03p/index.m3u8
CDNN 23 (1080p) [Not 24/7],https://cootv.cootel.com.ni:8095/Canal23_CooTel/playlist.m3u8
CDTV (720p) [Not 24/7],http://camara.03.cl.cdnz.cl/camara19/live/playlist.m3u8
CEACOM TV (1080p) [Not 24/7],https://eu1.servers10.com:8081/ceacom/index.m3u8
Cekmeköy TV (1080p),https://cdn-cekmekoybeltv.yayin.com.tr/cekmekoybeltv/cekmekoybeltv_1080p/playlist.m3u8
Celeb Reality (720p),https://d3453fcf.wurl.com/master/f36d25e7e52f1ba8d7e56eb859c636563214f541/UmFrdXRlblRWLWV1X0NlbGViUmVhbGl0eUlOVExfSExT/playlist.m3u8
Celeb Reality (720p),https://jmp2.uk/plu-6578843432c1b300089a9a98.m3u8
Celeb Reality (720p),https://jmp2.uk/plu-65788727a620e30008fe4d88.m3u8
Celeb Reality (684p),https://jmp2.uk/plu-65788076b228b7000843fc9a.m3u8
Celebes TV [Not 24/7],https://ams.juraganstreaming.com:5443/LiveApp/streams/celebesmedia.m3u8
Celebrity Name Game (1080p) [Geo-blocked],https://amg00353-amg00353c19-xumo-us-2608.playouts.now.amagi.tv/lionsgate-clbng/playlist.m3u8
Celebrity Scene TV (720p),https://rpn.bozztv.com/gusa/gusa-celebrityscene/index.m3u8
Celestial Movies (576i),http://103.58.160.157:8278/720-CELESTIALMOVIES/playlist.m3u8
Celta TV (240p),https://vivo.solumedia.com:19360/celta/celta.m3u8
Cenovision HD (720p),https://5790d294af2dc.streamlock.net/cenovision/cenovision/playlist.m3u8
Center TV (1080p),https://eu1.streams.gr:8081/centertv/index.m3u8
Central TV (720p),https://freya.mivideo.pro/centraltv/video.m3u8
Central TV (1080p),https://cdn4.skygo.mn/live/disk1/Ekh_Oron/DASH-FTA/Ekh_Oron.mpd
Cerritos TV3 (360p),https://cdn3.wowza.com/5/UWpORHhLSEs5SkJs/cerritos/G0010_002/playlist.m3u8
Cetelmón TV (404p),http://player.cetelmon.tv/protecteddfd43c2f3a8b41f3f28582bf8993aca6/992_high.m3u8
CFJC Kamloops BC (720p) [Not 24/7],https://videostream.jpbgdigital.com/CFJCTV.m3u8
CFM TV Channel 98 (360p),https://cdn3.wowza.com/5/djRwZmQvTEJidmZD/cityftmyers/G2083_002/playlist.m3u8
CFN Catholic Faith Network (720p),https://uni8rtmp.tulix.tv/cfntv/cfntv/playlist.m3u8
CFTO-DT (720p),http://stream.cammonitorplus.net/1712/index.m3u8
CG Entertainment,https://cgentertainment-cgtv-1-it.samsung.wurl.tv/playlist.m3u8
CG Grandi Film (720p),https://cgentertainment-cgtv-1-it.rakuten.wurl.tv/playlist.m3u8
CGNTV Chinese (1080p),https://d3e05csss9c272.cloudfront.net/out/v1/f0bf71c57581470fb9379f603e8f5d83/CGNWebLiveCN.m3u8
CGNTV Japan (1080p),https://d2p4mrcwl6ly4.cloudfront.net/out/v1/8d50f69fdbbf411a8d302743e4263716/CGNWebLiveJP.m3u8
CGTN Arabic (1080p) [Not 24/7],https://arabic-livews.cgtn.com/hls/LSveq57bErWLinBnxosqjisZ220802LSTefTAS9zc9mpU08y3np9TH220802cd/playlist.m3u8
CGTN Documentary (1080p),https://amg00405-rakutentv-cgtndocumentary-rakuten-0ql8j.amagi.tv/master.m3u8
CGTN Español (1080p),https://espanol-livews.cgtn.com/hls/LSveOGBaBw41Ea7ukkVAUdKQ220802LSTexu6xAuFH8VZNBLE1ZNEa220802cd/playlist.m3u8
CGTN French (1080p),http://145.239.5.177/214/index.m3u8
CGTN Global Biz (1080p),https://fastlive.cctvplus.com/out/v1/2b3d8a0c805d437f9dc85b764c2ac599/index.m3u8
CGTN Русский (1080p),https://russian-livews.cgtn.com/hls/LSvexABhNipibK5KRuUkvHZ7220802LSTeze9o8tdFXMHsb1VosgoT220802cd/playlist.m3u8
Ch4Teen (1080i),https://ch14.tv/live/ch4teen1/playlist.m3u8
Ch4Teen (1080p),https://ch14.tv/live/ch4teenclip/playlist.m3u8
Ch4Teen Documentary (1080p),https://ch14.tv/live/ch4teendoc/playlist.m3u8
Chabiba TV (360p) [Not 24/7],https://endour.net/hls/RUgLAPCbPdF5oPSTX2Hvl/index.m3u8
Chaco TV (720p) [Not 24/7],https://wowzasrv.chaco.gov.ar/Streamtv/chacotv/playlist.m3u8
Chacra TV,https://5f700d5b2c46f.streamlock.net/chacratv/chacratv/playlist.m3u8
Chada TV (720p),https://edge13.vedge.infomaniak.com/livecast/ik:chadatv/manifest.m3u8
Challenge Accepted (1080p),https://d1vy897y7cwgcv.cloudfront.net/playlist.m3u8
Chamame TV,https://srv4.zcast.com.br/chamametv/chamametv/playlist.m3u8
Champaign Government Television (CGTV) (Champaign IL) (720p),https://champaign-cablecast.cablecast.tv/live/stream-2/live.m3u8
Champion TV,https://stream.berosat.live/hls/champion-tv/champion-tv.m3u8
Chandel TV (720p),https://kali.vdopanel.com:3660/live/vj6jlam1rlive.m3u8
Channel 5 (1080p),https://streamer2.nexgen.bz/05-CHANNEL5/index.m3u8
Channel 5 (1080p),https://639bc5877c5fe.streamlock.net/tv5hdlive/tv5hdlive/playlist.m3u8
Channel 5 (1080p),http://stream.mcquack.net/291/index.m3u8
Channel 5 (1080p),https://xemzi.short.gy/1000030
Channel 5 HD (720p),http://193.46.58.239:8080/Channel5/index.m3u8
Channel 5 International (576p),http://178.134.1.158:8081/5channel/index.m3u8
Channel 7 (720p) [Geo-blocked],https://npc.cdn.7livecloud.io/hls/live/SYD1/master.m3u8
Channel 7 (720p),https://streamer2.nexgen.bz/07-CHANNEL7/index.m3u8
Channel 7 (1080p),https://lb1-live-mv.v2h-cdn.com/hls/ffac/gohg/gohg.m3u8
Channel 7 Kazakhstan (576p),http://stream.mcquack.net/27/index.m3u8
Channel 7 Melbourne,http://44.32.200.142:5004/auto/v7
Channel 7 Ukraine (720p),http://cdn10.live-tv.od.ua:8081/7tvod/7tvod-abr/7tvod/7tvod/playlist.m3u8
Channel 8 (1080p),https://gra1.crystalweb.net:1936/channel8/channel8/playlist.m3u8
Channel 8 (576p),http://45.11.139.43:8555/8kanal/index.m3u8
Channel 8 (720p),https://cdn.qd.je/163189/ch8
Channel 8 (1080p) [Not 24/7],http://usa.login.in.th:1935/ch8/ch8/playlist.m3u8
Channel 8,https://ext.cdn.nashnet.tv/228.0.0.138/index.m3u8
Channel 8 Krasnoyarsk HD (1080p),https://tshift-1.telecoma.tv/8channel/tracks-v1a1/mono.ts.m3u8
Channel 8 Kurdish (720p),https://live.channel8.com/Channel8-Kurdish/index.fmp4.m3u8
Channel 8 Novosibirsk (480i),https://live-8knsk.cdnvideo.ru/8knsk/stream1/playlist.m3u8
Channel 9 (1080p),https://contact.gostreaming.tv/Con-11/index.m3u8
Channel 9 (720p),https://mmtvs.exliatycl.online/channel9/stream.m3u8
Channel 9 Adelaide (720p) [Geo-blocked],https://9now-livestreams-fhd-t.akamaized.net/u/prod/simulcast/adl/ch9/hls/r1/index.m3u8
Channel 9 Brisbane (720p) [Geo-blocked],https://9now-livestreams-fhd-t.akamaized.net/u/prod/simulcast/bne/ch9/hls/r1/index.m3u8
Channel 9 Perth (720p) [Geo-blocked],https://9now-livestreams-fhd-t.akamaized.net/u/prod/simulcast/per/ch9/hls/r1/index.m3u8
Channel 9 Sydney (720p) [Geo-blocked],https://9now-livestreams-fhd-t.akamaized.net/u/prod/simulcast/syd/ch9/hls/r1/index.m3u8
Channel 10 (576i),https://bl.rutube.ru/livestream/c9e26bf5c003fd8d477200065ca1a05f/index.m3u8?e=2072611029&s=eqlTXebDP9wSWTZgre6BwQ&scheme=https
Channel 10 (720p),https://cdn3.wowza.com/5/cFh0V0QwUVc4SDl2/santa-paula/G0930_002/playlist.m3u8
Channel 11 (1080p),https://cdn4.skygo.mn/live/disk1/Channel11/DASH-FTA/Channel11.mpd
Channel 11 (Scottsdale AZ),https://cdn3.wowza.com/5/RXJNMFI3VlVkOEFP/scottsdale/G0040_007/chunklist.m3u8
Channel 13 (1080p),http://stream.mcquack.net/295/index.m3u8
Channel 13 (720p) [Not 24/7],https://stream.theyraonline.com/live/channel13@live/index.m3u8
Channel 18 GAC,https://reflect-channel18vod-springfield-il-us.cablecast.tv/live-13/live/stream-1/live.m3u8
Channel 24 (1080p),http://stream.mcquack.net/42/index.m3u8
Channel 44 (480p),https://d1k6kax80wecy5.cloudfront.net/WFqZJc/index.m3u8
Channel 200 (540p),https://d1jlnqid3sfc6m.cloudfront.net/out/v1/3fc2254c865a457c8d7fbbce227a2aae/index.m3u8
Channel A [Geo-blocked],http://channelalive.ktcdn.co.kr/chalivepc/_definst_/atv2/playlist.m3u8
Channel Divya (1080p),https://vg-pitaaratvlive.akamaized.net/v1/vglive-sk-906482/playlist.m3u8
Channel Fight (1080p),https://d15wqvt0xm15k4.cloudfront.net/v1/master/9d062541f2ff39b5c0f48b743c6411d25f62fc25/ChannelFight-DistroTV/266.m3u8?ads.vf=KqVbYyU2qD8
Channel Fight (1080p),https://d15wqvt0xm15k4.cloudfront.net/scheduler/scheduleMaster/266.m3u8
Channel Jowo [Geo-blocked],https://op-group1-swiftservehd-1.dens.tv/h/h77/index.m3u8
Channel K (720p),https://mmtvs.exliatycl.online/channelk/stream.m3u8
Channel One,https://pemirateshls.persiana.live/hls/stream.m3u8
Channel One HD (720p),https://edge1.1internet.tv/dash-live2/streams/1tv-dvr/1tvdash.mpd
Channel S,https://app.ncare.live/c3VydmVyX8RpbEU9Mi8xNy8yMDE0GIDU6RgzQ6NTAgdEoaeFzbF92YWxIZTO0U0ezN1IzMyfvcGVMZEJCTEFWeVN3PTOmdFsaWRtaW51aiPhnPTI2/channels.stream/live-orgin/channels.stream/playlist.m3u8
Channel S (576p),https://app.ncare.live/c3VydmVyX8RpbEU9Mi8xNy8yMDE0GIDU6RgzQ6NTAgdEoaeFzbF92YWxIZTO0U0ezN1IzMyfvcGVMZEJCTEFWeVN3PTOmdFsaWRtaW51aiPhnPTI/chsukoff.stream/playlist.m3u8
Channel U (720p),https://cdn.qd.je/163189/chu
Channel WIN (720p),https://cdn-4.pishow.tv/live/229/master.m3u8
Channel Y (720p) [Not 24/7],http://cdn19.live247stream.com/channely/tv/playlist.m3u8
Channels 24,https://live20.bozztv.com/dvrfl06/astv/astv-channel24africa/index.m3u8
Channels TV,https://cs2.push2stream.com/CHANNELSTV-DVR/playlist.m3u8
Chaos City,https://jmp2.uk/plu-60afbad343e3840007164348.m3u8
Chaos on Cam (1080p),https://amg26277-amg26277c7-samsung-gb-11285.playouts.now.amagi.tv/playlist.m3u8
Chaos on Cam (720p),https://jmp2.uk/plu-68c8202f5ec82769fdfcd0a2.m3u8
Chappelle's Show,https://jmp2.uk/plu-65e976ad0d456100082d9b74.m3u8
Chappelle's Show,https://jmp2.uk/plu-65e977a618036500082ec972.m3u8
Chappelle's Show,https://jmp2.uk/plu-65e9783b0d456100082d9e05.m3u8
Charana TV (360p),https://edge3-moblive.yuppcdn.net/transhd2/smil:chtv05.smil/index.m3u8
Charapa TV (720p),https://live-evg10.tv360.bitel.com.pe/bitel/charapatvSRT/playlist.m3u8
Chardikla Gurbaani TV (1080p),https://chardikalatimestv.gigabitcdn.net/in-chardikala/chardikala-gurbani-tv/playlist.m3u8
Chardikla Time TV (1080p),https://chardikalagurbanitv.gigabitcdn.net/in-chardikala/chardikala-timetv/playlist.m3u8
Chardikla Time TV North America (1080p),https://chardikalanorthamerica.gigabitcdn.net/in-chardikala/chardikala-north-usa/playlist.m3u8
Charge! (1080p),https://fast-channels.sinclairstoryline.com/CHARGE/index.m3u8
CharityTV (1080p) [Not 24/7],http://185.105.4.236:1935/live/ngrp:livestream_all/live.m3u8
Charlotte aux Fraises,https://jmp2.uk/plu-60dc6937b450ad0007377e48.m3u8
Charlotte County CC-TV (Charlotte County FA) (720p),https://cdn3.wowza.com/5/cHYzekYzM2kvTVFH/charlotte/G0055_009/playlist.m3u8
Charmed: Jovens Bruxas,https://jmp2.uk/plu-67f9602ee173fa5664fafae8.m3u8
Charoen Cable 37 TV,http://www5.cabletv.co.th/StreamToCTV/cablechannel/playlist.m3u8
Charterfeber,https://jmp2.uk/plu-61c1dda0fe470d00080f85b8.m3u8
CHCH-DT (720p),http://185.246.209.113/CHCHHD/index.m3u8
CHCO-TV (720p) [Geo-blocked],https://temp4.isilive.ca/live/CHCOTV/live/index.m3u8
Cheaters (1080p) [Geo-blocked],https://pb-yu0ylzo7vk8v4.akamaized.net/Cheaters_SONO39.m3u8
Cheaters,https://jmp2.uk/plu-6582f7d612d5ee00089a663d.m3u8
Cheaters,https://jmp2.uk/plu-651e719b575f660008d2e629.m3u8
Cheaters,https://jmp2.uk/plu-651e6607575f660008d2cb7f.m3u8
Cheaters,https://jmp2.uk/plu-651e67763fd33c0008f07170.m3u8
Cheaters,https://jmp2.uk/plu-627d355aa95efd00077afcc7.m3u8
Cheddar News (1080p),https://hls.livecdn.io/cheddar.com/cheddar/playlist.m3u8
Cheers,https://jmp2.uk/plu-611e7f224676bf00076a4d8d.m3u8
Cheers,https://jmp2.uk/plu-65cce14060eb870008dbd003.m3u8
Cheers,https://jmp2.uk/plu-63e389dcc111bc0008ee5b8c.m3u8
Cheers,https://jmp2.uk/plu-62bdb7f0db2eb30007376d4d.m3u8
Cheers + Frasier,https://jmp2.uk/plu-66ba495ffe11e5000881f049.m3u8
Chef Champion (720p) [Not 24/7],https://rpn.bozztv.com/gusa/gusa-chefchampion/index.m3u8
Chef Roc Show (720p) [Not 24/7],https://rpn.bozztv.com/gusa/gusa-chefrock/index.m3u8
Chef TV (720p),http://45.190.28.50/CHEF_TV/index.m3u8
Chef vs Chef by Food Network (720p),https://jmp2.uk/plu-68bb16a500a2f063fdf89f8c.m3u8
Cheksiz TV,https://fl.biztv.media/cheksiz_tv_480_unif7hujidth7f4du83jrhuid3k94j8hfj8d93eubych8eju93n4ubt/tracks-v1a1/mono.m3u8
Chemnitz Fernsehen (1080p),https://chemnitz.iptv-playoutcenter.de/chemnitz/chemnitzfernsehen.stream_1/playlist.m3u8
Chemodan TV (1080p),http://stream.mcquack.net/399/index.m3u8
Cherif,https://jmp2.uk/plu-66d71c656b63480008cf0427.m3u8
Cherif,https://jmp2.uk/plu-66a8c7aefe11e500085b1587.m3u8
Cherniveckiy promin (720p),https://langate.tv/promin/live_720/index.m3u8
Chifeng Comprehensive News Chanel,http://play1-qk.nmtv.cn/live/1735546697341033.m3u8
Chile Channel (720p),https://v2.tustreaming.cl/chilechannel/index.m3u8
ChileVision (1080p),http://15.204.246.24:8080/CHVHD/index.m3u8
Chill Latino,https://stream.ads.ottera.tv/playlist.m3u8?network_id=1085
Chiloe Red 25 (720p),https://v2.tustreaming.cl/chiloered/index.m3u8
China Channel (720p),https://v2.tustreaming.cl/chinachannel/index.m3u8
China Travel (1080p),https://fastlive.cctvplus.com/out/v1/ca6f9297b7314a63959435028af287fc/index.m3u8
Chino Hills City TV Channel 3/41 (360p),https://edge-f.swagit.com/live/chinohillsca/live-1-a/playlist.m3u8
Chinola TV (480p),https://tv.wracanal10.com:3300/live/chinolatvlive.m3u8
Chip & Jo: Feels Like Home by Magnolia Network (720p),https://jmp2.uk/plu-68bb16e7f89c82a68bcc4397.m3u8
Chithiram (576p),https://cdn-6.pishow.tv/live/1243/master.m3u8
Chocolate FM (720p),https://5eaccbab48461.streamlock.net:1936/8180/8180/playlist.m3u8
Cholusat Sur 36 (214p) [Not 24/7],http://audiotvserver.net:1935/livemedia/cholusat/playlist.m3u8
Choluteca TV (1080p),https://s.emisoras.tv:8081/cholutecatv/index.m3u8
Choppertown (720p),https://linear-11.frequency.stream/dist/glewedtv/11/hls/master/playlist.m3u8
Chosen TV English (360p),https://viewmedia7219.bozztv.com/wmedia/viewmedia100/web_024/Stream/playlist.m3u8
Christian Youth Channel (CYC) (1080p),http://media3.smc-host.com:1935/cycnow.com/smil:cyc.smil/playlist.m3u8
Christmas 365,https://jmp2.uk/plu-62fb6d4308f5ec0007453c09.m3u8
Chroma TV (480p),https://5c483b9d1019c.streamlock.net/8054/8054/playlist.m3u8
Chrono (1080p),https://streams2.sofast.tv/v1/master/611d79b11b77e2f571934fd80ca1413453772ac7/d375ebca-9cd0-475e-ad4d-0cde6634de9c/manifest.m3u8
CHTV (1080p),https://viewhn.com/chtv/live/playlist.m3u8
Chukker (1080p),https://streams2.sofast.tv/v1/master/611d79b11b77e2f571934fd80ca1413453772ac7/3bd726a3-0d30-491d-b5e7-e1afb6e02112/manifest.m3u8
Cibaeña TV (720p),https://streamunoapp.com:3958/live/cibaenatvlive.m3u8
Cielo TV (1080p),https://streaming.servervideo.net:1936/cielotv/cielotv/playlist.m3u8
Çiftçi TV (720p) [Not 24/7],https://live.artidijitalmedya.com/artidijital_ciftcitv/ciftcitv/playlist.m3u8
Cigar TV (1080p),https://streams2.sofast.tv/vglive-sk-798765/index.m3u8
Cin Cin,https://jmp2.uk/plu-65cb78b83a116800079e2e35.m3u8
CINDIE TV (1080p),https://cc-hqw8u5r1nshjc.akamaized.net/scheduler/scheduleMaster/352.m3u8
Cine 34 [Geo-blocked],https://live3-mediaset-it.akamaized.net/Content/hls_h0_clr_vos/live/channel(b6)/index.m3u8
Ciné 666 by Pluto TV,https://jmp2.uk/plu-6823648580b2665220d9e69a.m3u8
Ciné Action by Pluto TV,https://jmp2.uk/plu-5f8ed1ff5c39700007e2204a.m3u8
Cine adrenalina,https://jmp2.uk/plu-5d8d164d92e97a5e107638d2.m3u8
Cine Aliens (720p),https://9d597739.wurl.com/master/f36d25e7e52f1ba8d7e56eb859c636563214f541/UmFrdXRlblRWLWl0X0JpenphcnJvTW92aWVzX0hMUw/playlist.m3u8
Cine Amor,https://jmp2.uk/plu-5f5136317aedfb0007016f93.m3u8
Cine aventura,https://jmp2.uk/plu-60fb2f47c133270007327375.m3u8
Ciné by Pluto TV,https://jmp2.uk/plu-5f8ed0f17564a300082b676a.m3u8
Ciné Catastrophe by Pluto TV,https://jmp2.uk/plu-65a69ef53af63d000825e0ee.m3u8
Cine comedia,https://jmp2.uk/plu-5f513564e4622a0007c578c0.m3u8
Ciné d'Asie by Pluto TV,https://jmp2.uk/plu-62f3e2d000418d00070f7dbc.m3u8
Cine en Espanol (720p) [Geo-blocked],https://amg02724-somos-amg02724c1-klowdtv-us-2002.playouts.now.amagi.tv/playlist/amg02724-somosfast-cineenespanol-klowdtvus/playlist.m3u8
Cine en español,https://jmp2.uk/plu-5cf96b1c4f1ca3f0629f4bf0.m3u8
Cine Estrella (1080p),https://aegis-cloudfront-1.tubi.video/e1921b21-6cd6-4b21-bb46-832cbb74485c/playlist.m3u8
Cine Familiar (1080p),http://bantel-cdn1.iptvperu.tv:1935/btnscrtn/cinefamiliar.stream/playlist.m3u8
Cine Hispano (1080p),http://bantel-cdn1.iptvperu.tv:1935/btnscrtn/cinehispano.stream/playlist.m3u8
Ciné Horreur by Pluto TV,https://jmp2.uk/plu-66e1978babec540008ce41ac.m3u8
Cine Mexicano (1080p),http://177.234.249.178:8888/AMERICA/index.m3u8
Cine Premiere,https://jmp2.uk/plu-5cf968040ab7d8f181e6a68b.m3u8
Cine Premium (1080p),http://bantel-cdn1.iptvperu.tv:1935/btnscrtn/cinepremium.stream/playlist.m3u8
Ciné Rétro by Pluto TV,https://jmp2.uk/plu-5f8ed168f72fcd0007e56269.m3u8
Ciné Romance by Pluto TV,https://jmp2.uk/plu-60812fc8539963000707d1e1.m3u8
Cine Romantico (720p),https://d1si3n1st4nkgb.cloudfront.net/10502/88886011/hls/master.m3u8?ads.xumo_channelId=88886011
Ciné Sci-Fi by Pluto TV,https://jmp2.uk/plu-60c34592c911890007f29a73.m3u8
Cine Sony (1080p),http://177.234.249.178:8888/SONY-MOVIES/index.m3u8
Cine terror,https://jmp2.uk/plu-5d8d180092e97a5e107638d3.m3u8
Ciné Thrillers by Pluto TV,https://jmp2.uk/plu-60c3472a51a2050008dad272.m3u8
Ciné Western by Pluto TV,https://jmp2.uk/plu-65cca3e2ec452d0008af3a65.m3u8
Cine+ Classic,http://99.27.51.147/CineClassic/index.m3u8
Cine+ Emotion (720p),http://145.239.5.177/337/index.m3u8
Cine+ Frisson (1080p),http://99.27.51.147:8080/CineFrisson/index.m3u8
cine.box,http://212.70.131.37:8000/play/a08b
Cinecanal (1080p),http://15.204.246.24:8080/CinecanalHD/index.m3u8
Cinecanal Pacific (1080p),http://138.121.15.230:9002/CINECANAL/index.m3u8
Cinecanal South (1080p),http://45.162.193.35/CINECANAL/index.m3u8
CineLatino (720p),http://45.162.193.35/CINELATINO_HD/index.m3u8
Cinema (1080p),https://cdn4.skygo.mn/live/disk1/CinemaTV/DASH-FTA/CinemaTV.mpd
Cinema,http://catchup.videoline.ru/cinema/playlist.m3u8
Cinema Poliziottesco,https://jmp2.uk/plu-671754d8e482950008962aaf.m3u8
Cinemaraton Moldova,https://aes.m3u8simplu.workers.dev/cinemaratonmoldova/index.m3u8
CinemaWorld (720p),http://nmk.ioapk.com:5050/4gtv-live069/index.m3u8
Cinemax Latino (480p),https://streamer.metronethn.com/Cinemax/index.m3u8
Cinemo (480p),https://streams.comclark.com/pknsd/cinemo/playlist.m3u8
CinePride (720p),https://stream-us-east-1.getpublica.com/playlist.m3u8?network_id=2223
Cinerama Television (720p),https://live.cineramatvbo.com/hls/stream.m3u8
CineStar 1 Bulgaria,http://213.91.179.28:8000/play/a05h
CineThriller (720p),https://jmp2.uk/plu-653660b4295b840008a70ba3.m3u8
Cinevault 80s (720p),https://aegis-cloudfront-1.tubi.video/ea1ab5d1-f554-4f6b-b03f-2611fcd94257/playlist.m3u8
Cinevault Classics (540p),https://gsn-cinevault-classics-1-us.roku.wurl.tv/playlist.m3u8
Cinevault Murder and Mayhem (540p),https://gsn-cinevault-70s-2-us.roku.wurl.tv/playlist.m3u8
Cinevault Westerns (540p) [Geo-blocked],https://gsn-cinevault-westerns-2-us.roku.wurl.tv/playlist.m3u8
Cinevision Canal 19 (1080p) [Not 24/7],https://5790d294af2dc.streamlock.net/tvhdlive/tvhdlive/playlist.m3u8
Cinturao Verde,https://play.redecinturaoverde.com.br/playlist.m3u8
Cira TV (1080p),https://hlspackager.akamaized.net/live/DB/CIRA_TV/HLS/CIRA_TV.m3u8
Ciracu TV (720p) [Not 24/7],https://cloud37.ecuatel.com/ciracutv/live/manifest.m3u8
Circle (1080p),https://circle-roku.amagi.tv/playlist.m3u8
Cirque du Soleil (1080p) [Geo-blocked],https://amg01439-amg01439c1-amgplt0081.playout.now3.amagi.tv/playlist/amg01439-amg01439c1-amgplt0081/playlist.m3u8
Citrico TV (480p) [Not 24/7],https://edge.essastream.com/citricotv/playlist.m3u8
City 41 (576p),http://163.61.227.29:8000/play/a02r/index.m3u8
City Channel (720p) [Not 24/7],https://dev.aftermind.xyz/edge-hls/unitrust/citychannel/index.m3u8?token=%2A%2A%2A
City of Monroe Government Channel,https://reflect-monroe-mi-ci.cablecast.tv/live-1/live/live.m3u8
City TV (576p) [Not 24/7],https://tv.city.bg/play/tshls/citytv/index.m3u8
City TV,https://citytv.hu/playlist.m3u8
City TV Capital City Connection [Not 24/7],https://capitalcityconnection.cablecast.tv/live/stream-1/live.m3u8
CityNews Calgary (720p),https://citynewsregional.akamaized.net/hls/live/1024053/Regional_Live_8/master.m3u8
CityNews Edmonton,https://citynewsregional.akamaized.net/hls/live/1024053/Regional_Live_8/Video-2Mbps.m3u8
CityNews Toronto (720p),https://citynewsregional.akamaized.net/hls/live/1024052/Regional_Live_7/master.m3u8
CityNews Vancouver (720p),https://citynewsregional.akamaized.net/hls/live/1024054/Regional_Live_9/master.m3u8
Citytv Bogota (1080p),http://138.121.15.230:9002/CITY-TV/index.m3u8
CityTV San Diego (360p),https://cdn3.wowza.com/5/dk84U1p2UUdoMGxT/sandiego/G1826_005/playlist.m3u8
Ciudad Magica (720p),https://lbgo.bozztv.com/ssh101/ssh101/verycoolfgr/playlist.m3u8
Ciudadano Radio (720p),https://oracle.streaminghd.cl/ciudadanoradiotv/ciudadanoradiotv/playlist.m3u8
Ciudadanos por el mundo,https://jmp2.uk/plu-622f42b831233300078658cc.m3u8
Ciudades Del Ocio TV (720p),https://cloudvideo.servers10.com:8081/8024/index.m3u8
CJ OnStyle (540p),https://live-ch1.cjonstyle.net/cjmalllive/stream2/playlist.m3u8
CJ OnStyle Plus (540p),https://live-ch2.cjonstyle.net/cjosplus/live2/playlist.m3u8
CKPG Prince George BC (720p) [Not 24/7],https://videostream.jpbgdigital.com/CKPGTV.m3u8
Clan (1080p),http://185.47.212.25:8080/Clan_HD/index.m3u8
Clan Internacional Americas (1080p) [Geo-blocked],https://rtvelivestream-rtveplayplus.rtve.es/rtvesec/int/clan_int_main_1080.m3u8
Clarity 4K (2160p) [Geo-blocked],https://pb-qyrvophnifz47.akamaized.net/Clarity_4K.m3u8
Claro Sports (720p),https://jmp2.uk/plu-6320d2755e54db000783fd87.m3u8
Claro Televisión Dominicana (360p),https://streamunoapp.com:3960/live/claroteledomlive.m3u8
Claro Visión TV (720p),https://streamunoapp.com:3057/live/clarovisiontvlive.m3u8
Class CNBC (1080p) [Geo-blocked],https://amg14891-amg14891c5-amgplt0020.playout.now3.amagi.tv/playlist.m3u8
Classic Arts Showcase (720p),https://classicarts.akamaized.net/hls/live/1024257/CAS/master.m3u8
Classic Cinema (240p) [Not 24/7],https://rpn.bozztv.com/gusa/gusa-classiccinema/index.m3u8
Classic Movie Westerns,https://jmp2.uk/plu-61f33318210549000806a530.m3u8
Classic Movies Channel,https://jmp2.uk/plu-561c5b0dada51f8004c4d855.m3u8
Classic Music (1080p),http://stream.mcquack.net/312/index.m3u8
Classic TV,https://clshls.wns.live/hls/stream.m3u8
Classic TV Comedy,https://jmp2.uk/plu-5f15e32b297f96000768f928.m3u8
Classic TV Crime Drama,https://jmp2.uk/plu-61325c4f982acd000723287e.m3u8
Classic TV Drama,https://jmp2.uk/plu-5f15e3cccf49290007053c67.m3u8
Classic TV: Families,https://jmp2.uk/plu-61325d18f5166c00081b84e0.m3u8
Classica (720p),https://jmp2.uk/plu-5f779951372da90007fd45e8.m3u8
Classique TV (360p),https://stmv1.srvif.com/classique/classique/playlist.m3u8
Cleo TV (720p),http://40.160.24.56/Cleo_TV_SD/index.m3u8
Clergy TV (720p) [Not 24/7],https://goliveafrica.media:9998/live/650452cf2ddb2/index.m3u8
Click TV (Coronel) (720p),https://v2.tustreaming.cl/clicktv/playlist.m3u8
Cloudflare TV (720p),https://cloudflare.tv/hls/live.m3u8
cLoveworld TV (480p),https://live-hls-5rxy.livepush.io/live_cdn/em_LJ5aZjqp0LdiQ/index.m3u8
CLTV 36 (720p) [Not 24/7],https://live.cltv36.tv:5443/LiveApp/streams/cltvlive.m3u8
Club TV,https://tv.arkeo.cl:1936/clubtv/clubtv/playlist.m3u8
Clubbing TV France,https://d1j2csarxnwazk.cloudfront.net/v1/master/3722c60a815c199d9c0ef36c5b73da68a62b09d1/cc-uze1m6xh4fiyr-ssai-prd/master.m3u8
Clubbing TV UK (720p),https://a-cdn.klowdtv.com/live3/clubbingtv_720p/playlist.m3u8
Clube do Terror,https://jmp2.uk/plu-64e501eec630a900088ed0f8.m3u8
CMB Television (1080p),https://cdn1.cmbcolombia.tv/bethesda/video.m3u8
CMC TV (1080p),https://stream.cmctv.hr:49998/cmc/live.m3u8
CMC-USA Country Music Channel (720p),https://hwlive.streamingmediahosting.com/14215-live/0_obd393sh/playlist.m3u8
CMM TV HD (1080p),https://cdnapisec.kaltura.com/p/2288691/sp/228869100/playManifest/entryId/1_gnz6ity9/protocol/https/format/applehttp/flavorIds/1_a9gxgxzy,1_v71ryg4b,1_vbfvtjw6,1_obo1bqsx,1_3shk3s5d/a.m3u8
CMT (720p),http://23.237.104.106:8080/USA_CMT/index.m3u8
CMT Equal Play (720p),https://jmp2.uk/plu-5f68f53eb1e5800007390bf8.m3u8
CMTv Kenya (576p) [Not 24/7],https://goliveafrica.media:9998/live/64ede813cfe1a/index.m3u8
CNA (1080p),https://live1.mediadesk.al/cnatvlive.m3u8
CNA (360p) [Not 24/7],https://live.creacast.com/cna/stream/playlist.m3u8
CNA (1080p) [Geo-blocked],https://d2e1asnsl7br7b.cloudfront.net/7782e205e72f43aeb4a48ec97f66ebbe/index.m3u8
CNA Originals (1080p),https://amg01082-cna-amg01082c1-rlaxx-us-11304.playouts.now.amagi.tv/playlist.m3u8
CNBC (720p),http://40.160.24.56/CNBC_SD/index.m3u8
CNBC (1080p),https://amg01079-nbcuuk-amg01079c2-samsung-gb-1258.playouts.now.amagi.tv/playlist.m3u8
CNBC Arabiya (1080p),https://cnbc-live.akamaized.net/cnbc/master.m3u8
CNBC Asia (720p),http://nmk.ioapk.com:5050/4gtv-live130/index.m3u8
CNBC Awaaz (1080p),https://n18syndication.akamaized.net/bpk-tv/CNBC_Awaaz_NW18_MOB/output01/master.m3u8
CNBC Bajar (1080p),https://n18syndication.akamaized.net/bpk-tv/CNBC_Bazaar_NW18_MOB/output01/master.m3u8
CNBC Indonesia (720p),https://live.cnbcindonesia.com/livecnbc/smil:cnbctv.smil/playlist.m3u8
CNBC MGL (1080p),https://cdn4.skygo.mn/live/disk1/CNBC/DASH-FTA/CNBC.mpd
CNBC Mongolia (720p),https://cdn4.skygo.mn/live/disk1/CNBC/HLSv3-FTA/CNBC.m3u8
CNBC TV18 (1080p),https://n18syndication.akamaized.net/bpk-tv/CNBC_TV18_NW18_MOB/output01/index.m3u8
CNBC TV18 Prime HD (1080p),https://n18syndication.akamaized.net/bpk-tv/CNBC_Tv18_Prime_HD_NW18_MOB/output01/index.m3u8
CNBC World (720p),http://40.160.24.56/CNBC_WORLD_SD/index.m3u8
CNBC-e,https://hnpsechtsc.turknet.ercdn.net/xpnvudnlsv/cnbc-e/cnbc-e.m3u8
CNC Bugavisión (720p),https://movil.ejeserver.com/live/cncbuga.m3u8
CNC Pereira (720p),https://cloudvideo.servers10.com:8081/latinchaneltv/index.m3u8
CNC Santander de Quilichao (480p),https://movil.ejeserver.com/live/cncsantander.m3u8
CNC Tulua (1080p),https://live.amelbatv.co:81/cnctulualive/index.fmp4.m3u8
CNC Valledupar (720p),https://live20.bozztv.com/akamaissh101/ssh101/cncvalledupar1/playlist.m3u8
CND Film Middle School Channel,http://live2.rxip.sc96655.com/live/zxs_4000.m3u8?A=&E=&K=&P=&S=&U=
CNews (1080p),https://raw.githubusercontent.com/Paradise-91/ParaTV/main/streams/canalplus/cnews-dm.m3u8
Cnews Bharat (720p),https://legitpro.co.in/cnews/cnews/index.fmp4.m3u8
CNEWS PRIME (1080p),https://raw.githubusercontent.com/Paradise-91/ParaTV/main/streams/canalplus/cnews-prime-dm.m3u8
CNM TV (720p) [Not 24/7],https://stream.sen-gt.com/cnmtv/myStream/playlist.m3u8
CNN Headlines,https://jmp2.uk/plu-66c45c274f25dd00092739ee.m3u8
CNN HEADLINES,https://jmp2.uk/plu-5421f71da6af422839419cb3.m3u8
CNN Headlines International,https://jmp2.uk/plu-66337e365a402e00087eccaf.m3u8
CNN Headlines International,https://jmp2.uk/plu-66c45c0de7f5e80008b82005.m3u8
CNN Headlines International,https://jmp2.uk/plu-66c45b36a72e7b0008a2b291.m3u8
CNN Headlines International,https://jmp2.uk/plu-66c45ba803e3b20008d8c294.m3u8
CNN Headlines International,https://jmp2.uk/plu-66dff9d46ad04d0008fda4de.m3u8
CNN Noticias,https://jmp2.uk/plu-673248f9030a2c0008033af8.m3u8
CNN Originals,https://jmp2.uk/plu-66e0b4536ad04d0008fff4b2.m3u8
CNN Prima News (1080p),http://88.212.15.19/live/test_cnn_pirma_news/playlist.m3u8
CNNi,https://jmp2.uk/plu-66c45afaa72e7b0008a2b153.m3u8
CNT Mas TV (720p) [Not 24/7],https://edge.essastream.com/cntmas/tracks-v1a1/mono.m3u8
CNV/Montreal,https://media1.radioservers.biz:1936/cnv/cnv/playlist.m3u8
CoastTV NBC (WRDE-LD) (720p) [Not 24/7],https://live.field59.com/wrde/wrde1/playlist.m3u8
COCO TV (1080p) [Not 24/7],https://edge.essastream.com/canalcocotv/playlist.m3u8
Cocoricó,https://jmp2.uk/plu-62d969fd8451a30007f0fd94.m3u8
Code Fashion TV (1080p),https://cdn2.invivo.bg/Codefashion_5500/index.m3u8
Code Health TV (1080p),https://cdn2.invivo.bg/codehealth_test/index.m3u8
Codigo TV (1080p) [Not 24/7],https://edge.essastream.com/codigotv/playlist.m3u8
Cold Case Files (1080p),https://aegis-cloudfront-1.tubi.video/1e764712-0649-4946-bd7e-f1bbba3be6fa/playlist.m3u8
Cold Case Files by A&E,https://jmp2.uk/plu-5c37d6712de254456f7ec340.m3u8
ColimdoT TV (720p),https://cnn.livestreaminggroup.info:3132/live/colimdotvlive.m3u8
Collier Television CTV (Naples FL) (720p),https://reflect-collier-countyboc.cablecast.tv/live-4/live/stream-1/live.m3u8
Colome TV [Not 24/7],https://ss2.tvrdomi.com:1936/colometv/colometv/playlist.m3u8
Color Blind TV (1080p),https://streamer2.nexgen.bz/12-CBTV/index.m3u8
Color Vision (1080p),https://cdn3.wind.do/streams/colorvision/colorvision_master.m3u8
Colors Bangla Cinema (576p),http://103.72.101.252:8080/live/1657.m3u8
Colors Bangla HD (1080p),http://103.72.101.252:8080/live/756.m3u8
Colors Cineplex (576p),http://103.122.249.134:8000/play/a058
Colors Cineplex Bollywood (576p),http://103.72.101.252:8080/live/1763.m3u8
Colors Cineplex HD (1080p),http://149.71.34.166:8000/play/a00b/index.m3u8
Colors Cineplex Superhits (576p),http://103.72.101.252:8080/live/1450.m3u8
Colors Gujarati (396p),https://raw.githubusercontent.com/amazeyourself/adaptive-streams/refs/heads/main/streams/in/YuppTV/ColorsGujarati.m3u8
Colors Gujarati Cinema (360p),http://103.72.101.252:8080/live/1324.m3u8
Colors HD,http://59.103.38.46:8000/play/a00b/index.m3u8
Colors Infinity (576p),http://103.175.73.12:8080/live/29/29_0.m3u8
Colors Infinity HD (1080p),http://149.71.34.166:8002/play/a01d/index.m3u8
Colors Kannada (576p),http://103.72.101.252:8080/live/1370.m3u8
Colors Kannada Cinema (576p),http://103.72.101.252:8080/live/1632.m3u8
Colors Kannada HD (1080p),http://103.72.101.252:8080/live/757.m3u8
Colors Marathi (576p),http://103.72.101.252:8080/live/1326.m3u8
Colors Marathi HD (1080p),http://103.72.101.252:8080/live/755.m3u8
Colors MENA HD (720p),https://da86m1sqpm3o0.cloudfront.net/28072023/smil:colorsme.smil/playlist.m3u8
Colors Rishtey Americas (396p),https://manatv.akamaized.net/090823/smil:ristheyamerica.smil/playlist.m3u8
Colors Rishtey Asia (1080p),http://103.72.101.252:8080/live/279.m3u8
Colors Super (1080p),http://103.72.101.252:8080/live/785.m3u8
Colors Tamil HD (720p),https://da86m1sqpm3o0.cloudfront.net/28072023/smil:colorstamilhd11.smil/playlist.m3u8
Colosal TV (720p) [Not 24/7],http://tv.ticosmedia.com:1935/COLOSAL/COLOSAL/playlist.m3u8
Colour Blind (1080p),https://streams2.sofast.tv/v1/master/611d79b11b77e2f571934fd80ca1413453772ac7/7e58f6fd-62bc-49bc-9ec6-2766ed521743/manifest.m3u8
Columna TV,https://cdn.streamnet.pro/columnatv/live/playlist.m3u8
COM Brasil (1080p) [Not 24/7],https://br5093.streamingdevideo.com.br/abc/abc/playlist.m3u8
Combate (720p),http://143.14.134.107/167/index.m3u8
Come Dine With Me (1080p),https://amg00654-itv-amg00654c2-samsung-au-925.playouts.now.amagi.tv/itv-cdwmug/playlist.m3u8
Come Dine With Me (1080p),https://amg00654-itv-amg00654c2-rakuten-uk-1281.playouts.now.amagi.tv/playlist/amg00654-itvstudiosfast-comedinewithmeukglobal-rakutenuk/playlist.m3u8
Come Dine With Me (1080p) [Geo-blocked],https://amg00654-itvstudios-comedinewithmeu-samsunguk-m0euw.amagi.tv/playlist/amg00654-itvstudios-comedinewithmeu-samsunguk/playlist.m3u8
Come Dine with Me (720p),https://jmp2.uk/plu-65367e724f123d000877cfe5.m3u8
Come Dine with Me (720p),https://jmp2.uk/plu-65d7239066eec8000881e293.m3u8
Come Dine with Me (720p),https://jmp2.uk/plu-65d7243c4e017400089e14a8.m3u8
Come Dine with Me (720p),https://jmp2.uk/plu-65d724a9d8adfa00086c8ae9.m3u8
Comedia a lo bestia de Pluto TV,https://jmp2.uk/plu-68de3db35fc0afe85de0b843.m3u8
Comedy Central (720p),https://jmp2.uk/plu-61c0989431084d0007eab12d.m3u8
Comedy Central,https://jmp2.uk/plu-61c0b550e0d3a700072b6a2a.m3u8
Comedy Central,https://jmp2.uk/plu-64f8a408bd341e000818fcda.m3u8
Comedy Central (1080p),http://23.237.104.106:8080/USA_COMEDY_CENTRAL/index.m3u8
Comedy Central Animation,https://jmp2.uk/plu-64f8a949f5b5e4000862467c.m3u8
Comedy Central en español,https://jmp2.uk/plu-5cf96dad1652631e36d43320.m3u8
Comedy Central Latin America (1080p),http://15.204.246.24:8080/ComedyCentralHD/index.m3u8
Comedy Central Pluto TV,https://jmp2.uk/plu-5f357e91b18f0b00073583d2.m3u8
Comedy Central Pluto TV,https://jmp2.uk/plu-5ffcc21a432945000762d06b.m3u8
Comedy Central Pluto TV,https://jmp2.uk/plu-5ca671f215a62078d2ec0abf.m3u8
Comedy Central Roast,https://jmp2.uk/plu-6641fd41b18d700008e7e2b8.m3u8
Comedy Central South Park,https://jmp2.uk/plu-60c716084d842c00085f6e64.m3u8
Comedy Central South Park,https://jmp2.uk/plu-609ae66b359b270007869ff1.m3u8
Comedy Central South Park,https://jmp2.uk/plu-609ae5cd48d3200007b0a98e.m3u8
Comedy Dynamics (1080p),https://comedydynamics-plex-ingest.cinedigm.com/playlist.m3u8
Comedy Tadka (1080p),https://streams2.sofast.tv/WiseM3U8_27/sofast/cleanhls/master.m3u8
Comedy TV,http://31.146.5.178:8087/play/a00b/index.m3u8
Comercio TV (1080p),https://amg00082-amg00082c1-distrotv-us-7248.playouts.now.amagi.tv/playlist/amg00082-tarima-comercio-distrotvus/playlist.m3u8
Comercio TV (1080p),https://stream-us-east-1.getpublica.com/playlist.m3u8?network_id=16960
Comet (1080p),https://fast-channels.sinclairstoryline.com/COMET/index.m3u8
Company TV (720p),https://5929b138b139d.streamlock.net/CompanyTV/smil:CompanyTV.smil/master.m3u8
Conan O'Brien TV (1080p),https://d1nu0yp2dagil0.cloudfront.net/Conan_OBrien_TV.m3u8
Conan O'Brien TV (1080p) [Geo-blocked],https://pb-nhrhhcia276e2.akamaized.net/Conan_OBrien_TV.m3u8
Concepcion TV (720p),https://stream.blserver.cl/hls/ctv/index.m3u8
Concert Channel (720p),https://jmp2.uk/plu-6868152657543d1f8be4ece3.m3u8
Conciertos por Stingray (720p),https://jmp2.uk/plu-5f85ca40eda1b10007b967cd.m3u8
Concord TV (Concord CA) (720p),https://concordca.cablecast.tv/live/stream-2/live.m3u8
Condavisión (1080p) [Not 24/7],https://5d8d85cf2c308.streamlock.net:1936/Condavision/endirecto/playlist.m3u8
Conecta2TV (720p) [Not 24/7],https://live.obslivestream.com/conecta2/index.m3u8
Conecta Mais TV (720p),https://adylnet.streampool.net/10324/live/hls/Conecta/index.m3u8
Conecta TV (720p),https://stream8.mexiserver.com:19360/conectatvx/conectatvx.m3u8
Conectados con Dios,https://cdn.oktvus.com/ConectadoConDios/tracks-v2a1/mono.ts.m3u8
ConecTV Brasil (720p),https://stream01.msolutionbrasil.com.br/hls/conectv/live.m3u8
Conexão TV (720p),https://5a57bda70564a.streamlock.net/conexaotv/conexaotv.sdp/playlist.m3u8
Conexion Positiva Television,https://tvstream.conexionpositivaradio.com/memfs/69239c4d-4116-4f4f-b065-bf17e81b1411.m3u8
Confess by Nosey,https://jmp2.uk/plu-638e0f4832494900074481e7.m3u8
Confess by Nosey,https://jmp2.uk/plu-6514346fa76507000887d441.m3u8
Confess by Nosey,https://jmp2.uk/plu-634ee8f95aa9870007248333.m3u8
Congo Planet Télévision (1080p) [Not 24/7],https://radio.congoplanet.com/Congo_Planet_TV.sdp/Congo_Planet_TV/playlist.m3u8
Congo Planet Télévision Pop (1080p) [Not 24/7],https://radio.congoplanet.com/Congo_Planet_TV_Pop.sdp/Congo_Planet_TV_Pop/playlist.m3u8
Congreso de los Diputados 1 (360p) [Not 24/7],https://congresodirecto.akamaized.net/hls/live/2038274/canal1/master.m3u8
Congreso de los Diputados 2 (360p) [Not 24/7],https://congresodirecto.akamaized.net/hls/live/2038275/canal2/master.m3u8
Congreso de los Diputados 3 (360p) [Not 24/7],https://congresodirecto.akamaized.net/hls/live/2038276/canal3/master.m3u8
Congreso de los Diputados 4 (360p) [Not 24/7],https://congresodirecto.akamaized.net/hls/live/2038277/canal4/master.m3u8
Congreso de los Diputados 5 (360p) [Not 24/7],https://congresodirecto.akamaized.net/hls/live/2038278/canal5/master.m3u8
ConstanzaTV (1080p) [Not 24/7],https://live20.bozztv.com/akamaissh101/ssh101/ctv8hd/playlist.m3u8
Construcciones Asombrosas,https://jmp2.uk/plu-673249433a61d400087a51ed.m3u8
Continent E (1080p),http://stream.mcquack.net/449/index.m3u8
Contivision (720p),https://unlimited6-cl.dps.live/cm/cm.smil/playlist.m3u8
Contra Costa College TV [Geo-blocked],https://reflect-contra-costa.cablecast.tv/live-7/live/live.m3u8
Controversia TV (720p) [Not 24/7],https://live.obslivestream.com/controversiatv/index.m3u8
Cook's Country Channel (1080p) [Geo-blocked],https://amg01420-amg01420c5-xumo-us-3817.playouts.now.amagi.tv/playlist.m3u8
Cooking Panda (576p),https://stream-us-east-1.getpublica.com/playlist.m3u8?network_id=46
Cool Channel,https://live-iptv.cool-channel.com/cool/live-720P.m3u8
Cool FM 98.9 (720p),https://live2.tensila.com/cool-v-1.arubara/hls/master.m3u8
Cool Summer Channel (720p),https://d2hzqddebd4oer.cloudfront.net/csts.m3u8
Cool TV (1080p) [Not 24/7],https://stream.nasatv.com.mk/cooltv/hls/cooltv_live.m3u8
Cooperativa (720p),https://unlimited1-cl-isp.dps.live/coopetv/coopetv.smil/playlist.m3u8
CooTel Nicaragua (1080p),http://138.117.4.70:8075/channel9/playlist.m3u8
COPS,https://a7d6af1c184e465db4f39316a5181c1f.mediatailor.us-east-1.amazonaws.com/v1/master/0fb304b2320b25f067414d481a779b77db81760d/RakutenTV-eu_COPS/playlist.m3u8
Cops (720p),https://langleyproductions-cops-2-eu.rakuten.wurl.tv/playlist.m3u8
Cops & Docs (720p),https://d1si3n1st4nkgb.cloudfront.net/10502/88896053/hls/master.m3u8?ads.xumo_channelId=88896053
Cops en Español (720p),https://rightsboosterltd-cops-1-es.rakuten.wurl.tv/playlist.m3u8
Coptic TV (720p) [Not 24/7],https://ctv.icopts.app/CTV/index.fmp4.m3u8
Coral TV (720p),https://tv.mediacp.eu:8081/coraltv/index.m3u8
Corazón (720p),https://jmp2.uk/plu-646ccdd0939a5900088a1980.m3u8
Corazon TV,https://sistemastr.tropicalmoonmedia.com/live/7FFCFEC3978B68D1A2ED0A38DE96AF76/12.m3u8
Coreano by CJ ENM (1080p),https://d32e935uzaanj4.cloudfront.net/e66911c8_a9c5_4206_979f_1ad694dcb8ad/hls/playlist.m3u8
Corfu Channel (720p),https://itv.streams.ovh:1936/corfuchannel/corfuchannel/playlist.m3u8
Corner Gas,https://jmp2.uk/plu-667d664815f35c00089489bf.m3u8
Cornerstone TV (720p),https://2-fss-1.themediacdn.com/pl_122/206280-3059514-1/playlist.m3u8
Correa Radiovision,https://stream.arcast.net:4443/correadigital/canal12/playlist.m3u8
Corrientes TV,https://617c5175c970b.streamlock.net:4444/13max2/live13maxtv2026/playlist.m3u8
Corts Valencianes (480p) [Not 24/7],https://streamserver3.seneca.tv/cval_live/cdn_enc_3/master.m3u8
Cosmic Frontiers (1080p),https://amg00376-magellan-amg00376c14-rakuten-uk-1694.playouts.now.amagi.tv/playlist/amg00376-magellantv-spacesciencenowcauk-rakutenuk/playlist.m3u8
Cosmos Tv,https://tv.mediacp.eu:19360/cosmos/cosmos.m3u8
Cosmos Tv,https://canaletaplus.com:3922/live/cosmoslive.m3u8
Cosmos TV (720p),https://video.hostingcaaguazu.com:19360/cosmostv/cosmostv.m3u8
Cosmovision (720p),https://lbgo.bozztv.com/ssh101/ssh101/Cosmovisión/playlist.m3u8
Costa Mesa's Municipal Access Channel CMTV 3 (720p),https://cdn3.wowza.com/5/UWpORHhLSEs5SkJs/costamesa/G0075_002/playlist.m3u8
Costa Noroeste TV (1080p) [Not 24/7],https://limited31.todostreaming.es/live/noroestetv-livestream.m3u8
Costa Rica Channel (576p) [Not 24/7],https://video0.rogohosting.com:19360/8006/8006.m3u8
COStv,https://irctv.cablecast.tv/live/stream-1/live.m3u8
Coto Brus TV (720p),https://cloudvideo.servers10.com:8081/8030/index.m3u8
Cottage Life (720p),http://185.246.209.113/CottageLife/index.m3u8
Cotubanama TV (1080p),https://host.streamingnation.live/p/3588/hybrid/play.m3u8
Couleur 3 (720p),https://visualradio-rts-couleur3-d.akamaized.net/out/v1/6a1472634ad745f59a9e63ee8adbbc00/index.m3u8
Court TV (1080p),https://cdn-uw2-prod.tsv2.amagi.tv/linear/amg01438-ewscrippscompan-courttv-tablo/playlist.m3u8
Cowboy Channel (1080p),https://amg17292-amg17292c1-distrotv-us-4170.playouts.now.amagi.tv/playlist/amg17292-tetonridgellc-tetonridgefast-distrotvus/playlist.m3u8
Cowboy Movie Channel (1080p),https://streams2.sofast.tv/sofastplayout/32eb332e-f644-46e5-ad91-e55ad80d14f7_0_HLS/master.m3u8
Cox Meriden Public Access Channel 15 (Meriden CT) (720p),http://applevalley.coxctv.com/live-1/live/live.m3u8
Coyhaique TV (720p),https://v2.tustreaming.cl/coyhaiquetv/index.m3u8
Coza TV (576p),https://viewmedia7219.bozztv.com/wmedia/viewmedia100/web_019/Stream/playlist.m3u8
Cozi TV (720p),http://40.160.24.56/COZI_TV_SD/index.m3u8
Cozy Vibes (1080p),https://d2tyl7oi9wycxs.cloudfront.net/playlist.m3u8
CP24 (576p),https://tvsen6.aynaott.com/cp24/index.m3u8
CPAC (720p),https://d7z3qjdsxbwoq.cloudfront.net/groupa/live/f9809cea-1e07-47cd-a94d-2ddd3e1351db/live.isml/.m3u8
CR Televisión Moyobamba (720p) [Not 24/7],https://live.obslivestream.com/crtvmux/index.m3u8
Craftsy (1080p),https://linear-492.frequency.stream/dist/stirr/492/hls/master/playlist.m3u8
CraftsyTV (1080p),https://d2lgb18e46c3by.cloudfront.net/playlist.m3u8
CraftsyTV (1080p),https://linear-492.frequency.stream/dist/xumo/492/hls/master/playlist.m3u8
Crazy Ex-Girlfriend,https://jmp2.uk/plu-693ae5660eedebc8d5db6579.m3u8
Crazy Ex-Girlfriend,https://jmp2.uk/plu-693ae58fc2d0f38be38df821.m3u8
Crazy Ex-Girlfriend,https://jmp2.uk/plu-693ae5b792fad2e93412a2c7.m3u8
CreaLaTV (1080p),https://stream.crealatv.com/live.m3u8
Create (1080p),https://create.lls.pbs.org/index.m3u8
CreaTV Bay Voice TV Channel 27 (San Jose CA) (720p),https://reflect-creatv.cablecast.tv/live-19/live/live.m3u8
CreaTV Classrooms Channel 28 (San Jose CA) (720p),https://reflect-creatv.cablecast.tv/live-14/live/live.m3u8
CreaTV Community Channel 15 (San Jose CA) (720p),https://reflect-creatv.cablecast.tv/live-13/live/live.m3u8
CreaTV The Outlet Channel 30 (San Jose CA) (720p),https://reflect-creatv.cablecast.tv/live-16/live/live.m3u8
Credo TV (720p) [Not 24/7],http://cdn.credonet.tv:1935/ctv/livecredo/playlist.m3u8
Crema TV [Geo-blocked],https://op-group1-swiftservehd-1.dens.tv/h/h202/index.m3u8
Creta (540p) [Not 24/7],http://live.streams.ovh:1935/tvcreta/tvcreta/playlist.m3u8
Cricket Gold (1080p),https://streams2.sofast.tv/ptnr-yupptv/title-cricketgold/v1/master/611d79b11b77e2f571934fd80ca1413453772ac7/b2048bb8-1686-4432-aa50-647245383e0c/manifest.m3u8
Crime 24/7 (720p) [Geo-blocked],https://pb-l3ocdsysqugbb.akamaized.net/v1/aenetworks_crime247_1/samsungheadend_us/latest/main/hls/playlist.m3u8
Crime 360 (720p),https://jmp2.uk/plu-657880c46e4f6a00087404d0.m3u8
Crime & Justice (1080p),https://d1vsdt3c2xcxl2.cloudfront.net/playlist.m3u8
Crime & Justice (1080p) [Geo-blocked],https://linear-474.frequency.stream/dist/glewedtv/474/hls/master/playlist.m3u8
Crime & Justice (720p),https://jmp2.uk/plu-6601948129adfd0008a1c0ba.m3u8
Crime + Investigation (720p),http://23.237.104.106:8080/USA_CRIME_INVESTIGATION/index.m3u8
Crime + Investigation Asia HD (720p) [Geo-blocked],https://cdn09jtedge.indihometv.com/joss/133/crimeinvestigation/index.m3u8
Crime + Investigation CEE,http://88.212.15.19/live/test_cai_hevc/playlist.m3u8
Crime and Evidence (720p),https://afxporigin.telemedia.co.za/afxp/abr_crimeandevidence/playlist.m3u8
Crime Beat TV (1080p),https://8e6c868c.wurl.com/master/f36d25e7e52f1ba8d7e56eb859c636563214f541/UmFrdXRlblRWLWV1X0NyaW1lQmVhdF9ITFM/playlist.m3u8
Crime Scene Solvers,https://jmp2.uk/plu-6426a821a3ade7000800031c.m3u8
Crime Scene Solvers,https://jmp2.uk/plu-6426900ea3ade70008ffcb20.m3u8
Crime Scene Solvers,https://jmp2.uk/plu-64268f52b065d900085eb42b.m3u8
Crime ThrillHer (720p),https://d1x6vwh5kyhcyb.cloudfront.net/v1/aenetworks_thrillher_1/samsungheadend_us/latest/main/hls/playlist.m3u8
Crime Up Close (720p),https://jmp2.uk/plu-6703a96763292d000836b4fa.m3u8
CrimeFlix (1080p),https://dgx2snzx175pa.cloudfront.net/scheduler/scheduleMaster/391.m3u8
Crimen (720p),https://jmp2.uk/plu-6732499ce40c4a0008bb9894.m3u8
Crimen & Historia (720p),https://jmp2.uk/plu-64ddcbb14c5ed80008fad416.m3u8
Crímenes imperfectos,https://jmp2.uk/plu-5e94cd036cc69d0007e8a1ba.m3u8
Crímenes Reales (1080p),https://amg01796-amg01796c13-rakuten-gb-6739.playouts.now.amagi.tv/playlist.m3u8
Crimes Cults Killers (720p),https://d3ox1t0pcya837.cloudfront.net/v1/aenetworks_kriminal_1/samsungheadend_us/latest/main/hls/playlist.m3u8
Crimes That Shook Britain,https://jmp2.uk/plu-66ba1e23d2d50d00084a1e57.m3u8
Criminal Minds,https://jmp2.uk/plu-65653817c917a5000844bc30.m3u8
Cristo TV (480p),https://stream.oursnetworktv.com/latin/CristoTV/playlist.m3u8
Cristo Vision Canal 31,https://3a310f6ec721e6b362fcd22772b57f36a2fe6bb2.tabeelcr.com:8080/cristovision31/iptv.m3u8
Cristovision (720p),https://5fc584f3f19c9.streamlock.net/cristovision/videocristovision/playlist.m3u8
CromTV (1080p) [Not 24/7],https://fox.hostlagarto.com:8081/cromtv/tracks-v1a1/mono.m3u8
CRTV (720p),https://stmv2.voxtvhd.com.br/crtvchile/crtvchile/playlist.m3u8
CRTV (576p),http://145.239.5.177/147/index.m3u8
CRTV News,https://live1.acangroup.org:1929/publiclive/crtv_news/playlist.m3u8
Crunchyroll (720p),https://jmp2.uk/plu-65652f7fc0fc88000883537a.m3u8
Cruz TV,https://reflect-communitytv.cablecast.tv/live-4/live/stream-2/live.m3u8
CSat TV (1080p) [Not 24/7],http://media.smc-host.com:1935/csat.tv/smil:csat.smil/playlist.m3u8
CSI,https://jmp2.uk/plu-6525419dc52b3600083db9c3.m3u8
CSI,https://jmp2.uk/plu-5efbd29e4aa26700076c0d06.m3u8
CSI en Español,https://jmp2.uk/plu-604928d54a4f730007ff76bc.m3u8
CSI: Crime Scene Investigation,https://jmp2.uk/plu-6304f8d5ffb61000071ab478.m3u8
CSI: Miami,https://jmp2.uk/plu-63eb9c5351f5d000085e8d7e.m3u8
CSI: Miami,https://jmp2.uk/plu-63eb9255c111bc0008fe6ec4.m3u8
CSI: Miami,https://jmp2.uk/plu-62f54c11b3af68000702c304.m3u8
CSI: Miami en español,https://jmp2.uk/plu-632b5950b515b000079e6b81.m3u8
CSI: NY,https://jmp2.uk/plu-62f54c6439183b000769fb8f.m3u8
CSI: NY en español,https://jmp2.uk/plu-632b606e12a67b0007c9e371.m3u8
Csurgo TV (720p),https://cstv.medialivecdn.hu/csurgotv/27725804dc13aa23b3970414524d2dbf.sdp/playlist.m3u8
ČT 1,http://88.212.15.19/live/test_ct1_25p/playlist.m3u8
ČT 2,http://88.212.15.19/live/test_ct2_25p/playlist.m3u8
ČT24 (1080p),http://88.212.15.19/live/test_ct24_hevc/playlist.m3u8
ČT Sport (720p),http://88.212.15.19/live/test_ctsport_25p/playlist.m3u8
CT-N Court Feed (360p) [Not 24/7],http://video.ct-n.com/live/ctnSupreme/playlist_DVR.m3u8
CT-N Live Stream 2 (360p) [Not 24/7],http://video.ct-n.com/live/web2stream/playlist.m3u8
CT-N TV Conneticut (720p) [Not 24/7],http://video.ct-n.com/live/ctnstream/playlist_DVR.m3u8
ČT:D/ČT art (1080p),http://88.212.15.19/live/ct_art_avc_25p/playlist.m3u8
CTB Perth (720p),https://live.ctbperth.net.au/hls/0/stream.m3u8
CTB Perth Movies (720p),https://movies.ctbperth.net.au/hls/stream.m3u8
CTi Variety (中天綜合台) (720p),http://23.237.10.66:16372
CTN [Not 24/7],https://live.happywatch99.com/ctnhdtv/c83cc584a878608f6b36a9717bd7a8ab.sdp/playlist.m3u8
CTN (720p),https://d3k5y954fiztgy.cloudfront.net/FREECAST/CTN-2b0dd347-f7b0-e7ed-9096-68966d29db50/index.m3u8
CTNi (Christian Television Network International) (480p) [Not 24/7],https://video1.getstreamhosting.com:1936/8226/8226/playlist.m3u8
CTS (HUA-CHI CTS) (1080p),rtmp://59.124.75.138:1935/sat/tv111
CTS News (華視新聞資訊) [Geo-blocked],http://seb.sason.top/sc/hsxw_fhd.m3u8
CTT Canal 49 (1080p) [Not 24/7],https://cdnfox.hostlagarto.com/cct49/index.m3u8
CTV (1080p),http://15.204.246.24:8080/CTVHD/index.m3u8
CTV 2 Atlantic (720p),http://stream.cammonitorplus.net/1731/index.m3u8
CTV3 (720p),https://streamer2.nexgen.bz/03-CTVOW/index.m3u8
CTV8 HD,https://ip.pdtvhd.com/Khmer/streams/CTV8HD.m3u8
CTV 9 (1080p),http://43.252.18.195:5080/live/streams/ctv9_hd_playlist.m3u8
CTV19 (720p),https://twitch-m3u8.bastypro112.workers.dev/ctv19live/index.m3u8
CTV35,https://vdochile.com:3697/live/ctv35live.m3u8
CTV Life Channel (720p),http://185.246.209.113/ANIMALPLANETHD/index.m3u8
CTVN AKD Plus (1080p),https://live.legitpro.co.in/ctvnakdplus/index.m3u8
Cuando los Ángeles Caen (720p),https://jmp2.uk/plu-699769fa19ac123965833fd3.m3u8
Cubavision (480p) [Not 24/7],https://tv.picta.cu/cubavision/cubavision_0.m3u8
Cubavision Internacional (480p),https://tv.picta.cu/cvi/cvi_0.m3u8
Cufo,https://digitalb-live.morescreens.com/DAL_1_005/playlist.m3u8?application_id=backoffice1&application_installation_id=1&authority_instance_id=%2A%2A%2A&detected_delivery_method=hls&id=DAL_1_005&playlist_template=nginx&profile_id=1&ps=94d0066599d8f74d1c090e93ac4617b6491d3629d2e2d770870fcef1f7effa25b204aa53b3821da5e9e65bee8e94331bcae2cb344d0739ca3a938b4ef2051cc8&subscriber_id=1&token=%2A%2A%2A&uuid=backoffice1&vh=7ab82e63aae8510c6b37ea16da502e54e441a5a1a88bce0c8ed63da99bce948d86253d64ae00424dda8b9c8b6e2cd0f6cd79d8b0a56e10759210cdf4f6761d11&video_id=12498
Cugat TV (1080p),https://liveingesta318.cdnmedia.tv/cugatcatlive/smil:rtmp01.smil/playlist.m3u8
Cuisine Culture (1080p),https://streams2.sofast.tv/umaxx/v1/01970b146c091ebd470414fa6dc31a/01970b14d5f11ea506ec1fab16cfb0/playlist.m3u8
Cultura 24,https://www.opencaster.com/resources/hls_stream/cultura24.m3u8
Cultura Fast (720p),https://fpa-gateway.tvcultura.com.br:8181/memfs/606caef0-a290-413d-9f1f-8fcdb3a73831.m3u8
Cultura Online,https://streaming.bitsur.cl:3399/live/vdo532live.m3u8
Cultura Para (720p),http://170.84.165.204/CANAL_21_HD/index.m3u8
Cumbia Mix (720p),https://cloud.tvomix.com/CUMBIAMIX/index.m3u8
Curiosity Animales (1080p),https://d2j2obpavpuw3t.cloudfront.net/CuriosityAnimales.m3u8
Curiosity Explora (1080p),https://d2bvy2sb4c0dbv.cloudfront.net/CuriosityEspanol.m3u8
Curiosity Motores (1080p),https://d5ts03kapml2e.cloudfront.net/CuriosityMotores.m3u8
Curiosity Now (1080p),https://amg00170-curiositystream-amg00170c3-rakuten-us-2289.playouts.now.amagi.tv/playlist/amg00170-curiositystreamllcfast-curiositynowrow-rakutenus/playlist.m3u8
Curiosity Now (1080p),https://amg00170-amg00170c4-samsung-gb-4232.playouts.now.amagi.tv/playlist.m3u8
Curiquingue TV (720p),https://video2.lhdserver.es/pjtv/live.m3u8
Curro Jiménez,https://jmp2.uk/plu-5f1acd36779de70007a680d1.m3u8
Curzon Cinema,https://jmp2.uk/plu-68b5a7b69ac85c428f54c441.m3u8
Cusano Italia TV (720p),https://router.xdevel.com/video0s975363-69/stream/playlist.m3u8
Cutlers Court (1080p),https://d19h40d1rxo1la.cloudfront.net/playlist.m3u8
CV Vision TV (288p) [Geo-blocked],https://eu1.servers10.com:8081/8128/index.m3u8
CVA TV (480p) [Not 24/7],http://190.124.161.21:8086/cvatv/live.m3u8
CVC (1080p),http://15.204.246.24:8080/CVCHD/index.m3u8
CVN TV,https://7.innovatestream.pe:19360/cvntumbes/cvntumbes.m3u8
CVR English (720p),https://cdn-2.pishow.tv/live/425/master.m3u8
CVR Health (576p),https://cdn-6.pishow.tv/live/395/master.m3u8
CVR OM Spiritual (576p),https://cdn-1.pishow.tv/live/957/master.m3u8
CVTV Channel 192 (1080p),https://livestream.telvue.com/cvtv2/f7b44cfafd5c52223d5498196c8a2e7b.sdp/playlist.m3u8
CVTV Channel 194 (1080p),https://livestream.telvue.com/cvtv1/f7b44cfafd5c52223d5498196c8a2e7b.sdp/playlist.m3u8
CW (1080p) [Geo-blocked],https://messi.damitv.st/papi/ts/cw-usa/playlist.m3u8
CW FOREVER (1080p),https://d1sknsnbkyvie.cloudfront.net/playlist.m3u8
CW Gold (1080p),https://d1d726ny1vain2.cloudfront.net/playlist.m3u8
Cypress Public Access Channel 36 (Cypress CA) (360p),https://livestream-us-east-edge-2.granicusops.com/live/cypressca/live-1-a/playlist.m3u8
D3 TV (720p),https://lbgo.bozztv.com/ssh101/ssh101/d3tvnet/playlist.m3u8
D Music (1280p) [Not 24/7],http://43.252.18.195:5080/live/streams/WCVNews.playlist.m3u8
D Television (Antenna 10) (480p),https://ssh101.bozztv.com/ssh101/dtelevision/playlist.m3u8
Đà Nẵng TV1 (1080p) [Not 24/7],https://live.mediatech.vn/live/285b59a111d76974225a8e3004bfc31a509/chunklist.m3u8
Đà Nẵng TV2 (1080p) [Not 24/7],https://live.mediatech.vn/live/2859145290d0d7947ef88b6240123b62474/chunklist.m3u8
Da Vinci (576p),http://hls127.freeott.top:8080/Da_Vinci_Learning/video.m3u8
DaAi1 (大愛1) (720p),https://pulltv1.wanfudaluye.com/live/tv1.m3u8
DaAi2 (大愛2) (720p),https://pulltv2.wanfudaluye.com/live/tv2.m3u8
DAAI TV,https://pull.daaiplus.com/live-DAAIPLUS/live-DAAIPLUS_HD.m3u8
Dabanga TV (1080p),https://hls.dabangasudan.org/hls/stream.m3u8
Dabl (720p),http://40.160.24.56/DABL/index.m3u8
Dac TV (720p),https://live-evg8.tv360.bitel.com.pe/bitel/dactvSRT/playlist.m3u8
Dacha (1080p),https://dash2.antik.sk/live/test_dacha_tv_atktv/playlist.m3u8
Dacwa TV (576p) [Not 24/7],https://ap02.iqplay.tv:8082/iqb8002/d13w1/playlist.m3u8
Đắk Lắk TV (720p),https://cdn.drt.vn/live/285a27750861b964c27af22091662a74f2f/chunklist.m3u8
Dali TV (大立電視台) (720p),http://www.dalitv.com.tw:4568/live/dali/index.m3u8
Dallas Cowboys Cheerleaders,https://jmp2.uk/plu-64e87c6b28cec700088ceb55.m3u8
Dallas Cowboys Cheerleaders,https://jmp2.uk/plu-64e77016324d190008291c13.m3u8
Dallas Cowboys Cheerleaders,https://jmp2.uk/plu-64e7715c4c5ed800081230e4.m3u8
Damascus Radio (720p),https://radiodamascus.ortas.live/RDimshq/RDimshqLive/playlist.m3u8
Dance FM (720p),https://5eaccbab48461.streamlock.net:1936/dancefm_1/dancefm_1/playlist.m3u8
Dance Moms (1080p),https://aegis-cloudfront-1.tubi.video/a9cb26a5-5662-400d-87b2-bd77b3e98295/playlist.m3u8
Dance Moms (1080p) [Geo-blocked],https://pb-z02izgi68rhao.akamaized.net/Dance_Moms.m3u8
Dance Moms (720p),https://jmp2.uk/plu-6540fec1770cf1000866b65b.m3u8
Dance Moms (720p),https://jmp2.uk/plu-65787eefcbd0d60008f85b3f.m3u8
Dance Moms (720p),https://jmp2.uk/plu-657882efb3801200084caa77.m3u8
Dance Moms (720p),https://jmp2.uk/plu-65788670b9adc40008025500.m3u8
Dance Television (1080p),https://m1b2.worldcast.tv/dancetelevisionone/2/dancetelevisionone.m3u8
Dance TV [Geo-blocked],https://op-group1-swiftservehd-1.dens.tv/h/h250/index.m3u8
DanceHits80,http://dancehits80.denvs.ru:8080/index.m3u8
DanceTV Algorhythm (1080p),https://m2b2.worldcast.tv:7443/dancetelevisionfour/dancetelevisionfour.m3u8
DanceTV Deep House District (1080p),https://m1b2.worldcast.tv/dancetelevisiontwo/dancetelevisiontwo.m3u8
DanceTV EDM Mainstage (1080p),https://mbit1.worldcast.tv/dancetelevisionseven/multibit.m3u8
DanceTV House Floor (1080p),https://m2b2.worldcast.tv:7443/dancetelevisionfive/dancetelevisionfive.m3u8
DanceTV Minimal Tech (1080p),https://mbit1.worldcast.tv/dancetelevisionsix/multibit.m3u8
DanceTV Techno Warehouse (1080p),https://m2b2.worldcast.tv:7443/dancetelevisionthree/dancetelevisionthree.m3u8
Dangal 2 (720p),http://103.213.31.109:90/Dangal2/playlist.m3u8
Dangal TV (720p),http://103.213.31.109:90/Dangal/playlist.m3u8
Danger Vision (1080p),https://streams2.sofast.tv/v1/master/611d79b11b77e2f571934fd80ca1413453772ac7/453971f3-855a-455e-9353-ebbb069583a4/manifest.m3u8
DangerTV (720p),https://dk0n7jh428tzj.cloudfront.net/v1/dangertv/samsungheadend_us/latest/main/hls/playlist.m3u8
Dao Lane Xang (720p) [Not 24/7],https://livefta.malimarcdn.com/ftaedge00/khaomwungmai.sdp/playlist.m3u8
Daria,https://jmp2.uk/plu-6683b680efa2a10008e8a393.m3u8
Daria,https://jmp2.uk/plu-62d0895ebe7a970008785244.m3u8
Dark Matter TV (720p),https://tricoast-tv-dark-matter-01-us.ono.wurl.tv/playlist.m3u8
Daru TV (720p),https://5cd03f21c7193.streamlock.net/darutv/darutvlive/playlist.m3u8
Das Erste HD (1080p),https://daserste-live.ard-mcdn.de/daserste/live/hls/int/master.m3u8
DASDING 90.8 (720p),https://swrdasdingvr-hls.akamaized.net/hls/live/2018681/dasdingvr/master.m3u8
Dasturxon TV (576p),https://stream8.cinerama.uz/1206/tracks-v1a1/playlist.m3u8
Dateline 24/7 (1080p),https://d1si3n1st4nkgb.cloudfront.net/10502/88896029/hls/master.m3u8?ads.xumo_channelId=88896029
Dating Disasters,https://jmp2.uk/plu-651f239d9c7aeb0008286823.m3u8
Dating hinter Gittern,https://jmp2.uk/plu-691b2b690d121b44ad4a53ef.m3u8
Dating Naked UK,https://jmp2.uk/plu-692edc78d52ea9e4858cf78f.m3u8
Dating Naked UK,https://jmp2.uk/plu-692edcff77f0147d69f19498.m3u8
Dating Naked UK,https://jmp2.uk/plu-692edd6bdb8695f63e14f3b9.m3u8
Datis TV,https://ronhls.wns.live/hls/stream.m3u8
Davika TV (480p),https://5bf7b725107e5.streamlock.net/davika/davika/playlist.m3u8
Dawson,https://jmp2.uk/plu-69aadc5551df9542f2521e1a.m3u8
Daystar Español (720p),https://live-mcl.cdn01.net/smarttv/64wj6m6d8/playlist.m3u8
Daystar TV (1080p),https://live-mcl.cdn01.net/smarttv/48vy43564/playlist.m3u8
DAZN 5,http://znty.dyndns.org:5010/hls/eleven5.m3u8
DAZN Combat (684p),https://jmp2.uk/plu-64d626ac9b414d000820e2fc.m3u8
DAZN Darts x Pluto TV,https://jmp2.uk/plu-64b67f0424ade50008a3be17.m3u8
DAZN Heldinnen x Pluto TV,https://jmp2.uk/plu-64afe50c5dc16600087f3227.m3u8
Dazn Ringside (1080p),https://aegis-cloudfront-1.tubi.video/bfad29e2-5bee-44f3-8256-127324e8b106/playlist.m3u8
DAZN Ringside (684p),https://jmp2.uk/plu-65b14aae0cb1a100087a216e.m3u8
DAZN Ringside,https://jmp2.uk/plu-649b6898f2ec0000081a9460.m3u8
DAZN TV (720p),https://jmp2.uk/plu-647f07e74cfc2c0008a2e557.m3u8
DBC News (480p),http://tvn3.chowdhury-shaheb.com/dbc/index.m3u8
DBM TV (1080p),https://dbmtv.vedge.infomaniak.com/livecast/dbmtv/playlist.m3u8
DBS TV,https://stream.dbstvstlucia.com/hls/dbstv_main.m3u8
DC Council Channel (1080p),https://video.oct.dc.gov/out/u/15_12.m3u8
DC.gov Council Hearing Room 120 (Washington DC) (1080p),https://video.oct.dc.gov/out/u/97_12.m3u8
DC.gov DKN (Washington DC) (1080p),https://video.oct.dc.gov/out/u/DKN.m3u8
DCC: Making the Team,https://jmp2.uk/plu-5d40855b3fb0855028c99b6f.m3u8
DCH TV (1080p),https://v2.tustreaming.cl/dchtv/index.m3u8
DD Arun Prabha (360p),https://d2lk5u59tns74c.cloudfront.net/out/v1/308556d9fd1246adb479ef012a39bbfe/index.m3u8
DD Assam (504p),https://d2lk5u59tns74c.cloudfront.net/out/v1/d380bf5c167b4319a46cdd8204bc26b2/index.m3u8
DD Bangla (504p),https://d3qs3d2rkhfqrt.cloudfront.net/out/v1/7ff57cc9046b4c188b51a0d506f36e7f/index.m3u8
DD Bharati (720p),http://103.213.31.109:90/DDBharati/playlist.m3u8
DD Bihar (720p),https://cdn-4.pishow.tv/live/35/master.m3u8
DD Chandana (504p),https://d2lk5u59tns74c.cloudfront.net/out/v1/0c980455d2fb4b69bcc6235745ee6039/index.m3u8
DD Chhattisgarh (720p),https://cdn-1.pishow.tv/live/15/master.m3u8
DD Girnar (504p),https://d2lk5u59tns74c.cloudfront.net/out/v1/558fdb9aebb54bb5bbbf0ced03686148/index.m3u8
DD Goa (504p),https://d3qs3d2rkhfqrt.cloudfront.net/out/v1/e5b9db1cc184406bb97159da2f120f91/index.m3u8
DD Haryana (504p),https://d2lk5u59tns74c.cloudfront.net/out/v1/950fc69666474351bde0a32b9600c804/index.m3u8
DD Himachal Pradesh (504p),https://d3qs3d2rkhfqrt.cloudfront.net/out/v1/afd2e335b0ba40eb9bdf1096118c6ede/index.m3u8
DD India (1080p),https://d3qs3d2rkhfqrt.cloudfront.net/out/v1/ceda14583477426aa162a65392d8ea07/index.m3u8
DD Jharkhand (504p),https://d3qs3d2rkhfqrt.cloudfront.net/out/v1/e8c3741f8c154d3185831f4e31777fb2/index.m3u8
DD Kashir (504p),https://d3qs3d2rkhfqrt.cloudfront.net/out/v1/8a59a828e80c49d0958925950cec0204/index.m3u8
DD Kisan (720p),https://cdn-6.pishow.tv/live/9/master.m3u8
DD Madhya Pradesh (720p),https://cdn-1.pishow.tv/live/31/master.m3u8
DD Malayalam (504p),https://d2lk5u59tns74c.cloudfront.net/out/v1/c313674ffced4c9a90f1bba436df2b9b/index.m3u8
DD Manipur (504p),https://d2lk5u59tns74c.cloudfront.net/out/v1/8b75afc6576f450e8f554b6c877681d2/index.m3u8
DD Meghalaya (504p),https://d3qs3d2rkhfqrt.cloudfront.net/out/v1/4f81bc8d13dd49b484da35988abb8729/index.m3u8
DD Mizoram (504p),https://d2lk5u59tns74c.cloudfront.net/out/v1/eea48c6b61074052a2fa8532ff795ff1/index.m3u8
DD Nagaland (504p),https://d2lk5u59tns74c.cloudfront.net/out/v1/29c92e0bef954a6d9b0908d1be29c1f0/index.m3u8
DD National HD (1080p),https://d3qs3d2rkhfqrt.cloudfront.net/out/v1/40492a64c1db4a1385ba1a397d357d3a/index.m3u8
DD National SD (576p),https://cdn-1.pishow.tv/live/11/master.m3u8
DD News,https://cdn-2.pishow.tv/live/12/master.m3u8
DD News HD (1080p),https://d3qs3d2rkhfqrt.cloudfront.net/out/v1/0811cd8c37ca4c409d5385a6cd2fa18b/index.m3u8
DD Odia (504p),https://d3qs3d2rkhfqrt.cloudfront.net/out/v1/ef4ea632b77a480ebd77106968aa99a9/index.m3u8
DD Punjabi (504p),https://d3qs3d2rkhfqrt.cloudfront.net/out/v1/da821c24a59d4e57960497aeaca8fb33/index.m3u8
DD Rajasthan (720p),https://cdn-1.pishow.tv/live/34/master.m3u8
DD Sahyadri (504p),https://d3qs3d2rkhfqrt.cloudfront.net/out/v1/66dcc3ebe182447ba42837e746cf0c7c/index.m3u8
DD Saptagiri (504p),https://d2lk5u59tns74c.cloudfront.net/out/v1/26e915d6d12b4a06822c5e33c088ed56/index.m3u8
DD Sports SD (1080p),https://d3qs3d2rkhfqrt.cloudfront.net/out/v1/b17adfe543354fdd8d189b110617cddd/index.m3u8
DD Tamil (1080p),https://d2lk5u59tns74c.cloudfront.net/out/v1/abf46b14847e45499f4a47f3a9afe93d/index.m3u8
DD Tripura (504p),https://d3qs3d2rkhfqrt.cloudfront.net/out/v1/52b998e9510d41c29ad2ceca8ea3d849/index.m3u8
DD Urdu (720p),https://cdn-4.pishow.tv/live/8/master.m3u8
DD Uttar Pradesh (720p),https://cdn-1.pishow.tv/live/36/master.m3u8
DD Uttarakhand (720p),https://cdn-1.pishow.tv/live/17/master.m3u8
DD Yadagiri (576p),https://cdn-1.pishow.tv/live/21/master.m3u8
De Pelicula Latin America (1080p),http://38.19.41.46:8081/DEPELICULA/index.m3u8
De Pelicula US (720p),http://138.121.15.230:9002/DEPELICULA/index.m3u8
De Ultimo Minuto TV,https://soportedvb.click:3620/live/deultimominutomedialive.m3u8
De unge mødre,https://jmp2.uk/plu-69172a4fcf4a1101befdd894.m3u8
Deadly Women (1080p),https://d1mgh147xpmgs8.cloudfront.net/DeadlyWomen_GB.m3u8
Deal Masters (1080p),https://amg00841-amg00841c10-samsung-gb-3033.playouts.now.amagi.tv/playlist/amg00841-aeemeafast-dealmasterssamsung-samsunggb/playlist.m3u8
Deal Masters,https://jmp2.uk/plu-69c6a93486431735d974bc2a.m3u8
Deal or No Deal (1080p),https://amg00627-banijaygroup-dealornodeal-samsungau-si7xg.amagi.tv/playlist/amg00627-banijaygroup-dealornodeal-samsungau/playlist.m3u8
Deal Zone (720p) [Geo-blocked],https://pb-2x4r5igjtn1o7.akamaized.net/v1/aenetworks_dealzone_1/samsungheadend_us/latest/main/hls/playlist.m3u8
Death Note,https://jmp2.uk/plu-625464a945b6a200079257d1.m3u8
Death Note,https://jmp2.uk/plu-626c2ed933a2890007e91422.m3u8
Death Valley Days (1080p),https://d49k4i5y48mxv.cloudfront.net/SONO66.m3u8
Décima TV (Ancud) (720p),https://unlimited2-cl-isp.dps.live/decimatv/decimatv.smil/playlist.m3u8
Deejay TV (1080p),https://4c4b867c89244861ac216426883d1ad0.msvdn.net/live/S85984808/sMO0tz9Sr2Rk/playlist.m3u8
Deen TV (576p),https://cd198.anystream.uk:9092/iqapp/d33ntv/playlist.m3u8
DeepHouse District (1080p),https://eu-nl-012.worldcast.tv/dancetelevisiontwo/dancetelevisiontwo.m3u8
DEFA TV (720p),https://wdrmediagroup-defatv-1-eu.rakuten.wurl.tv/playlist.m3u8
DeFiance Media (1080p),https://amg01529-defiancetv-defiancemedia-glewed-tre8x.amagi.tv/playlist.m3u8
Dega TV (720p) [Not 24/7],https://59d39900ebfb8.streamlock.net/saintlouisltv/saintlouisltv/playlist.m3u8
Degrassi (720p),https://d3537vnymvfque.cloudfront.net/playlist.m3u8
Dej TV,https://rdejhls.wns.live/hls/stream.m3u8
Del Pueblo TV [Not 24/7],https://vdopanel.jlahozconsulting.com:3869/hybrid/play.m3u8
Del Rey TV (1080p),https://video.hostingcaaguazu.com:19360/delreytv/delreytv.m3u8
Delfi TV,https://s1.dcdn.lt/live/televizija/playlist.m3u8
Delicious Eats by Food Network (720p),https://jmp2.uk/plu-68bb16ba3efb41cd971f3ce6.m3u8
DellaTV (720p),https://live20.bozztv.com/giatvplayout7/giatv-211474/playlist.m3u8
Delta TV,https://st.deltaboliviainstitucion.org:3778/hybrid/play.m3u8
DELTA TV (720p),http://81.171.10.42:554/liveD/DStream.sdp/playlist.m3u8
Delta TV Canal 50 (720p) [Not 24/7],https://fox.hostlagarto.com:8081/deltatv50/tracks-v1a1/mono.m3u8
DeltaTV,https://tv2.bitstreaming.net:3539/live/deltanetlive.m3u8
Deluxe 139 (480p),https://59d7d6f47d7fc.streamlock.net/pierstyle/pierstyle/playlist.m3u8
Deluxe Dance (1080p),https://sdn-global-live-streaming-packager-cache.3qsdn.com/64733/64733_264_live.m3u8
Deluxe Lounge (720p),https://jmp2.uk/stvp-CHAJ0500413A
Deluxe Music (720p),https://sdn-global-live-streaming-packager-cache.3qsdn.com/13456/13456_264_live.m3u8
Deluxe Rap (1080p),https://sdn-global-live-streaming-packager-cache.3qsdn.com/65183/65183_264_live.m3u8
Demais TV (720p),https://cdn-tiva-stmv1-samcast-com-br.smartbit.co/demaistv6503/demaistv6503/playlist.m3u8
Demand Drama (1080p),https://amg01487-amg01487c3-amgplt0002.playout.now3.amagi.tv/playlist/amg01487-amg01487c3-amgplt0002/playlist.m3u8
Den gode gerning,https://jmp2.uk/plu-689a0ab0f4af1aaca24530ae.m3u8
Den gule sofa med Allan Sindberg,https://jmp2.uk/plu-66b22714d512590008c3d573.m3u8
Den Haag TV (1080p) [Not 24/7],http://wowza5.video-streams.nl:1935/denhaag/denhaag/playlist.m3u8
Dena,https://ncdn.telewebion.ir/dena/live/playlist.m3u8
Deniz Postası TV (720p) [Not 24/7],https://live.artidijitalmedya.com/artidijital_denizpostasi/denizpostasi/playlist.m3u8
Dennis and Gnasher (1080p),https://d1upcw8nab85tc.cloudfront.net/dngn.m3u8
Dens Food Channel [Geo-blocked],https://op-group1-swiftservehd-1.dens.tv/h/h221/index.m3u8
Dens Learning & Knowledge [Geo-blocked],https://op-group1-swiftservehd-1.dens.tv/h/h236/index.m3u8
Dens Life & Style [Geo-blocked],https://op-group1-swiftservehd-1.dens.tv/h/h222/index.m3u8
Dens Play [Geo-blocked],https://op-group1-swiftservehd-1.dens.tv/h/h225/index.m3u8
Dens ShowBiz [Geo-blocked],https://op-group1-swiftservehd-1.dens.tv/h/h203/index.m3u8
Denver 8 TV (Denver CO) (720p),https://cdn3.wowza.com/5/bGZUOHp2TnhudnM2/denver/G0080_002/playlist.m3u8
Deportes por Movistar Plus+,https://7nyaler.streamhostingcdn.top/stream/18/index.m3u8
Deportes TVC (1080p),http://162.19.255.233:8080/play/UNbAl57p9hXZClOu56FCTYXmD-MOS3u5IUkeXPpBt80/m3u8
Der Bergdoktor,https://jmp2.uk/plu-69b0167477cdde1f05c8a625.m3u8
Der Chef (720p),https://jmp2.uk/plu-67dc21ce5a15c0759a07ee19.m3u8
Der Denver-Clan,https://jmp2.uk/plu-62cebd7302478b00073a6b71.m3u8
Der TV,https://stream.berosat.live/hls/der-tv/der-tv.m3u8
DerryTV 17 (720p),https://livestream.telvue.com/derrynh1/f7b44cfafd5c52223d5498196c8a2e7b.sdp/playlist.m3u8
DerryTV 23 (720p),https://livestream.telvue.com/derrynh2/f7b44cfafd5c52223d5498196c8a2e7b.sdp/playlist.m3u8
Desafío Super Humanos,https://jmp2.uk/plu-6495af324c014a000842e923.m3u8
DesheBideshe TV,https://dbcanada.sonarbanglatv.com/deshebideshe/dbtv/index.m3u8
Deshi TV (720p),https://deshitv.deshitv24.net/live/myStream/playlist.m3u8
Desi Channel (720p),https://livestream.unlimitedcdn.com/agm-dc/desi-channel/index.m3u8
Designated Survivor (1080p) [Geo-blocked],https://amg00353-amg00353c40-xumo-us-4839.playouts.now.amagi.tv/playlist.m3u8
Despertar TV (720p),https://br.conectmy.com.br/DespertarTV/index.m3u8
Despierta TV (1080p) [Not 24/7],https://video2.lhdserver.es/despiertatv/live.m3u8
Det sene show med Christian Fuhlendorff,https://jmp2.uk/plu-660d6bc10cd4630008f4a25a.m3u8
Detective Conan,https://jmp2.uk/plu-629a066860ef810008267b70.m3u8
Detective Conan France (720p),https://jmp2.uk/plu-62f3e8ad2a8e8000077b013d.m3u8
Detetives Médicos,https://jmp2.uk/plu-638df93ae2f2a3000737c168.m3u8
Detroit Channel 10,https://reflect-detroit-vod.cablecast.tv/live-2/live/stream-6/live.m3u8
Detroit Channel 21,https://reflect-detroit-vod.cablecast.tv/live-9/live/stream-4/live.m3u8
Detroit Channel 22,https://reflect-detroit-vod.cablecast.tv/live-3/live/stream-3/live.m3u8
Detroit Channel 68,https://reflect-detroit-vod.cablecast.tv/live-10/live/stream-5/live.m3u8
DFB Play TV (720p),https://jmp2.uk/plu-66461eb33d173b000805ecd3.m3u8
DFB Play TV (720p),https://jmp2.uk/plu-66461f433d173b000805eeeb.m3u8
DFB Play TV (720p) [Geo-blocked],https://pb-95uwccjrn7kxl.akamaized.net/dfbtv.m3u8
DHA (720p) [Not 24/7],https://603c568fccdf5.streamlock.net/live/dhaweb1_C5efC/playlist.m3u8
Dhamma TV (720p) [Not 24/7],https://b.webcache.maxindo.net.id/dhamma/dhamma.m3u8
Dhar Mann TV (1080p),https://d3p03mkvhnk6ll.cloudfront.net/playlist.m3u8
Dharm Sandesh,https://cdn-2.pishow.tv/live/1455/master.m3u8
Dharsan TV (720p),https://cable91tataplay.akamaized.net/live/dharshantv/index.m3u8
DHE (1080p),http://15.204.246.24:8080/DHEHD/index.m3u8
Dheeran TV (576p),https://live.we2live.in/dheerantv/dheerantv/playlist.m3u8
Dhoho TV (720p),https://dhohotv.siar.us/dhohotv/live/playlist.m3u8
Dhoom Music (720p),https://cdn-1.pishow.tv/live/1456/master.m3u8
Di TV (1080p),https://cdn0-03837-liveedge0.dna.ip-only.net/03837-liveedge0/smil:03837-tx4/playlist.m3u8
DI.TV 80 (720p),https://5f22d76e220e1.streamlock.net/ditv80/ditv80/playlist.m3u8
Diadora TV,https://diadoratv.stream/live/diadora/playlist.m3u8
Diagnosis Murder,https://jmp2.uk/plu-668bf7dd74f5ec000817e6d1.m3u8
Diagnosis Murder,https://jmp2.uk/plu-668bf91208d5490008065ffd.m3u8
Diagnosis Murder,https://jmp2.uk/plu-668bf9be0642e5000815102d.m3u8
Dialogo La Red Educativa (720p),https://twitch-m3u8.bastypro112.workers.dev/dialogolarededucativacbba/index.m3u8
Diane femme flic,https://jmp2.uk/plu-6671b26836a2f90008d9333c.m3u8
Diaspora 24 [Geo-blocked],https://vdo3.pro-fhi.net:3218/stream/play.m3u8
Diaspora TV,https://s1.tvdatta.com:3978/live/diasporatvlive.m3u8
Didgah TV (576p),https://media.streambrothers.com:1936/8276/8276/playlist.m3u8
Die fliegenden Ärzte,https://jmp2.uk/plu-688734b9035d6ef9c34aac16.m3u8
Die glorreichen Sieben,https://jmp2.uk/plu-69c2ac2b14c0213702da7a29.m3u8
Die Nanny,https://jmp2.uk/plu-66c6fc06489bab0008b6f9da.m3u8
Die Neue Zeit (576p),https://bild-und-ton.stream/die-neue-zeit-tv-live/smil:dnz-de.smil/playlist.m3u8
Die Sieben-Millionen-Dollar-Frau (684p),https://jmp2.uk/plu-677fb078a4af36ad50111032.m3u8
Diema,http://213.91.179.28:8000/play/a045
Diema Family,http://213.91.179.28:8000/play/a047
Dien Bien TV (1080p),https://stream.langsontv.vn/live/2855dfeccb7f49a41a2b0441b3bfeda413c/playlist.m3u8
Diez TV Las Villas (1080p),https://streaming.cloud.innovasur.es/mmj2/index.m3u8
Diez TV Úbeda (1080p),https://streaming.cloud.innovasur.es/mmj/index.m3u8
Diferencia Radio TV,https://s1.radiumcast.top/memfs/674b2d4f-7d6e-49be-9c6c-3094868259d9.m3u8
Diff’rent Strokes Arnold,https://jmp2.uk/plu-61f1d27a189ed10007b7393e.m3u8
Digi 24 (720p),https://edge-ar.rcs-rds.ro/digi24ar/index.m3u8
Digi Shala (576p),http://103.72.101.252:8080/live/1227.m3u8
Digi Sport 1,https://7nyaler.streamhostingcdn.top/stream/79/index.m3u8
Digimon Adventure,https://jmp2.uk/plu-617bae1d69bca3000729561e.m3u8
Digital 15 (1080p),https://live2.telemicro.com.do/live/digital15cast_1080p/playlist.m3u8
Digital Congo TV,http://51.254.199.122:8080/DigitalCongoTV/index.m3u8
Digital Vision 63 (720p) [Geo-blocked],https://ss2.tvrdomi.com:1936/digitalvision/digitalvision/playlist.m3u8
Dijlah TV (1080p),https://ghaasiflu.online/Dijlah/index.m3u8
Dikaya okhota HD (1080p),http://stream.mcquack.net/274/index.m3u8
Dikaya rybalka HD (1080p),http://stream.mcquack.net/275/index.m3u8
Dikh TV,http://88.212.15.19/live/dikh/index.m3u8
Dikij (576p),http://hls127.freeott.top:8080/Dikiy/video.m3u8
DIM,https://dash2.antik.sk/live/telekanal_dim/playlist.m3u8
Dinner Date,https://jmp2.uk/plu-69d51f98fcb9bf5e303ca0c1.m3u8
Dinos 24/7 (1080p),https://d3jxyaglfha0h3.cloudfront.net/Dinos_247.m3u8
Dinos 24/7,https://jmp2.uk/plu-673bf05ddaad7f0008ac7a5c.m3u8
Dion TV (1080p),https://rtmp.win:3650/live/diontvlive.m3u8
Dios Te Ve (720p),https://s.emisoras.tv:8081/diostevetv/index.m3u8
Dios Te Ve Kids (720p),https://s.emisoras.tv:8081/diostevekids/index.m3u8
Dios Tv Talanga (1080p),https://tv.webmedialive.com/unciontv/live/playlist.m3u8
Directo das Reuniões da Assembleia de Macau (720p),https://live3.tdm.com.mo/tv/ch22.live/playlist.m3u8
Discover Pakistan (1080p),https://livecdn.live247stream.com/discoverpakistan/web/playlist.m3u8
Discovering China (1080p),https://fastlive.cctvplus.com/out/v1/8442c3bfd4c64a3984389328f6087879/index.m3u8
Discovery Turbo TV,https://jmp2.uk/plu-6400f731d200410008f9b339.m3u8
Dismar Radio TV (720p),https://rds3.desdeparaguay.net/dismartv/dismartv/playlist.m3u8
Disney Channel,http://213.91.179.28:8000/play/a059
Disney Channel,http://88.212.15.19/live/test_disney/playlist.m3u8
Disney Channel,http://88.212.15.19/live/disney_channel_hun/index.m3u8
Disney Channel,http://86.87.15.10:8004/play/a02g/index.m3u8
Disney Channel (1080p),http://151.80.18.177:86/Disney_Channel_HD/index.m3u8
Disney Channel (720p) [Geo-blocked],http://212.5.144.156/disney/index.m3u8
Disney Channel Latin America (1080p),http://15.204.246.24:8080/DisneyHD/index.m3u8
Disney Channel Latin America Center (1080p),http://181.78.8.199:8000/play/a0dn/index.m3u8
Disney Channel Latin America Mexico (720p),http://45.166.93.156:9999/play/a0f3/index.m3u8
Disney Channel Latin America North (576p),http://138.121.15.230:9002/DISNEY-CHANNEL/index.m3u8
Disney Channel Latin America Panregional HD (1080p),http://45.134.141.161:2200/ARG/Disney_Channel/index.m3u8
Disney International HD (1080p),http://149.71.34.166:8002/play/a01p/index.m3u8
Disney Jr. (1080p),http://151.80.18.177:86/Disney_Junior_HD/index.m3u8
Disney Jr. (1080p) [Geo-blocked],https://saran-live.ercdn.net/disneyjunior/index.m3u8
Disney Jr. Latin America (1080p),http://177.234.249.178:8888/DISNEY-JR/index.m3u8
Disney Jr. Latin America (576p),http://190.93.224.42/DISNEY-JR/index.m3u8
Disney Jr. Latin America North HD (1080p),http://181.78.14.26:4000/play/a073/index.m3u8
Disney Jr. Latin America South (1080p),http://45.185.163.75:8000/play/a016/index.m3u8
Disney Jr. Latin America South HD (1080p),http://45.134.141.161:2200/ARG/Disney_Junior/index.m3u8
Disney Junior (576p),https://bbb.exoadash.com/TVD1561/index.mpd
Disney Junior (576p),http://149.71.34.166:8000/play/a00l/index.m3u8
Disney Junior (720p),http://23.237.104.106:8080/USA_DISNEY_JUNIOR/index.m3u8
Disney XD (720p),http://23.237.104.106:8080/USA_DISNEY_XD/index.m3u8
District of Columbia Network (DCN) (1080p),https://video.oct.dc.gov/out/u/DCN.m3u8
Distrito Comedia (1080p),http://181.119.66.28:8081/DISTRITO-COMEDIA/index.m3u8
Distrito TV (1080p),https://nlb2-live.emitstream.com/hls/3mn7wpcv7hbmxmdzaxap/master.m3u8
Dit is Helmond (480p),http://ms2.mx-cd.net/tv/Omroep_Helmond.smil/chunklist.m3u8
Ditzel & Turbomodul,https://jmp2.uk/plu-678f8676ad083171df19ca07.m3u8
DiviSport (1080p),http://stream.mcquack.net/457/index.m3u8
Divorce Court (720p),https://d2ydcdd81wyosr.cloudfront.net/playlist.m3u8
Divya Darshan TV (720p),http://live.divyadarshantv.com/hls/stream.m3u8
Divya Darshan TV HD (1080p),https://live.divyadarshantv.com/hls/0/stream.m3u8
Divyavani TV (576p),https://mumbai-edge.smartplaytv.in/Divyavani/index.m3u8
DIY Art (1080p),https://streams2.sofast.tv/v1/master/611d79b11b77e2f571934fd80ca1413453772ac7/2cafac16-f982-4563-9951-ccd6ab0c2c6b/manifest.m3u8
Diyanet TV (1080p),https://eustr73.mediatriple.net/videoonlylive/mtikoimxnztxlive/broadcast_5e3bf95a47e07.smil/playlist.m3u8
Diyar TV (720p),https://live.artidijitalmedya.com/artidijital_diyartv/diyartv/playlist.m3u8
DLTV 1 (1080p),https://cdn-live.dltv.ac.th/dltv01.m3u8
DLTV 2 (1080p),https://cdn-live.dltv.ac.th/dltv02.m3u8
DLTV 3 (1080p),https://cdn-live.dltv.ac.th/dltv03.m3u8
DLTV 4 (1080p),https://cdn-live.dltv.ac.th/dltv04.m3u8
DLTV 5 (1080p),https://cdn-live.dltv.ac.th/dltv05.m3u8
DLTV 6 (1080p),https://cdn-live.dltv.ac.th/dltv06.m3u8
DLTV 7 (1080p),https://cdn-live.dltv.ac.th/dltv07.m3u8
DLTV 8 (1080p),https://cdn-live.dltv.ac.th/dltv08.m3u8
DLTV 9 (1080p),https://cdn-live.dltv.ac.th/dltv09.m3u8
DLTV 10 (1080p),https://cdn-live.dltv.ac.th/dltv10.m3u8
DLTV 11 (1080p),https://cdn-live.dltv.ac.th/dltv11.m3u8
DLTV 12 (1080p),https://cdn-live.dltv.ac.th/dltv12.m3u8
DLTV 13 (1080p),https://cdn-live.dltv.ac.th/dltv13.m3u8
DLTV 14 (1080p),https://cdn-live.dltv.ac.th/dltv14.m3u8
DLTV 15 (1080p),https://cdn-live.dltv.ac.th/dltv15.m3u8
DM Sat (576p),https://shift03.isp.bg/DMSat/index.m3u8
DMF (1080p) [Not 24/7],https://d-m-f.iptv-playoutcenter.de/dmf/dmf1/playlist.m3u8
DMI TV (576i),https://tvstreamcast.com/tawaftv.m3u8
Dmoda Channel (1080p),https://master.tucableip.com/dmoda/index.m3u8
DNews (720p),http://38.19.16.151:8000/play/a0a3
DniproTV (1080p),http://vcdn1.produck.company:1935/out/dtv/playlist.m3u8
DNJ TV (720p),https://cloud2.streaminglivehd.com:1936/dnjv2/dnjv2/playlist.m3u8
Doble C Television (720p),https://live20.bozztv.com/giatv/giatv-doblec1/doblec1/playlist.m3u8
Doc Martin,https://jmp2.uk/plu-62b1e5e77d15410007f798c6.m3u8
Doc Martin,https://jmp2.uk/plu-62e922f6675f71000736db3b.m3u8
Docevision (720p),https://live20.bozztv.com/giatvplayout7/giatv-208729/playlist.m3u8
Docu Vision (1080p),https://streams2.sofast.tv/sofastplayout/7e8d2a51-985d-4e76-bf7e-91edf0aa6e5f_0_HLS/master.m3u8
Docu. (1080p),http://45.162.193.35/DOCU/index.m3u8
DocuBay TV (1080p),https://cc-mgr91yrk4pehy.akamaized.net/v1/master/3722c60a815c199d9c0ef36c5b73da68a62b09d1/cc-mgr91yrk4pehy/playlist.m3u8
DocuBox,https://dash3.antik.sk/live/test_docubox_medium_atk/playlist.m3u8
Documentary+ (1080p),https://ef79b15c8c7c46c7a9de9d33001dbd07.mediatailor.us-west-2.amazonaws.com/v1/master/ba62fe743df0fe93366eba3a257d792884136c7f/LINEAR-859-DOCUMENTARYPLUS-DOCUMENTARYPLUS/mt/documentaryplus/859/hls/master/playlist.m3u8
Documentary+ International (1080p),https://1d153317c8db4250b3789601274e2402.mediatailor.us-west-2.amazonaws.com/v1/master/ba62fe743df0fe93366eba3a257d792884136c7f/LINEAR-887-DOCUMENTARYINTERNATIONAL-DOCUMENTARYPLUS/mt/documentaryplus/887/hls/master/playlist.m3u8
Docurama (1080p),https://docurama-plex-ingest.cinedigm.com/playlist.m3u8
Dodoma TV (360p) [Not 24/7],https://goliveafrica.media:9998/live/625965017ed69/index.m3u8
Dog el cazarrecompensas,https://jmp2.uk/plu-5f9992c685a2a80007fa414a.m3u8
Dog the Bounty Hunter (1080p),https://aegis-cloudfront-1.tubi.video/ff0ad399-75ed-42ba-8c60-75bb6cb8c929/playlist.m3u8
Dog The Bounty Hunter [Geo-blocked] (1080p),https://amg00276-amg00276c11-rakuten-uk-3446.playouts.now.amagi.tv/playlist/amg00276-aetelevisionnetworksfast-dogthebountyhunterall-rakutenuk/playlist.m3u8
Dog TV (720p),http://46.151.196.223:14382
Dog Whisperer (1080p) [Geo-blocked],https://pb-ffpxvjshv4rxx.akamaized.net/Dog_Whisperer_with_Cesar_Millan.m3u8
Dog Whisperer with Cesar Millan (1080p) [Geo-blocked],https://amg01201-amg01201c30-cineverse-us-3100.playouts.now.amagi.tv/playlist/amg01201-cinedigmentertainment-dogwhispererwithcesarmilan-cineverseus/playlist.m3u8
Dog Whisperer with Cesar Millan (1080p) [Geo-blocked],https://amg01201-cinedigm-amg01201c30-xumo-us-2277.playouts.now.amagi.tv/cinedigm-dogwhisperer-hls/playlist.m3u8
Dog Whisperer with Cesar Millan (720p),https://jmp2.uk/plu-664fd48894d5580008e45e7c.m3u8
Dokusat (1080p),https://muc3.iptv-playoutcenter.de/dokusat/dokusat1/playlist.m3u8
Dollars,https://jmp2.uk/plu-68f0fa98fae18f8db62a920a.m3u8
Dom kino (576p),http://stream.mcquack.net/236/index.m3u8
Dom kino Premium HD (1080p),http://stream.mcquack.net/108/index.m3u8
Domashniy SD (576p),http://stream.mcquack.net/227/index.m3u8
Dominance FC TV,https://jmp2.uk/plu-685aaec481c345899e4458bb.m3u8
Dominance FC TV,https://jmp2.uk/plu-67a23b4e15d6eb000827a20d.m3u8
Dominance FC TV,https://jmp2.uk/plu-69f9c50202b6c1c00a213519.m3u8
Dominance FC TV,https://jmp2.uk/plu-67a23b899a300a00086f3371.m3u8
Dominance FC TV,https://jmp2.uk/plu-67a23bb777796f00080edaec.m3u8
Dominance FC TV,https://jmp2.uk/plu-685aa802fb6023de7cc56357.m3u8
Don Matteo (720p),https://jmp2.uk/plu-686d004094a028da3aac8cb0.m3u8
Don't Tell The Bride (1080p),https://amg00426-lds-amg00426c15-samsung-au-3684.playouts.now.amagi.tv/playlist.m3u8
Đồng Nai 1 (480p) [Not 24/7],http://118.107.85.4:1935/live/smil:DNTV1.smil/chunklist.m3u8
Dong Nai TV 2 (720p),https://vtvgolive-ott3.vtvdigital.vn/live/dongnai2tv/chunklist_2.m3u8
Dong Nai TV 3 (720p),https://dethich.pw/dongnai3/index.m3u8
Đồng Tháp TV1 (720p),https://liveh34.vtvprime.vn/hls/DONGTHAPTV/index.m3u8
Đồng Tháp TV2 (540p),https://618b88f69e53b.streamlock.net/THDT2/thdttv2/chunklist.m3u8
Donna TV (480p),https://streaming.softwarecreation.it/DonnaTv/DonnaTv/playlist.m3u8
Donut (1080p),https://d274b7i6eihzn5.cloudfront.net/do.m3u8
Dopa Channel,http://dopachannel.truegse.com/live/dopatv03.m3u8
Dora TV,https://jmp2.uk/plu-62e951258a26d40007b3034c.m3u8
Doraemon,https://jmp2.uk/plu-68b17414c23bb80b3c1d5bb5.m3u8
Dorama,https://stream8.cinerama.uz/1273/tracks-v1a1/mono.m3u8
Dorama HD (1080p),http://stream.mcquack.net/412/index.m3u8
Dossiers FBI,https://jmp2.uk/plu-5f8edad922b10b000753bc37.m3u8
Dost TV (576p),https://dost.stream.emsal.im/tv/live.m3u8
Dotto TV (1080p),https://live.dottotv.ro/index.m3u8
Dounia TV,https://live20.bozztv.com/dvrfl06/astv/astv-douniatv/index.m3u8
douyu8,http://epg.112114.xyz/douyu/4332
douyu9,http://epg.112114.xyz/douyu/6140589
douyu15,http://epg.112114.xyz/douyu/8770422
douyu19,http://epg.112114.xyz/douyu/747764
douyu20,http://epg.112114.xyz/douyu/52787
douyu24,http://epg.112114.xyz/douyu/36337
douyu25,http://epg.112114.xyz/douyu/8814650
douyu28,http://epg.112114.xyz/douyu/263824
douyu44,http://epg.112114.xyz/douyu/323876
Dove Channel (1080p),https://linear-896.frequency.stream/dist/cineverse/896/hls/master/playlist.m3u8
Doyel TV,https://3d46w.doyeltv.com/memfs/aa3aa6f7-ec12-41a2-8183-a891e157bbf8.m3u8
DR1 (1080p) [Geo-blocked],https://drlivedr1hls.akamaized.net/hls/live/2113625/drlivedr1/master.m3u8
DR2 (1080p) [Geo-blocked],https://drlivedr2hls.akamaized.net/hls/live/2113623/drlivedr2/master.m3u8
Dr G Medical Examiner,https://d39g1vxj2ef6in.cloudfront.net/v1/master/3fec3e5cac39a52b2132f9c66c83dae043dc17d4/prod-rakuten-stitched/master.m3u8?ads.xumo_channelId=88883008
Dr Pal TV (720p),https://stream.cisk.tech/drpal/index.m3u8
Dr Phil's MeritTV (1080p),https://d9069ugodwkju.cloudfront.net/Merit_Street.m3u8
DR Ramasjang (720p) [Geo-blocked],https://drlive03hls.akamaized.net/hls/live/2014190/drlive03/master.m3u8
Dr. G,https://jmp2.uk/plu-697c9bc2a7ce9d5a3d83504a.m3u8
Dr. G Medical Examiner (1080p),https://d3gjnizphdm6xi.cloudfront.net/Dr_G_Medical_Examiner_SONO15.m3u8
Dr. Gene Scott (1080p),https://wescottcc.piksel.tech/hls/live/2041478/adp/playlist.m3u8
Dr. Quinn Medicine Woman,https://jmp2.uk/plu-68f0f71bb45f4453e05c0863.m3u8
Dr. Quinn Medicine Woman,https://jmp2.uk/plu-68f0f7571d26140175255e43.m3u8
Dr. Quinn Medicine Woman,https://jmp2.uk/plu-68f0f7dea362b63a8df50bd4.m3u8
DraftKings Network (1080p),https://na.linear.zype.com/e0bd0e23-a958-4e43-8164-4f2fef8876a8/fd3614bd-90bf-4530-a277-65ae3a1720c8-zype/live.m3u8
Dragon Ball,https://jmp2.uk/plu-685a996c7c4f2ad40cb4f276.m3u8
Dragon Ball Z,https://jmp2.uk/plu-68e8fd7c3ede4398bc69af93.m3u8
Dragon TV International (480p) [Geo-blocked],https://op-group1-swiftservesd-1.dens.tv/s/s29/index.m3u8
Drake & Josh,https://jmp2.uk/plu-65a67c494a10d800085cab06.m3u8
Dream Türk (720p),https://live.duhnet.tv/S2/HLS_LIVE/dreamturknp/playlist.m3u8
Dream TV (480p),https://streamfi-dreamtv1.zettawiseroutes.com:8181/hls/stream.m3u8
DreamTV (1080p),https://xykt-fix.github.io/play/a02j/index.m3u8
DreamWorks Channel Asia (1080p),https://cdn12.178.indevs.in/163189/dreamworks
DreamWorks Channel Latin America (1080p),http://138.121.15.230:9002/DREAMWORKS/index.m3u8
Dreiko TV (720p) [Not 24/7],https://cloudvideo.servers10.com:8081/8020/index.m3u8
Dresden Fernsehen (1080p) [Not 24/7],https://dresden.iptv-playoutcenter.de/dresden/dresdenfernsehen.stream_1/playlist.m3u8
Drive (576i),https://stream8.cinerama.uz/1421/tracks-v1a1/mono.m3u8
Drive + Speed (1080p),https://streams2.sofast.tv/umaxx/v1/0196fce247271eb4611d16bd20c1ac/0196fce2a9361ea5064918d106ecf8/playlist.m3u8
Drive In Movie Channel (1080p),https://streams2.sofast.tv/v1/master/611d79b11b77e2f571934fd80ca1413453772ac7/e5056383-20ac-488f-b299-6577f66881ff/manifest.m3u8
Drive TV (1080p),https://amg01796-amg01796c2-rakuten-uk-3887.playouts.now.amagi.tv/playlist.m3u8
DroneTV (1080p),https://airvuz-dronetv-1-us.ohlscdn.wurl.tv/playlist.m3u8
Drool (1080p),https://d119f55zk8yovc.cloudfront.net/Drool.m3u8
DRTV (1080p),https://drlivedrtvahls.akamaized.net/hls/live/2113613/drlivedrtva/master.m3u8
DRTV International,https://vps122407.serveur-vps.net/hls/drtv.m3u8
Dry Bar Comedy (720p),https://drybar-drybarcomedy-1-au.samsung.wurl.tv/playlist.m3u8
DSTV (614p) [Not 24/7],http://46.249.95.140:8081/hls/data.m3u8
DSTV (720p),http://79.120.178.90:1935/dstv/dstvlive/playlist.m3u8
DTV (720p) [Not 24/7],http://cloudfront44.lexanetwork.com:1732/hlsrelay003/hls/livestream.sdp.m3u8
DTV (720p),https://live-evg7.tv360.bitel.com.pe/bitel/sabormixtvSRT/playlist.m3u8
DTV Den Bosch (1080p),https://rrr.sz.xlcdn.com/?account=dtvmaasland&file=dtv2&output=playlist.m3u8&protocol=https&service=wowza&type=live
DTV Maashorst (1080p),https://rrr.sz.xlcdn.com/?account=dtvmaasland&file=dtv3&output=playlist.m3u8&protocol=https&service=wowza&type=live
DTV Oss & Bernheze (1080p),https://rrr.sz.xlcdn.com/?account=dtvmaasland&file=dtv1&output=playlist.m3u8&protocol=https&service=wowza&type=live
DTV-8 [Geo-blocked],https://watch.davestv8.com/hls/stream.m3u8
dTVi,https://e.siar.us/live/dtvi.m3u8
Dubai TV International (1080p),http://185.9.2.18/chid_139/index.m3u8
Duck Dynasty (1080p),https://amg00276-amg00276c2-rakuten-uk-3449.playouts.now.amagi.tv/playlist.m3u8
Duck Dynasty (1080p),https://aegis-cloudfront-1.tubi.video/ae3cd8ce-3c41-452b-92a0-78fdb3c5b855/playlist.m3u8
Duck Hunting TV (1080p),https://main.duckhunting.playout.vju.tv/duckhuntingtv/main.m3u8
ducktv (720p),https://jmp2.uk/stvp-ESBC4700001GR
ducktv HD,https://dash3.antik.sk/live/duck_tv/index.m3u8
ducktv PLUS,https://dash3.antik.sk/live/test_duck_plus/playlist.m3u8
Dude Perfect (1080p) [Geo-blocked],https://amg07653-apmc-amg07653c4-samsung-gb-9942.playouts.now.amagi.tv/ts-eu-w1-n2/playlist/amg07653-aparentmediacoinc-dudeperfectchannel-samsunggb/playlist.m3u8
Dudelange TV (720p),https://streamer20.multimedia.blue/Eltrona/DudelangeTV/playlist.m3u8
Duende Tv (720p) [Not 24/7],https://live.fansplay.tv/livestreams/21.GdPGZIRcwzZ9vgE5.m3u8
Dukh Nivaran (720p) [Not 24/7],http://cdn12.henico.net:8080/live/dncal/index.m3u8
Dulce by elGourmet (720p),https://jmp2.uk/plu-6894fc3f66f164e402f4fd14.m3u8
DumDum (720p),http://45.162.64.114/ZOOMOO_KIDS/index.m3u8
Duna,http://88.212.15.19/live/duna_hun/index.m3u8
Duna World,http://88.212.15.19/live/duna_world_hun/index.m3u8
Dunamis TV (576p) [Not 24/7],https://atechgroupuk.site/DTV.m3u8
Dungeon TV (720p),https://stream-us-east-1.getpublica.com/playlist.m3u8?network_id=2226
Dungeons & Dragons Adventures (1080p) [Geo-blocked],https://amg00461-eone-amg00461c3-firetv-us-5211.playouts.now.amagi.tv/playlist.m3u8
Dunya Naw TV (576p),https://dunyanhls.wns.live/hls/stream.m3u8
Dunya News (INT Feed) (720p) [Not 24/7],https://imob.dunyanews.tv/livehd/ngrp:dunyalivehd_2_all/playlist.m3u8
Dunya News (UK Feed) (720p) [Not 24/7],https://ukintl.dunyanews.tv/liveuk/ngrp:dunyalive_all/playlist.m3u8
Dunyo bo'ylab (1080p),https://stream8.cinerama.uz/1006/tracks-v1a1/playlist.m3u8
Duo 6 [Not 24/7],http://315e5a5d.ottrast.com/iptv/MM4E93NGF5LADZ/18018/index.m3u8
Durán TV (480p) [Not 24/7],https://cloudvideo.servers10.com:8081/8074/index.m3u8
Durangaldeko Telebista (576p),https://nlb2-live.emitstream.com/hls/5f9asjsehd7gmyxsdpzu/master.m3u8
Duri a Morire (720p),https://jmp2.uk/plu-65f865a62873090008d06382.m3u8
Dushanbe HD (1080p),https://live.teleradiocom.tj/7/3m.m3u8
Dushevnoe HD (1080p),http://stream.mcquack.net/213/index.m3u8
Duta TV (360p) [Not 24/7],https://dutatv.siar.us/dutatv/live/playlist.m3u8
DVB TV (720p) [Geo-blocked],https://live-stream.dvb.no/hls/stream_src/index.m3u8
Dvojka,http://88.212.15.19/live/test_dvojka_25p/playlist.m3u8
DW Arabic (1080p),https://dwamdstream103.akamaized.net/hls/live/2015526/dwstream103/master.m3u8
DW English (1080p),https://amg01644-amg01644c1-amgplt0343.playout.now3.amagi.tv/ts-eu-w1-n2/playlist/amg01644-amg01644c1-amgplt0343/playlist.m3u8
DW Espanol (1080p),http://177.234.249.178:8888/DW/index.m3u8
DW Russian (1080p),https://dwamdstream110.akamaized.net/hls/live/2017971/dwstream110/master.m3u8
DY 365 (360p),https://cdn.smartstream.video/smartstream-us/dy365/dy365/playlist.m3u8
Dyn Sport Mix (720p),https://jmp2.uk/plu-6866525c8a412a0e95c438b4.m3u8
Dynamic Gospel TV (480p) [Not 24/7],https://ssh101stream.ssh101.com/akamaissh101/ssh101/tvdynamicstream/playlist.m3u8
Dynamo Kyiv TV (1080p),http://stream.mcquack.net/396/index.m3u8
Dynastiet,https://jmp2.uk/plu-68f0fad2fae18f8db62a9f37.m3u8
Dynastin,https://jmp2.uk/plu-68f0fb155d6fb43948165d32.m3u8
Dynasty,https://jmp2.uk/plu-622f48de713e510007f85808.m3u8
Dynasty,https://jmp2.uk/plu-65cb76ea11ced70008206b66.m3u8
Dynasty,https://jmp2.uk/plu-64d1606b4c5ed80008e3b8b9.m3u8
DZMM TeleRadyo (480p),https://streams.comclark.com/pknsd/teleradyo/playlist.m3u8
DZRHTV (480p),https://streams.comclark.com/pknsd/dzrh/playlist.m3u8
E40 (1080p),https://copacotf.desdeparaguay.net/e40tv/e40tv_py_alta/playlist.m3u8?admin=tvaccion
E International Asia (576p),https://gist.githubusercontent.com/iptvonlinetv/cf56ccf36d1c0827e4dc470db7b7912d/raw/066b1c9755b2496805575f16d413bd1207ca8117/udp315.520.789:8060.m3u8
E International Europe (576p),https://gist.githubusercontent.com/iptvonlinetv/cf56ccf36d1c0827e4dc470db7b7912d/raw/066b1c9755b2496805575f16d413bd1207ca8117/udp120.510.450:6060.m3u8
E! (1080p),http://23.237.104.106:8080/USA_E/index.m3u8
E! Keeping Up (1080p),https://xumo-xumoent-vc-117-a3ga4.fast.nbcuni.com/live/master.m3u8
E! Latin America (1080p),http://bantel-cdn1.iptvperu.tv:1935/btnscrtn/entertainment.stream/playlist.m3u8
E! Latin America Mexico (720p),http://72.1.184.5:8089/play/a05d/index.m3u8
E! West (720p),http://40.160.24.56/E_ENTERTAINMENT_WEST_SD/index.m3u8
E-Vidya 1 (576p),http://103.72.101.252:8080/live/400.m3u8
E-Vidya 2 (576p),http://103.72.101.252:8080/live/402.m3u8
E-Vidya 3 (576p),http://103.72.101.252:8080/live/405.m3u8
E-Vidya 4 (576p),http://103.72.101.252:8080/live/406.m3u8
E-Vidya 5 (576p),http://103.72.101.252:8080/live/407.m3u8
E-Vidya 6 (576p),http://103.72.101.252:8080/live/408.m3u8
E-Vidya 7 (576p),http://103.72.101.252:8080/live/404.m3u8
E-Vidya 8 (576p),http://103.72.101.252:8080/live/409.m3u8
E-Vidya 9 (576p),http://103.72.101.252:8080/live/410.m3u8
E-Vidya 10 (576p),http://103.72.101.252:8080/live/411.m3u8
E-Vidya 11 (576p),http://103.72.101.252:8080/live/1410.m3u8
E-Vidya 12 (576p),http://103.72.101.252:8080/live/1532.m3u8
EAC News TV,https://live.eac-news.com/LiveApp/streams/eacnews.m3u8
Eagle News HD (1080p),https://cdn4.skygo.mn/live/disk1/Eagle/DASH-FTA/Eagle.mpd
Earth Touch (1080p),https://amg01823-earthtouch-amg01823c1-samsung-gb-862.playouts.now.amagi.tv/playlist/amg01823-earthtouch-earthtouch-samsunggb/playlist.m3u8
Earth: Final Conflict,https://jmp2.uk/plu-66f1331f9409630008077623.m3u8
Eawaz TV (720p) [Not 24/7],https://streamer12.vdn.dstreamone.net/saazoawaz/saazoawaz/playlist.m3u8
EBC Financial News (東森財經新聞台) (1080p) [Not 24/7],http://seb.sason.top/sc/dscjxw_fhd.m3u8
EBC General Education (720p) [Not 24/7],https://iptv.ebc.edu.kh/iptv/channel/1.m3u8
EBC News (東森新聞台) (1080p) [Not 24/7],http://seb.sason.top/sc/dsxw_fhd.m3u8
Ebenezer TV (1080p),https://5e85d90130e77.streamlock.net/6010/ngrp:6010_all/playlist.m3u8
EBN TV (720p) [Not 24/7],https://goliveafrica.media:9998/live/65d8475d1e6cb/index.m3u8
Ebony TV by Lionsgate (1080p),https://aegis-cloudfront-1.tubi.video/a0ad4b53-ab3a-48dd-be12-bc7f533c372c/playlist.m3u8
Ebony TV Drama (720p),https://jmp2.uk/plu-6675c713fc3a46000863dde7.m3u8
EBS (1080p),https://streams.prd.commavservices.eu/live/ebs/index.m3u8
EBS 1 (400p) [Not 24/7],https://ebsonair.ebs.co.kr/ebs1familypc/familypc1m/playlist.m3u8
EBS 2 (400p) [Not 24/7],https://ebsonair.ebs.co.kr/ebs2familypc/familypc1m/playlist.m3u8
EBS Cinema (720p),https://rpn.bozztv.com/ebstv/ebscinema/index.m3u8
EBS E (400p) [Not 24/7],https://ebsonair.ebs.co.kr/plus3familypc/familypc1m/playlist.m3u8
EBS HD (1080p),https://rpn.bozztv.com/ebstv/ebstv/index.m3u8
EBS kids (400p) [Not 24/7],https://ebsonair.ebs.co.kr/ebsufamilypc/familypc1m/playlist.m3u8
EBS Musika (720p),https://rpn.bozztv.com/ebstv/ebsmusika/index.m3u8
EBS Plus (1080p),https://streams.prd.commavservices.eu/live/ebsplus/index.m3u8
EBS+ 1 (400p),https://ebsonair.ebs.co.kr/plus1familypc/familypc1m/playlist.m3u8
EBS+ 2 (400p),https://ebsonair.ebs.co.kr/plus2familypc/familypc1m/playlist.m3u8
Ecclesia TV,https://video1.getstreamhosting.com:1936/8294/8294/playlist.m3u8
Ecclesia TV (1080p),https://liveopen.siliconweb.com/openTvLive/openEcclessia/playlist.m3u8
Echappées Belles & Co (720p),https://jmp2.uk/plu-63b578b524f0cf00072f2a52.m3u8
Echo24 (720p),https://echo24new.pl/LiveAppStreamECHO24/streams/GL0VksiIgQUS1672825288490.m3u8
EchoSports (720p),https://a-cdn.klowdtv.com/live2/echosports_720p/playlist.m3u8
EchtJetzt TV (720p),https://bibeltv03.iptv-playoutcenter.de/bibeltv03/bibeltv03.stream_all/playlist.m3u8
Eclipse TV (720p),https://vdo6.instainternet.com:3272/live/jobetalborezlive.m3u8
ECO Television (720p),https://live-evg11.tv360.bitel.com.pe/bitel/ecotv/playlist.m3u8
Eco TV,https://stream.arcast.com.ar/ecotv/ngrp:ecotv_all/playlist.m3u8
Ecos Canal 57 (1080p) [Not 24/7],https://2-fss-2.streamhoster.com/pl_138/206532-6829872-1/playlist.m3u8
Ecotel TV (720p),https://ecoteltv.streamseguro.com:5443/LiveApp/streams/streaming.m3u8
Ecovisión (720p),https://streaming.grupomediosdelnorte.com:19360/ecovision/ecovision.m3u8
Ecuador TV (1080p),http://45.224.97.181:9999/EcuadorTV/index.m3u8
EcuaMundo Radio TV (720p) [Not 24/7],https://pacific.direcnode.com:3353/live/ecuamundotvlive.m3u8
Ecuavisa (1080p),http://45.171.108.253:8888/ECUAVISA/index.m3u8
Ecuavisa Guayaquil (1080p) [Not 24/7],https://dai.google.com/linear/hls/event/GyPkTVDZSXGhpOvxPK7m2g/master.m3u8
Eden TV (540p) [Not 24/7],https://rtmp.edentv.bj/hls/stream.m3u8
Edessa TV (1080p),https://canli.edessatv.com/hls/stream.m3u8
Edgy TV (1080p),https://streams2.sofast.tv/v1/master/611d79b11b77e2f571934fd80ca1413453772ac7/49f275ac-7129-4492-93c0-854b3c3138f0/manifest.m3u8
Edgy Urban (1080p),https://streams2.sofast.tv/v1/master/611d79b11b77e2f571934fd80ca1413453772ac7/50ce2783-e0fe-405b-bfa7-349c4ff4916b/manifest.m3u8
EDN TV (1080p) [Not 24/7],https://60417ddeaf0d9.streamlock.net/edntv/videoedntv/playlist.m3u8
EDU TV (576p) [Not 24/7],https://5aa64ca8b95b8.streamlock.net:4443/edutv/edutelevizija/playlist.m3u8
Educa TV (720p) [Not 24/7],https://avm.ecuamedia.net/educatv/live/playlist.m3u8
Education (1080p),https://cdn4.skygo.mn/live/disk1/Education/DASH-FTA/Education.mpd
Eduvision (1080p),https://stmv3.voxtvhd.com.br/conex2/conex2/playlist.m3u8
EET TV (1080p) [Not 24/7],https://eu.streamjo.com/eetlive/eettv.m3u8
EET TV (1080p) [Not 24/7],https://live.streamjo.com/eetlive/eettv.m3u8
Efarina TV (720p),https://live.efarinatv.com/hls/bgtaufikganteng.m3u8
EGM Channel (480p),https://paneltv.online:1936/8186/8186/playlist.m3u8
Egnatia TV (576p),https://video.streams.ovh:1936/egnatiatv/egnatiatv/index.m3u8
Ein Engel auf Erden,https://jmp2.uk/plu-622f487722d9d400075f74dd.m3u8
Eine himmlische Familie,https://jmp2.uk/plu-66a244d5cd0d3100083b1e47.m3u8
Eine schrecklich nette Familie,https://jmp2.uk/plu-67a324d221af380008105d6f.m3u8
Ekamra Bharat Odia (400p),https://live.ekamraott.com/bharat/bharat/index.m3u8
Ekhon TV (1080p),https://tplay.live/out/bangladesh/ekhontv.index.m3u8
EKids (576p),http://78.108.244.134:8899/ekids
Eko TV (720p),https://ext.cdn.nashnet.tv/228.0.1.60/index.m3u8
Ekran Movies,https://ca-rt.onetv.app/EkranMovies/index-0.m3u8?token=%2A%2A%2A
Ekushey TV (480p),https://ekusheyserver.com/etvlivesn.m3u8
El 3 de Conce,https://5ff3d9babae13.streamlock.net/xedkektnqj/xedkektnqj/playlist.m3u8
El 9 TV (1080p),https://liveingesta318.cdnmedia.tv/9tvlive/smil:live.smil/playlist.m3u8?DVR=
El 33 (1080p) [Geo-blocked],https://directes-tv-cat.3catdirectes.cat/live-content/c33-super3-hls/master.m3u8
El 33 Originals (1080p) [Not 24/7],https://directes-tv-int.3catdirectes.cat/live-content/c33-super3-hls/master.m3u8
El Camino TV (480p),https://5d32e2b9b7eed.streamlock.net:4443/ectv/ectv/playlist.m3u8
El Canal Feliz (720p),http://streaming.multicontenidos.cl:8081/live/canalfeliz/playlist.m3u8
El Centro TV (720p),https://v1.tustreaming.cl/diarioelcentrotv/index.m3u8
El Chavo TV (720p),https://live20.bozztv.com/giatvplayout7/giatv-211465/playlist.m3u8
El Comisario,https://jmp2.uk/plu-60c343007bcabe0007242aa6.m3u8
EL DEBER (1080p),https://master.tucableip.com/eldebertv/index.m3u8
El Detective Endeavour,https://jmp2.uk/plu-619b9f16b8fee4000832d447.m3u8
El encantador de perros,https://jmp2.uk/plu-60e45687313c5f0007bc8e94.m3u8
El Gourmet (1080p),http://15.204.246.24:8080/ElGourmetHD/index.m3u8
El Mueble (720p),https://jmp2.uk/plu-690dd10a37b131228d76d5b1.m3u8
El Mundo del Campo (720p),https://movil.ejeserver.com/live/elmundodelcampo.m3u8
El Nueve (1080p),http://15.204.246.24:8080/elnueveHD/index.m3u8
El Nuevo Diario TV (480p),https://nuevodiario01.streamprolive.com/hls/live.m3u8
El Pinguino TV (720p),https://redirector.dps.live/hls/pinguinotv/playlist.m3u8
El Pituco TV (720p),https://imagenuniversaltv.net:3439/live/elpitucolive.m3u8
El PuertoTV (720p),https://5bf8041cb3fed.streamlock.net/PuertoTV/PuertoTV/playlist.m3u8
El Radar (720p),https://video.ipstream.cl:3459/hybrid/play.m3u8
El Radio 9090 FM (480p),https://9090video.mobtada.com/hls/stream.m3u8
El Reino Infantil,https://jmp2.uk/plu-6523f672a6c38300088cb807.m3u8
El Rey,https://stream.ads.ottera.tv/playlist.m3u8?network_id=1544
El Rey Rebel (720p),https://jmp2.uk/plu-691d1200c2185a44642f5e7c.m3u8
El Seis 6 (1080p) [Not 24/7],https://stream.elseis.do/canal6/live_1080.m3u8
El Sembrador Nueva Evangelizacion ESNE,http://190.61.90.17:40000/play/a025/index.m3u8
El Siete (1080p),https://edgectc.com/CANAL7_MZA/index.m3u8
El Sol Network TV (1080p),https://tv.wracanal10.com:3025/live/elsoltvlive.m3u8
El Sonorense (1080p) [Not 24/7],https://s5.mexside.net:1936/elsonorense/elsonorense/playlist.m3u8
El Talisman,https://stream.ads.ottera.tv/playlist.m3u8?network_id=1079
El Toro TV (720p),https://streaming-1.eltorotv.com/lb0/eltorotv-streaming-web/index.m3u8
El Trece (1080p),http://15.204.246.24:8080/eltreceHD/index.m3u8
EL TV (260p) [Not 24/7],http://85.132.53.162:1935/live/eltv/playlist.m3u8
El Watania 1 (1080i),https://sw1.tanitweb.net/TunisiaTV/_definst_/watania1/chunklist.m3u8
El Watania 2 (1080p),https://sw1.tanitweb.net/TunisiaTV/_definst_/watania2/playlist.m3u8?DVR=
El-Heddaf TV (1080p),https://live.elheddaftv.com:8081/elheddaftv/index.m3u8
El-Roi TV (720p),https://cdn.streamhispanatv.net:3648/live/elroitvlive.m3u8
Elbeshara GTV (1080p) [Not 24/7],http://media3.smc-host.com:1935/elbesharagtv.com/gtv.smil/playlist.m3u8
Elche 7 TV (576p),https://elche7tv.gestec-video.com/hls/canal2.m3u8
eldo.TV (1080p),https://stream.eldo.lu/data/live/tele/eldotv/1080p.m3u8
ElectricNOW (1080p) [Geo-blocked],https://pb-aexv6wqzkg929.akamaized.net/ElectricNOW.m3u8
Elektrika TV (1080p),https://rtmp.elektrika.cz/live/myStream.sdp/playlist.m3u8
Elemental Channel (1080p),https://5d82644094cc0.streamlock.net/8116/8116/playlist.m3u8
Elevate TV (720p) [Not 24/7],https://goliveafrica.media:9998/live/64a98a7eac12a/index.m3u8
Elevation Church (1080p),https://linear-1066.frequency.stream/dist/stirr/1066/hls/master/playlist.m3u8
Elias Pina TV (720p) [Not 24/7],https://cloud2.streaminglivehd.com:1936/8078/8078/playlist.m3u8
Elim TV (480p) [Not 24/7],https://stream.soporteccrtv.xyz/hls/master-dveo.m3u8
Elive TV Brescia (720p) [Not 24/7],https://59d7d6f47d7fc.streamlock.net/elivebresciatv/elivebresciatv/playlist.m3u8
Ellinikos FM (720p),https://rtmp.win:3603/live/ellinikosfmlive.m3u8
Elsharq TV (1080p) [Not 24/7],https://mn-nl.mncdn.com/elsharq_live/live/playlist.m3u8
Elsö Kerület TV (1080p),https://iptv01.eurocable.co.hu/EC-EGYKERTVHD/index.m3u8
Elwatania TV (1080i),https://livesstream.work.gd:5443/WebRTCApp/streams/stream.m3u8
ElyTV (360p),https://stmv1.srvsite.com/ely/ely/playlist.m3u8
Eman Channel (576p),https://ap02.iqplay.tv:8082/iqb8002/3m9n/playlist.m3u8
EmanTv (1080p),https://avr.host247.net/live/emantv/playlist.m3u8
Embrujadas,https://jmp2.uk/plu-657868a7a620e30008fdbfeb.m3u8
Emergency 24/7 (1080p) [Geo-blocked],https://d3cm8xyrjwa22p.cloudfront.net/30504/88896036/hls/master.m3u8?ads.xumo_channelId=88896036
Emeril Lagasse Channel (1080p),https://d1ahlswyjfz32r.cloudfront.net/Emeril_Lagasse.m3u8
EMI TV,https://astra.emitv.ro/hls/emi/index.m3u8
Emisora Comunitaria 104.1 FM,https://104florencia.co/wp-admin/admin-ajax.php?action=frp_hls_proxy&url=https%3A%2F%2Fstreamyes.alsolnet.com%2Fcomunitariafm%2Flive%2Fplaylist.m3u8
Emocion TV (720p),https://v1.tustreaming.cl/emociontv/index.m3u8
Empeños a lo bestia,https://jmp2.uk/plu-60218baa464ef900073168c1.m3u8
Empordà TV (1080p),https://video3.lhdserver.es/empordatv2/live.m3u8
En el punto de mira,https://jmp2.uk/plu-61922be835f3910007fc58f6.m3u8
En Linea Maule (720p),https://v2.tustreaming.cl/enlineamauletv/index.m3u8
ENA Channel (1080p),https://cdn5.smart-tv-data.com/ena/ena_channel/playlist.m3u8
Enchufe.TV,https://jmp2.uk/plu-699763d184235f26d5056002.m3u8
Encore+ (1080p),https://streams2.sofast.tv/sofastplayout/11d7f7fd-9c12-4c8a-b1a8-e879821e2187_1000014907_HLS/master.m3u8
EnerGeek (720p) [Not 24/7],https://backend.energeek.cl/webtv/egretroweb/index.m3u8?token=%2A%2A%2A
EnerGeek Fan (1080p),https://backend.energeek.cl/webtv/egfanweb/index.m3u8?token=%2A%2A%2A
EnerGeek Radio (1080p),https://backend.energeek.cl/webtv/egradioweb/index.m3u8?token=%2A%2A%2A
Energia TV (720p) [Not 24/7],https://sincerecloud.stream/loadbalancer/public/actMdyoE.m3u8
Energy,https://ncdn.telewebion.ir/baenergy/live/playlist.m3u8
Enfoque Digital TV,https://5eaccbab48461.streamlock.net:1936/8074/8074/playlist.m3u8
English Class HD (1080p),http://31.148.48.15/English_club_TV_HD/index.m3u8
English Club TV (576i),https://stream8.cinerama.uz/1442/tracks-v1a1/mono.m3u8
English TV (1080p),https://streams2.sofast.tv/v1/master/611d79b11b77e2f571934fd80ca1413453772ac7/a5e9aebd-1df4-4e56-be4f-33a891756f9b/manifest.m3u8
Enlace (720p),http://177.234.249.178:8888/ENLACE/index.m3u8
Enlace Juvenil,https://livecdnusa.enlace.plus/ejtv/smil:ejtv-hd.smil/playlist.m3u8
Enntivision (1080p) [Not 24/7],https://edge.essastream.com/enntivision/playlist.m3u8
Enquêtes Criminelles (720p),https://jmp2.uk/plu-66f55d0b5e4a6e0008c2b920.m3u8
Enquetes de Choc (1080p),https://fastmedia-enquetesdechoc-rakuten.amagi.tv/playlist.m3u8
Enquêtes de Choc (720p),https://jmp2.uk/plu-63921a1bf76e7d0007c998a6.m3u8
ENT Channel (720p),https://cdn.global.elektamedia.com/live/c7eds/ENT_Channel/SA_LIVE_hls_enc/master.m3u8
ENT Family (720p),https://cdn.global.elektamedia.com/live/c7eds/ENT_Family/SA_LIVE_hls_enc/master.m3u8
entelevision (1080p) [Not 24/7],https://stream.haislin.com/entelevision/index.m3u8
Entella TV (720p) [Not 24/7],https://5f22d76e220e1.streamlock.net/EntellaTV/EntellaTV/playlist.m3u8
Enter-Film (1080p),http://stream.mcquack.net/322/index.m3u8
Enterate RD [Not 24/7],https://5790d294af2dc.streamlock.net/enteraterd/enteraterd/playlist.m3u8
Enterr 10 Bangla (720p) [Not 24/7],https://live-bangla.akamaized.net/liveabr/playlist.m3u8
Entertainment Tonight (1080p),https://enterbcef94b.airspace-cdn.cbsivideo.com/master.m3u8
EntrepreneurTV (720p),https://stream-us-east-1.getpublica.com/playlist.m3u8?network_id=2506
Entuno TV (1080p) [Not 24/7],https://soportedvb.click:3442/live/entunotvlive.m3u8
Envoy FAST (720p) [Geo-blocked],https://pb-5uxlaafha3oi7.akamaized.net/ABR.m3u8
EPA! TV (720p),https://live-evg10.tv360.bitel.com.pe/bitel/epatv/playlist.m3u8
Epic Bhojpuri (576p),https://mumt01.tangotv.in/O5aw8Zn3EPICBHOJPURI/index.m3u8
Epic Drama,http://82.78.243.219:45739/play/a01p/index.m3u8
Epic Gardening TV (1080p),https://d310j9emjmcwry.cloudfront.net/playlist.m3u8
Epic Music (576p),https://mumt04.tangotv.in/m18aqlK4EPICMUSIC/index.m3u8
Epic TV (576p),http://149.71.34.166:8000/play/a00m/index.m3u8
Epic TV Digital (1080p),https://cc-czbq30x55knit.akamaized.net/v1/master/3722c60a815c199d9c0ef36c5b73da68a62b09d1/cc-czbq30x55knit/DIYC/PMSL/IN10/Epic_TV_IN_B/Epic_TV_IN_B.m3u8
Epiloges TV,https://gra1.crystalweb.net:1936/epilogestv/epilogestv/playlist.m3u8
Epirus TV1 (720p),https://rtmp.win:3929/live/epiruslive.m3u8
EPlanet TV,https://eplhls.wns.live/hls/stream.m3u8
Equalympic (1080p),http://stream.mcquack.net/485/index.m3u8
Equidia (1080p),https://raw.githubusercontent.com/Paradise-91/ParaTV/main/streams/equidia/live2.m3u8
Equidia Racing Mag (1080p),https://raw.githubusercontent.com/Paradise-91/ParaTV/main/streams/equidia/racingmag.m3u8
Equus TV (1080p),https://d2gwqf8gdwq1zs.cloudfront.net/scheduler/scheduleMaster/426.m3u8
Er TV (1080p) [Geo-blocked],https://live.artidijitalmedya.com/artidijital_ertv_new/ertv/playlist.m3u8
Érase una vez...,https://jmp2.uk/plu-63c69c87808b740007599fe1.m3u8
Erbol (720p),https://twitch-m3u8.bastypro112.workers.dev/erboldigital/index.m3u8
Erfan Halgheh TV (720p),https://hls.erfanhalgheh.live/hls/stream.m3u8
Erga Lura TV [Geo-blocked],http://80.79.6.221:25461/smash/public/29
ERi-TV 1 (576p),https://jmc-live.ercdn.net/eritreatv/eritreatv.m3u8
Eros Universe Bollywood Cinema,https://prod-runn.cdn.runn.tv/eros/stream/blywcm/playlist.m3u8
Eros Universe Entertainment,https://prod-runn.cdn.runn.tv/eros/stream/ersent/playlist.m3u8
ERT3 (1080p),https://ert-ucdn.broadpeak-aas.com/bpk-tv/ERT3/default/index.m3u8
ERT Cosmos (1080p),https://ert-ucdn.broadpeak-aas.com/bpk-tv/ERTCosmos/default/index.m3u8
ERT News HD (1080p),https://ert-ucdn.broadpeak-aas.com/bpk-tv/ERTNews/default/index.m3u8
ERT Sports 1 (1080p),http://hbbtvapp.ert.gr/stream.php/v/vid_ertsports_mpeg.2ts
ERT Sports 2 (1080p),http://hbbtvapp.ert.gr/stream.php/v/vid_ertplay2_mpeg.2ts
Ertis (1080p) [Not 24/7],https://stream.kaztrk.kz/regional/pavlodartv/index.m3u8
Ertsulovneba,https://stream.sstv.ge/live/sstv/playlist.m3u8
Erz-TV Stollberg (576p),https://5acade5fc0c29.streamlock.net/kabeljournal/live2020.stream/playlist.m3u8
Erzurum Web TV (720p),https://win29.yayin.com.tr/erzurumwebtv/erzurumwebtv/iptvdelisi.m3u8
ES TV (720p),https://live.artidijitalmedya.com/artidijital_estv/estv/playlist.m3u8
Esaie 45 Tele,https://stream.berosat.live/hls/esaie45-tv/esaie45-tv.m3u8
Escambia County TV ECTV (Escambia County FL) (720p),https://cpcdn.azureedge.net/ESCAMBIACOFLLIVE1/ESCAMBIACOFLLIVE1/playlist.m3u8
Escape to the Country (1080p),https://amg00145-amg00145c11-samsung-au-6579.playouts.now.amagi.tv/playlist.m3u8
Escape to the Country (720p),https://jmp2.uk/plu-66d712fdabec540008ba66cd.m3u8
Escape to the Country (720p),https://jmp2.uk/plu-66d71485167a8b0008fd3345.m3u8
Escape to the Country (720p),https://jmp2.uk/plu-66d714d815d2c60008cec6d2.m3u8
Escape to the Country (720p),https://jmp2.uk/plu-63d91d624e83e7000881ca8c.m3u8
Escape TV (1080p),https://streams2.sofast.tv/v1/master/611d79b11b77e2f571934fd80ca1413453772ac7/4da91549-1762-4d60-b8b7-db07ef7ee64b/manifest.m3u8
Escúchame Radio TV (720p) [Not 24/7],https://stmv1.transmissaodigital.com/pedro9800/pedro9800/playlist.m3u8
Eshragh,https://ncdn.telewebion.ir/eshragh/live/playlist.m3u8
Eslah TV (720p),https://eslahtvhls.wns.live/hls/stream.m3u8
Espace TV (1080p),https://edge11.vedge.infomaniak.com/livecast/ik:espacetv/manifest.m3u8
Esperia TV (480p),http://wms.shared.streamshow.it/esperiatv/esperiatv/playlist.m3u8
Espíritu Santo Y Fuego TV (480p),https://inliveserver.com:1936/8392/8392/playlist.m3u8
ESPN (1080p),http://181.78.197.59:8000/play/a07z/index.m3u8
ESPN 3 (1080p),http://190.83.2.182:8090/ESPN3/index.m3u8
ESPN 4 (1080p),http://181.78.197.59:8000/play/a07n/index.m3u8
ESPN8 The Ocho (1080p),https://d3b6q2ou5kp8ke.cloudfront.net/ESPNTheOcho.m3u8
ESPN Deportes (720p),http://40.160.24.58/ESPN_DEPORTES/index.m3u8
ESPNU (720p),http://23.237.104.106:8080/USA_ESPNU/index.m3u8
Esport3 (1080p) [Not 24/7],https://directes-tv-int.3catdirectes.cat/live-content/esport3-hls/master.m3u8
Esport3 (1080p) [Geo-blocked],https://directes-tv-cat.3catdirectes.cat/live-content/esport3-hls/master.m3u8
eSports Max TV,https://cdnlive.klicgo.net/esportsmax/live/playlist_dvr.m3u8
Espreso TV (1080p),https://api-tv.ipnet.ua/api/v1/manifest/2118742594.m3u8
Estacion Limache TV (720p),https://v4.tustreaming.cl/limachemovil/index.m3u8
Estacion TV (720p),https://unlimited1-cl-isp.dps.live/supersonikatv/supersonikatv.smil/playlist.m3u8
Estado Paranormal,https://jmp2.uk/plu-656e2a81954b020008ed17a4.m3u8
Este Canal TV (576p),http://synclosdragos1.syncsolutions.es:8008/live3/emision/index.m3u8
Estepona Televisión (720p),https://cloudvideo.servers10.com:8081/8022/index.m3u8
Estilo y Vida (1080p),https://4a7284f0c8334835adb8f223c36fbc37.mediatailor.eu-west-1.amazonaws.com/v1/master/0547f18649bd788bec7b67b746e47670f558b6b2/production-LiveChannel-6232/master.m3u8
Estrella Games (1080p),https://estrella-games-oando.amagi.tv/playlist.m3u8
Estrella News (1080p),https://estrella-news-oando.amagi.tv/playlist.m3u8
Estrella TV (1080p),https://estrellatv-oando.amagi.tv/playlist.m3u8
Estrellas de Acción,https://jmp2.uk/plu-5e972a21ad709d00074195ba.m3u8
EsTuTele (720p),https://cloud.streamingconnect.tv/hls/estutele/estutele.m3u8
ESTV (420p),https://cloudfront44.lexanetwork.com:1344/relay01/HDE032.sdp/playlist.m3u8
ET Now (720p) [Geo-blocked],https://dztlhgid9me95.cloudfront.net/live-tv/Vidgyor/etnow/etnow_master.m3u8
ET Now Swadesh (720p),https://d32gxr3r1ksq2p.cloudfront.net/master.m3u8
ETB 1 (1080p) [Geo-blocked],https://cdn1.etbon.eus/etb1/index.m3u8
ETB1 On (1080p),https://cdn1.etbon.eus/etb1on/index.m3u8
ETB 2 (1080p) [Geo-blocked],https://cdn1.etbon.eus/etb2/index.m3u8
ETB2 On (1080p),https://cdn1.etbon.eus/etb2on/index.m3u8
ETB Events 1 (1080p),https://cdn1.etbon.eus/oc1/index.m3u8
Etna Espresso Channel (720p),https://5db313b643fd8.streamlock.net/Etnachannelponte/Etnachannelponte/playlist.m3u8
ETV (720p),https://sb.err.ee/live/etv.m3u8
ETV (1080p),https://edge12.vedge.infomaniak.com/livecast/ik:etvgp/manifest.m3u8
ETV (1080p),https://cdn4.skygo.mn/live/disk1/ETV/DASH-FTA/ETV.mpd
ETV (1080p),http://150.95.66.20:1935/live/livestream/playlist.m3u8
ETV2 (720p),https://sb.err.ee/live/etv2.m3u8
ETV Abhiruchi (1080p),https://dg3721c3ez5m0.cloudfront.net/v1/master/9d43eacaed199f8d5883927e7aef514a8a08e108/ETV_ABHIRUCHI_H264_cloud-in/index.m3u8
ETV Andhra Pradesh (1080p),https://d1g35elx8qnif3.cloudfront.net/v1/master/9d43eacaed199f8d5883927e7aef514a8a08e108/ETV_AP_H264_cloud_in/index.m3u8
ETV Cinema (396p),https://yupplivegcpusa.yuppcdn.net/100823/smil:etvcinema.smil/playlist.m3u8?hdnts=st%3D1735898689~exp%3D1835898688~acl%3D%2A~hmac%3Df5fe24724fe05481e3841f9eb5ab8efdee0a3dd83645ae9dcf45703f525bab7b
ETV Cinema HD (1080p),https://d27zlkxhgwrfgo.cloudfront.net/v1/master/9d43eacaed199f8d5883927e7aef514a8a08e108/ETV_CINEMA_H264_cloud_in/index.m3u8
ETV Comedy (1080p),https://cc-wie8j8y69d2uy.akamaized.net/WWBI/Amagi/ETV_Comedy_IN/playlist.m3u8
ETV Josh (1080p),https://cc-uyh1ow5zouoio.akamaized.net/WWBI/Amagi/ETV_Josh_IN/playlist.m3u8
ETV Kayseri (720p),https://live.artidijitalmedya.com/artidijital_etv/etv/playlist.m3u8
ETV Life (480p),https://d2cj1h11htct8o.cloudfront.net/v1/master/9d43eacaed199f8d5883927e7aef514a8a08e108/ETV_LIFE_H264_cloud_in/index.m3u8
ETV Manisa (1080p) [Not 24/7],https://edge1.socialsmart.tv/manisaetv/bant1/playlist.m3u8
èTv Marche (720p),https://live.ipstream.it/etvmarche/etvmarche.stream/playlist.m3u8
ETV Music (1080p),https://cc-szivnms4rlah6.akamaized.net/WWBI/Amagi/ETV_Music_IN/playlist.m3u8
ETV News (1080p),https://cc-3448kp65yhc5w.akamaized.net/WWBI/Amagi/ETV_News_IN/playlist.m3u8
ETV Plus (396p),https://yupplivegcpusa.yuppcdn.net/100823/smil:etvplus.smil/playlist.m3u8?hdnts=st%3D1735898689~exp%3D1835898688~acl%3D%2A~hmac%3Df5fe24724fe05481e3841f9eb5ab8efdee0a3dd83645ae9dcf45703f525bab7b
ETV Plus HD (1080p),https://d12ee3o8yfkkhd.cloudfront.net/c6a4b411295f47f48c908d2ac0605bad/index.m3u8
èTv Rete 7 (720p),https://live.ipstream.it/etv/etv.stream/playlist.m3u8
ETV Telangana (1080p),https://d37d7pfp7vjqhh.cloudfront.net/v1/master/9d43eacaed199f8d5883927e7aef514a8a08e108/ETV_TS_H264_cloud_in/index.m3u8
ETV Telugu HD (1080p),https://d27zlkxhgwrfgo.cloudfront.net/v1/master/9d43eacaed199f8d5883927e7aef514a8a08e108/ETV_HD_H264_cloud_in/index.m3u8
ETV Telugu USA (720p),https://livegeorouus.akamaized.net/100823/etvhd_2500/playlist.m3u8?hdnts=st%3D1735898689~exp%3D1835898688~acl%3D%2A~hmac%3Df5fe24724fe05481e3841f9eb5ab8efdee0a3dd83645ae9dcf45703f525bab7b
ETV Terramar (1080p),https://liveingesta318.cdnmedia.tv/tvetvlive/smil:rtmp01.smil/playlist.m3u8
ETV+ (720p),https://sb.err.ee/live/etvpluss.m3u8
ETVN (720p),https://origin2.afxp.telemedia.co.za/abr_kapang/enterepreneur/playlist.m3u8
Eureka (1080p) [Geo-blocked],https://mdstrm.com/live-stream-playlist/6952e02d19eabace52e2885f.m3u8
Euro D (720p),https://live.duhnet.tv/S2/HLS_LIVE/eurodnp/playlist.m3u8
Euro Indie Music Chart TV (360p),http://178.33.224.197:1935/euroindiemusic/euroindiemusic/playlist.m3u8
Euro TV (432p),https://lbgo.bozztv.com/ssh101/ssh101/eurotvlive/playlist.m3u8
Euro TV (720p) [Not 24/7],https://5f22d76e220e1.streamlock.net/eurotv/eurotv/playlist.m3u8
Euronews,https://jmp2.uk/plu-61de8e502c8e9400077e5de7.m3u8
Euronews (720p),https://cdn-euronews.akamaized.net/live/eds/euronews-pl/26382/index.m3u8
Euronews (720p),https://jmp2.uk/plu-6639d7d4b18d700008da5316.m3u8
Euronews Bulgaria,http://213.91.179.28:8000/play/a05e
Euronews English (720p),https://jmp2.uk/plu-61de96114757070008d33cae.m3u8
Euronews English HD (720p),http://45.190.28.50/EURONEWS_HD/index.m3u8
Euronews French (720p),https://2f6c5bf4.wurl.com/master/f36d25e7e52f1ba8d7e56eb859c636563214f541/UmxheHhUVi1ldV9FdXJvbmV3c0ZyYW5jYWlzX0hMUw/playlist.m3u8
Euronews Georgia,http://nue01-edge01.itdc.ge/euronewsgeorgia/mpegts
Euronews Greek (720p),https://cdn-euronews.akamaized.net/live/eds/euronews-el/25068/index.m3u8
Euronews Hungarian (720p),https://cdn-euronews.akamaized.net/live/eds/euronews-hu/25075/index.m3u8
Euronews Italian (720p),https://acb6ca89.wurl.com/master/f36d25e7e52f1ba8d7e56eb859c636563214f541/UmxheHhUVi1ldV9FdXJvbmV3c0l0YWxpYW5vX0hMUw/playlist.m3u8
Euronews Portuguese (720p),https://jmp2.uk/plu-619e6614c9d9650007a2b171.m3u8
Euronews Russian (720p),https://cdn-euronews.akamaized.net/live/eds/euronews-ru/25071/index.m3u8
Euronews Spanish (720p),https://jmp2.uk/plu-60d3583ef310610007fb02b1.m3u8
Europa Plus TV (1080p),http://31.148.48.15/Europa_Plus_HD/index.m3u8
EUTV (720p),https://cdn.jmvstream.com/w/LVW-8719/LVW8719_AcLVAxWy5J/playlist.m3u8
Ev-tele (720p),https://playtv4k.live/live/EVTELE/index.m3u8
Evandis Gospel TV (1080p),https://evandis.streamakaci.tv/str_evandis_evandis/str_evandis_multi/playlist.m3u8
Evasion TV,https://kali.vdopanel.com:3788/hybrid/play.m3u8
Evavision,https://stmv2.voxtvhd.com.br/evavision/evavision/playlist.m3u8
Eventyrlig Oppussing,https://jmp2.uk/plu-61c1de93244e500007581d69.m3u8
Eveo (720p) [Not 24/7],https://live-fi.tvkaista.net/eveo/live.m3u8?hd=true
Everybody Hates Chris,https://jmp2.uk/plu-63a1cab19ab2df0007bf1c8b.m3u8
Everybody Hates Chris,https://jmp2.uk/plu-697b5a6c9567bf7b5f71a350.m3u8
Everybody Hates Chris,https://jmp2.uk/plu-697b5be36dc3c71eb14d728a.m3u8
Everyday Refresh (720p),https://qvc-amd-live.akamaized.net/hls/live/2034113/lsqvc6us/master.m3u8
EVI TV (720p),https://mistserver.evi-tv.com/hls/evi_tv_live/index.m3u8
Evidence of Evil (1080p),https://9e7adb64.wurl.com/master/f36d25e7e52f1ba8d7e56eb859c636563214f541/U2Ftc3VuZy1nYl9FdmlkZW5jZW9mRXZpbF9ITFM/playlist.m3u8
Evidence of Evil (720p),https://jmp2.uk/plu-64c37e47dac71b000809abab.m3u8
Evolucion TV (576p),https://edgectc.com/CTC_SAN_RAFAEL/index.m3u8
Evolution Earth (1080p),https://amg00276-amg00276c15-samsung-gb-3790.playouts.now.amagi.tv/playlist.m3u8
Evrokino HD (1080p),http://stream.mcquack.net/385/index.m3u8
Evrokom (360p),https://live.ecomservice.bg/hls/stream.m3u8
EWTN (720p) [Geo-blocked],https://cdn3.wowza.com/1/QjRzVXJtVml5SUVx/WGJRSWxz/hls/live/playlist.m3u8
EWTN Africa-Asia (720p),https://cdn3.wowza.com/1/ZVBYYXFLLzE0c3NC/Qk1FMURC/hls/live/playlist.m3u8
EWTN Asia-Pacific (720p),https://cdn3.wowza.com/1/QmVNUVhTNTZSS3Uz/YWQ0aHpi/hls/live/playlist.m3u8
EWTN Canada (720p),https://cdn3.wowza.com/1/YW5wSWZiRGd2eFlU/bGV0aVBq/hls/live/playlist.m3u8
EWTN Espana,https://cdn3.wowza.com/1/SmVrQmZCUXZhVDgz/b3J3MFJv/hls/q6xkg9py/480/chunklist.m3u8
EWTN Europe (720p),https://cdn3.wowza.com/1/T2NXeHF6UGlGbHY3/WFluRldQ/hls/live/playlist.m3u8
EWTN Germany (720p),https://cdn3.wowza.com/1/ZUkxSDBrZHlMbjVn/ZkhNRFNZ/hls/live/playlist.m3u8
EWTN Poland (1080p),https://cdn3.wowza.com/1/ZHdrMWt1NjlDSzFu/bzdDVG10/hls/live/playlist.m3u8
EWTN Spain & Latin America (720p),https://cdn3.wowza.com/1/SmVrQmZCUXZhVDgz/b3J3MFJv/hls/live/playlist.m3u8
EWTN Spanish (720p) [Geo-blocked],https://cdn3.wowza.com/1/TUI5dU5ucnUxdGFD/ZFlVeGRl/hls/live/playlist.m3u8
EWTN Ukraine (1080p),https://cdn3.wowza.com/1/WjduMm1tYnlwNXQx/M01NV3Uz/hls/live/playlist.m3u8
EWTN/Bonum TV,https://dash2.antik.sk/live/ewtn_bonum/index.m3u8
Ex On The Beach,https://jmp2.uk/plu-61c0909b872c650008ed42e4.m3u8
Ex On The Beach,https://jmp2.uk/plu-61c1d66518447e000717e4c2.m3u8
Ex On The Beach,https://jmp2.uk/plu-61c09072a09bbe00078f5692.m3u8
Exa TV,http://190.61.90.17:40000/play/a0hk/index.m3u8
Exclusiv TV,rtmp://89.28.25.122/live/tnt_md
Exitosa TV (1080p),http://190.93.224.42/EXITOSA/index.m3u8
Exodus TV (720p),https://584943999.r.worldssl.net/584943999/_definst_/vzivo/playlist.m3u8
Exploits TV,https://stream.berosat.live/hls/exploits-tv/exploits-tv.m3u8
Exploris (576p) [Not 24/7],http://89.38.8.130:39419
Explosión Creativa (720p) [Not 24/7],https://vcp.myplaytv.com/explosioncreativa/explosioncreativa/playlist.m3u8
Expo Channel (360p),https://tvsnhlslivetest.akamaized.net/hls/live/2034711/EXPO-MSL4/master.m3u8
Expresa TV (720p),https://5ca9af4645e15.streamlock.net/teleradio/smil:teleradio.smil/playlist.m3u8
Expresión TV (1080p),https://ssh101.bozztv.com/ssh101/expresiongrany/playlist.m3u8
Express Entertainment (1080p),https://ml-pull-dvc-myco.io:2096/EXPRESS_ENTERTAINMENT/index.m3u8
Expressen TV (1080p),https://cdn0-03837-liveedge0.dna.ip-only.net/03837-liveedge0/smil:03837-tx2/playlist.m3u8
Extra 86 TV (720p) [Not 24/7],https://video-eu1.streamerr.co/hls/sb77f834a54/live.m3u8
Extra ProNews (576p),http://62.1.176.18:8888/extra/index.m3u8
Extra TV (1080p),https://streaming.social3.hr/ExtraTVudzdhr5/uUankWqpXD/1.m3u8
Extra TV 42 (720p),https://d2n1wzrr0aogf5.cloudfront.net/ts:abr.m3u8
Extrema Kids TV [Not 24/7],https://627bb251f23c7.streamlock.net:444/ExtremaKids/ExtremaKids/playlist.m3u8
Extrema TV (720p),https://627bb251f23c7.streamlock.net:444/ExtremaTV/ExtremaTV/playlist.m3u8
Extrema TV (720p),http://livestreamcdn.net:1935/ExtremaTV/ExtremaTV/playlist.m3u8
Extreme Makeover Home Edition,https://jmp2.uk/plu-6661739641af6400080cd8f1.m3u8
Extreme Sports Channel (576p),http://46.32.176.50/extremesport/index.m3u8
F1 Channel (1080p) [Geo-blocked],https://amg12058-c15studio-amg12058c1-lg-us-5787.playouts.now.amagi.tv/playlist.m3u8
F10 HD (720p),http://15.204.246.24:8080/F10HD/index.m3u8
F.B.I. Files,https://jmp2.uk/plu-64eddce19001910008df22b8.m3u8
Fabulosa Estéreo 100.5 FM (720p),https://www.streaming507.net:19360/videofabulosa/videofabulosa.m3u8
Fail Army (720p),https://bd93cfed.wurl.com/master/f36d25e7e52f1ba8d7e56eb859c636563214f541/UmFrdXRlblRWLWV1X0ZhaWxBcm15X0hMUw/playlist.m3u8
FailArmy,https://jmp2.uk/plu-5f5141c1605ddf000748eb1b.m3u8
Failarmy,https://failarmy-international-it.samsung.wurl.tv/playlist.m3u8
FailArmy (720p),https://failarmy-international-gb.samsung.wurl.tv/playlist.m3u8
Failarmy International (720p),https://failarmy-international-au.samsung.wurl.tv/playlist.m3u8
Fairfield Government Access Channel 26 (Fairfield CA) (720p) [Geo-blocked],https://reflect-fairfield-ca.cablecast.tv/live-8/live/live.m3u8
Fairuz (1080p),https://shd-amg-fast.edgenextcdn.net/tx029/playlist.m3u8
Faites entrer l'accusé,https://jmp2.uk/plu-662a622b5e2370000800f392.m3u8
Faith TV (576p),https://cdn.freevisiontv.co.za/sttv/smil:faith.stream.smil/playlist.m3u8
Faith World TV (1080p),https://faithworldtv.abs.tv/1826926230/index.m3u8
Fajar TV (720p) [Not 24/7],http://122.248.43.242:1935/FAJARTV/_definst_/myStream/playlist.m3u8
Fakt Marathi (720p) [Not 24/7],https://cdn-6.pishow.tv/live/10002/master.m3u8
Fala Litoral (480p),https://5c483b9d1019c.streamlock.net/falalitoraltv/falalitoraltv/playlist.m3u8
Falastini TV (1080p),https://rp.tactivemedia.com/palestiniantv_source/live/playlist.m3u8
Famatv (1080p) [Not 24/7],https://tv2.fastcast4u.com:3310/live/famatvlive.m3u8
Fame95 FM (480p),https://rjr-fame.akamaized.net/hls/live/2033820/RJR_FAME/master.m3u8
Familia Visión HD [Not 24/7],https://584097344c1f0.streamlock.net/29/stream/playlist.m3u8
Familien fra Bryggen,https://jmp2.uk/plu-61c19c8c9863900007acaa57.m3u8
Family Feud (1080p),https://amg00145-amg00145c23-samsung-gb-7654.playouts.now.amagi.tv/playlist.m3u8
Family Feud (720p),https://jmp2.uk/plu-672e4d915534bb0008c50168.m3u8
Family Feud (720p),https://aegis-cloudfront-1.tubi.video/e1638fe1-8df0-470a-9fa9-b515ca7ca18e/master.m3u8
Family Feud Classic (1080p),https://amg00145-amg00145c3-xumo-us-3802.playouts.now.amagi.tv/playlist.m3u8
Family Feud Classic (720p),https://jmp2.uk/plu-64c2222fb0cf5c0008288c4f.m3u8
Family Feud Classic (720p),https://jmp2.uk/plu-643f03b9d8436e0008edf021.m3u8
Family Ties,https://jmp2.uk/plu-654a4a3ef91d250008ac089b.m3u8
Family Ties,https://jmp2.uk/plu-654a4f7bf9cc8200086877d5.m3u8
Family Ties,https://jmp2.uk/plu-654a510d986ad20008a45874.m3u8
Family Ties,https://jmp2.uk/plu-5f77939a630f530007dde654.m3u8
FAN (1080p),http://31.148.48.15/Fan/index.m3u8
FanDuel TV Extra (1080p),https://d1x2mlky5ieruz.cloudfront.net/v1/fanduelgroup_fandueltv_01/samsungheadend_us/latest/main/hls/playlist.m3u8
Fanduel TV Extra (720p),https://aegis-cloudfront-1.tubi.video/bf25c5e4-9d1e-4b3e-a6c3-5f5578a81382/playlist.m3u8
Fangene på Fortet,https://jmp2.uk/plu-65cb8bd911ced7000820bff2.m3u8
Fano TV (1080p),https://5cbd3bc28341f.streamlock.net:444/fanotv_live/_definst_/43DA-3923-9C72-4E9F/playlist.m3u8
FAP TV (720p),https://edge.enhdtv.com/faptv/index.m3u8
Faraja Television (1080p) [Not 24/7],https://panel.freedomflixtv.org:3868/hybrid/play.m3u8
Farg'ona MTRK,https://stream8.cinerama.uz/1458/tracks-v1a1/mono.m3u8
Farmland TV (720p),https://jmp2.uk/plu-663a15d7cb3ea10008edac88.m3u8
FarmodaTV (1080p),https://avr.host247.net/live/FarmodaTV/playlist.m3u8
Faro de Santidad TV (720p),https://5dbcd1053301e.streamlock.net:4443/farodesantidad/farodesantidad/playlist.m3u8
Faros TV2 (480p) [Geo-blocked],https://s1.cystream.net/live/faros2/playlist.m3u8
Farovisión (720p),https://streamtv.intervenhosting.net:3754/hybrid/play.m3u8
Farra Play (720p) [Not 24/7],http://159.203.148.226/live/farra.m3u8
Fars,https://ncdn.telewebion.ir/fars/live/playlist.m3u8
Farscape,https://jmp2.uk/plu-699c1b4c9c3b075ecd513139.m3u8
Fashion Finds (720p),https://qvc-amd-live.akamaized.net/hls/live/2034113/lsqvc5us/master.m3u8
Fashion&LifeStyle (1080p),http://stream.mcquack.net/119/index.m3u8
FashionBox,https://dash2.antik.sk/live/test_fashionbox_medium_atk/playlist.m3u8
FashionTV (720p),http://45.190.28.50/FASHION_TV_HD/index.m3u8
FashionTV Europe (1080p),https://68f1accef2154d2195cae87dec183843.mediatailor.us-east-1.amazonaws.com/v1/master/44f73ba4d03e9607dcd9bebdcb8494d86964f1d8/RakutenTV-eu_FashionTV/playlist.m3u8
FashionTV Paris L'Original (1080p),https://edge-fast3.evrideo.tv/bfdbb576-83f7-11f0-9f89-0200170e3e04_1000028043_HLS/manifest.m3u8
FashionTV Secrets (1080p),https://ssai.aniview.com/api/v1/hls/stream.m3u8?AVS_SSAIID=67c0c39764ad6f7dab07aa0b&AV_APPNAME=%5BADS.APP_NAME%5D&AV_APPPKGNAME=%5BADS.APP_BUNDLE%5D&AV_APPSTOREURL=%5BADS.APP_STORE_URL%5D&AV_CCPA=%5BADS.US_PRIVACY%5D&AV_CLIENT_SECTION=ftv_secrets&AV_CONSENT=%5BADS.GDPR_CONSENT%5D&AV_CONTENT_CAT=IAB7&AV_CONTENT_CHANNEL=&AV_CONTENT_CONTEXT=&AV_CONTENT_EPISODE=&AV_CONTENT_GENRE=fashion+and+lifestyle&AV_CONTENT_ID=%5BADS.VIDAA_ADS_CONTENTID%5D&AV_CONTENT_KEYWORDS=&AV_CONTENT_LANGUAGE=en&AV_CONTENT_LENGTH=&AV_CONTENT_NETWORK=&AV_CONTENT_PROVIDER=FTV&AV_CONTENT_RATING=R&AV_CONTENT_SEASON=&AV_CONTENT_SERIES=&AV_CONTENT_TITLE=&AV_CONTENT_URL=&AV_DNT=%5BADS.DNT%5D&AV_GDPR=%5BADS.GDPR%5D&AV_HEIGHT=%5BADS.H%5D&AV_IDFA=%5BADS.IFA%5D&AV_IFA_TYPE=%5BADS.IFA_TYPE%5D&AV_LANGUAGE=%5BADS.DEVICE_LANGUAGE%5D&AV_OSVERS=%5BADS.DEVICE_OSV%5D&AV_RTB_DEVICE_TYPE=%5BADS.DEVICE_TYPE%5D&AV_VAUTH=%2A%2A%2A&AV_WIDTH=%5BADS.W%5D&Content_Id=%5BADS.ADS_CONTENTID%5D&ads.vidaa_ads_param=1191723366&cb=%5BCACHEBUSTER%5D&content_channel_name=ftv+-fashiontv+Secrets&content_livestream=1
Fast&FunBox,https://dash3.antik.sk/live/test_fast_and_funbox_medium_atk/playlist.m3u8
Fateh TV (1080p) [Not 24/7],https://ott.livelegitpro.in/fatehtv/fatehtv/index.m3u8
Fauna (576p),http://stream.mcquack.net/401/index.m3u8
Fazal TV (1080p),http://cdn9.live247stream.com/punjabitvcanada/tv/playlist.m3u8
FB TV,http://1hskrdto.rocketcdn.com/fenerbahcetv.smil/playlist.m3u8
FBI Files,https://jmp2.uk/plu-62bdaa32a1b2fd00076693e8.m3u8
FBoy Island,https://jmp2.uk/plu-6790d6c7bc03978b9bfbfd44.m3u8
FC Public Media (Fort Collins CO) (1080p),https://reflect-fcpublicmedia.cablecast.tv/live-5/live/stream-1/live.m3u8
FCK Løvinderne,https://jmp2.uk/plu-68ac5403de4a734954b5ab75.m3u8
Fe Viviente (480p),https://stream.oursnetworktv.com/latin/feVivienteGtm/playlist.m3u8
Fear Factor (1080p),https://amg00627-banijaygroup-fearfactor-samsungau-9vdod.amagi.tv/playlist/amg00627-banijaygroup-fearfactor-samsungau/playlist.m3u8
Federalna televizija (720p),http://185.81.240.65:15000/udp/233.233.233.39:12000
Feel Good Drama,https://jmp2.uk/plu-65775af3b3801200084a3aa4.m3u8
Feel Good TV (720p) [Not 24/7],https://58c04fb1d143f.streamlock.net/feel_good_radio_1/feel_good_radio_1/playlist.m3u8
Fehérvár TV (360p),https://cloudfront44.lexanetwork.com:1344/freerelay/fehervartv.sdp/playlist.m3u8
FEM3,http://88.212.15.19/live/test_fem3_atktv/playlist.m3u8
Femenina TV,https://streamunoapp.com:3511/live/femeninatvlive.m3u8
Fernandina Beach City Meeting (Fernandina Beach FL) (720p) [Not 24/7],https://edge-f.swagit.com/live/fernandinabeachfl/live-1-a/playlist.m3u8
FETV (720p),http://40.160.24.56/FETV_SD/index.m3u8
FEVA MUSIC (1080p),https://dmecgxuzr2ywk.cloudfront.net/v1/master/9d062541f2ff39b5c0f48b743c6411d25f62fc25/DistroTV-MuxIP-FEVAMusic/417.m3u8?ads.vf=tnxM2v6NH4m
Feva Music (1080p),https://d2y0xw9ugf4if7.cloudfront.net/scheduler/scheduleMaster/417.m3u8
FEVA TV (1080p),https://d21x3vavxu7p2x.cloudfront.net/v1/master/9d062541f2ff39b5c0f48b743c6411d25f62fc25/DistroTV-MuxIP-FEVATV/416.m3u8?ads.vf=nn5CUAdOxVu
FGTEEV (1080p) [Geo-blocked],https://amg00285-amg00285c3-firetv-us-6596.playouts.now.amagi.tv/playlist.m3u8
FGTV (720p),https://fgtvlive.fgtv.com/smil:fgtv.smil/playlist.m3u8
FGTV,https://securestream11.champds.com/LIVE/FultonCoGALIVE/FultonCoGALIVE.m3u8
Fibwi (1080p) [Not 24/7],https://hostcdn3.fibwi.com/fibwi_diario/index.fmp4.m3u8
Ficom Channel (720p),https://v3.siar.us/ficomchannel/live/playlist.m3u8
Fides TV (720p),https://twitch-m3u8.bastypro112.workers.dev/radiofidesbolivia/index.m3u8
Fiesta TV,https://panelvideo1.intermediahost.co:3286/live/ruzfpkqklive.m3u8
FIFA+ (720p),https://jmp2.uk/plu-660c29b5aec9680008f5b4a4.m3u8
FIFA+ French (720p),https://37b4c228.wurl.com/master/f36d25e7e52f1ba8d7e56eb859c636563214f541/UmFrdXRlblRWLWZyX0ZJRkFQbHVzRnJlbmNoX0hMUw/playlist.m3u8
FIFA+ German (720p),https://4397879b.wurl.com/master/f36d25e7e52f1ba8d7e56eb859c636563214f541/UmFrdXRlblRWLWRlX0ZJRkFQbHVzR2VybWFuX0hMUw/playlist.m3u8
FIFA+ Hispanic America (720p),https://6c849fb3.wurl.com/master/f36d25e7e52f1ba8d7e56eb859c636563214f541/TEctbXhfRklGQVBsdXNTcGFuaXNoLTFfSExT/playlist.m3u8
FIFA+ Italy (720p),https://5d95f7d7.wurl.com/master/f36d25e7e52f1ba8d7e56eb859c636563214f541/UmFrdXRlblRWLWl0X0ZJRkFQbHVzSXRhbGlhbl9ITFM/playlist.m3u8
FIFA+ Portuguese (720p),https://e3be9ac5.wurl.com/master/f36d25e7e52f1ba8d7e56eb859c636563214f541/TEctYnJfRklGQVBsdXNQb3J0dWd1ZXNlX0hMUw/playlist.m3u8
FIFA+ Spain (720p),https://d63fabad.wurl.com/master/f36d25e7e52f1ba8d7e56eb859c636563214f541/UmFrdXRlblRWLWVzX0ZJRkFQbHVzU3BhbmlzaF9ITFM/playlist.m3u8
FIFA+ United States (720p),https://d2w9q46ikgrcwx.cloudfront.net/v1/master/3722c60a815c199d9c0ef36c5b73da68a62b09d1/cc-of5cbk3sav3w5/v1/sysdata_s_p_a_fifa_7/samsungheadend_us/latest/main/hls/playlist.m3u8
FIFA+ Women (720p),https://cffda8ff.wurl.com/master/f36d25e7e52f1ba8d7e56eb859c636563214f541/U2Ftc3VuZy1nYl9GSUZBUGx1c3dvbWVuX0hMUw/playlist.m3u8
Fight Network (1080p),https://d12a2vxqkkh1bo.cloudfront.net/hls/main.m3u8
Fight TV (1080p),https://streams2.sofast.tv/v1/master/611d79b11b77e2f571934fd80ca1413453772ac7/70e45fc8-1f6c-4492-ac26-9868f70f4e02/manifest.m3u8
FightBox,https://webtvstream.bhtelecom.ba/fightbox.m3u8
FilAmTV Network (1080p),https://cdn.vegasplus.us/vegas/ftv/playlist.m3u8
Filinfo TV (1080p),https://d2iqjnqfr8pv3b.cloudfront.net/out/v1/d09d2fc718404cd8bccd3eba2444dd70/index.m3u8
Film1 Action,http://86.87.15.10:8008/play/a01l/index.m3u8
Film1 Drama,http://86.87.15.10:8008/play/a01k/index.m3u8
Film1 Family,http://86.87.15.10:8008/play/a01m/index.m3u8
Film1 Premiere,http://86.87.15.10:8008/play/a01n/index.m3u8
Film4,http://88.212.15.19/live/film4_hun/index.m3u8
Film & Arts (1080p),http://15.204.246.24:8080/FilmArtsHD/index.m3u8
Film Cafe,http://88.212.15.19/live/film_cafe/index.m3u8
Film+,http://88.212.15.19/live/test_film_plus_25p/playlist.m3u8
Film+,http://88.212.15.19/live/film_plus_hun_atk/index.m3u8
Filmax (576p),https://s3.ideationtec.live/Filmax/Filmax.m3u8
Filmazia (576p),http://103.250.28.74:8000/play/a02k/index.m3u8
FilmBox,http://46.149.191.219:9100/play/a015
FILMBOX+ Action,https://polska.hach.workers.dev/14864.m3u8
FILMBOX+ Comedy Czechia,http://88.212.15.19/live/test_filmbox_family_atk_1200/playlist.m3u8
FILMBOX+ Comedy Magyar & Romania (576p),http://88.212.15.19/live/test_filmbox_family_hun_atk_1200/playlist.m3u8
FILMBOX+ Emotion Adria,https://webtvstream.bhtelecom.ba/filmbox_extra.m3u8
FILMBOX+ Emotion Bulgaria,http://213.91.179.28:8000/play/a04r
FILMBOX+ Emotion Czechia,http://88.212.15.19/live/test_film_boxextra_hd_hevc/playlist.m3u8
FILMBOX+ Emotion Hungary (1080p),http://88.212.15.19/live/test_filmbox_extra_hd_hun_atk_1200/playlist.m3u8
FILMBOX+ Festival,https://dash3.antik.sk/live/test_filmbox_arthouse_atk_1200/playlist.m3u8
FILMBOX+ Festival HD,https://webtvstream.bhtelecom.ba/filmbox_arthouse.m3u8
FILMBOX+ Hits Adria,https://webtvstream.bhtelecom.ba/filmbox_premium.m3u8
FILMBOX+ Hits Czechia,http://88.212.15.19/live/test_film_boxpremium_hd_hevc/playlist.m3u8
FILMBOX+ Hits Hungary,http://88.212.15.19/live/fb_premium_hungary/index.m3u8
FILMBOX+ Love & Crime,http://88.212.15.19/live/test_filmbox_plus_atk_1200/playlist.m3u8
FILMBOX+ Love & Crime Adria,https://webtvstream.bhtelecom.ba/filmbox_stars.m3u8
FILMBOX+ Love & Crime Bulgaria,http://213.91.179.28:8000/play/a066
FILMBOX+ One Bulgaria,http://213.91.179.28:8000/play/a06i
FILMBOX+ One Czechia,http://88.212.15.19/live/test_filmbox/playlist.m3u8
FILMBOX+ One Magyar,http://88.212.15.19/live/test_filmbox_plus_hun_atk_1200/playlist.m3u8
FILMBOX+ One Ukraine & Baltics (450p) [Geo-blocked],https://s70378.cdn.ngenix.net/filmbox/index.m3u8
Filmelier TV,https://jmp2.uk/plu-633dcebd80386500074a2461.m3u8
Filmes Suspense,https://jmp2.uk/plu-5f171d3442a0500007362f22.m3u8
Filmex (Xumo) (1080p) [Geo-blocked],https://filmex-filmex-xumo.amagi.tv/playlist.m3u8
Filmex Clásico (1080p) [Geo-blocked],https://filmex-filmexclasico-xumo.amagi.tv/playlist.m3u8
Filmgold (720p),https://jmp2.uk/plu-6305ca798bd95300072d2f93.m3u8
FilmGold Germany (1080p),https://mainstreamfilmgold-rakuten.amagi.tv/playlist.m3u8
FilmRise Anime (720p),https://dvu7aia8rjlfm.cloudfront.net/master.m3u8
FilmRise Binge Watch France (720p),https://d39g1vxj2ef6in.cloudfront.net/v1/master/3fec3e5cac39a52b2132f9c66c83dae043dc17d4/prod-rakuten-stitched/master.m3u8?ads.xumo_channelId=88883021
FilmRise Classic TV (720p),https://d2tv4k5moji5m7.cloudfront.net/v1/master/3722c60a815c199d9c0ef36c5b73da68a62b09d1/cc-lu4pzh9l4b57p/master.m3u8
FilmRise DeGrassi la nouvelle génération,https://d39g1vxj2ef6in.cloudfront.net/v1/master/3fec3e5cac39a52b2132f9c66c83dae043dc17d4/prod-rakuten-stitched/master.m3u8?ads.xumo_channelId=88883113
FilmRise Hot Ones (720p),https://d39g1vxj2ef6in.cloudfront.net/v1/master/3fec3e5cac39a52b2132f9c66c83dae043dc17d4/prod-rakuten-stitched/master.m3u8?ads.xumo_channelId=88883082
FilmRise Les Routes du Paradis (720p),https://d39g1vxj2ef6in.cloudfront.net/v1/master/3fec3e5cac39a52b2132f9c66c83dae043dc17d4/prod-rakuten-stitched/master.m3u8?ads.xumo_channelId=88883083
FilmRise Séries France (720p),https://d39g1vxj2ef6in.cloudfront.net/v1/master/3fec3e5cac39a52b2132f9c66c83dae043dc17d4/prod-rakuten-stitched/master.m3u8?ads.xumo_channelId=88883033
FilmRise Westerns (720p),https://dz05z8iljgvbe.cloudfront.net/master.m3u8
FilmRise Z Nation France (720p),https://d39g1vxj2ef6in.cloudfront.net/v1/master/3fec3e5cac39a52b2132f9c66c83dae043dc17d4/prod-rakuten-stitched/master.m3u8?ads.xumo_channelId=88883103
FilmUA Live,https://dash2.antik.sk/live/test_film_life_atktv/playlist.m3u8
FilmUADrama (1080p),http://88.99.215.227/FilmUADrama/index.m3u8
Filstalwelle (1080p),https://h055.video-stream-hosting.de/filstalwelle-live/_definst_/mp4:livestream/playlist.m3u8
Finans Turk TV (720p),https://yayin30.haber100.com/live/finansturk/playlist.m3u8
Finest TV (288p) [Not 24/7],https://media.finest.tv/hls/live.m3u8
Fireplace Vibes (2160p),https://d21izs34d0y5tl.cloudfront.net/Fireplace_4K_SONO20.m3u8
Fireplace Vibes (2160p) [Geo-blocked],https://pb-rhq7yj8tne4rm.akamaized.net/Fireplace_4K_SONO20.m3u8
First Channel News (1080p),https://amtvusdvr.tulix.tv/am3abr/index.m3u8
First India News (360p) [Not 24/7],https://xlbor37ydvaj-hls-live.wmncdn.net/firstindianewstv1/live.stream/index.m3u8
First Music Channel Russia (1080p),http://hls127.freeott.top:8080/1muz_HD/video.m3u8
Firstlight (576p),https://uni01rtmp.tulix.tv/firstlight/firstlight.smil/playlist.m3u8
Fish TV (720p),http://45.162.64.114/FISH_TV/index.m3u8
FITE 24/7 (1080p),https://d3d85c7qkywguj.cloudfront.net/v1/master/9d062541f2ff39b5c0f48b743c6411d25f62fc25/FiteTV-DistroTV/263.m3u8?ads.vf=d4xngnNL060
FITE 24/7 (1080p),https://d3d85c7qkywguj.cloudfront.net/scheduler/scheduleMaster/263.m3u8
Fix TV (720p) [Not 24/7],https://fixhd.tv:8082/fix/1080i/playlist.m3u8
Fixers and Flippers,https://jmp2.uk/plu-62fb62081afad500077e915e.m3u8
Flame TV (576p),https://viewmedia7219.bozztv.com/wmedia/viewmedia100/web_010/Stream/playlist.m3u8
Flash Haber TV,https://b01c02nl.mediatriple.net/videoonlylive/mtyycglqauzjhlive/broadcast_67c053c48829f.smil/playlist.m3u8
Flashpoint,https://jmp2.uk/plu-66d71ff86b63480008cf15c5.m3u8
Flashpoint,https://jmp2.uk/plu-66d7120815d2c60008cec006.m3u8
Flashpoint,https://jmp2.uk/plu-66a10eacfe11e500084c6925.m3u8
Flex Studio Radio TV [Not 24/7],https://live20.bozztv.com/akamaissh101/ssh101/fsradiotv/playlist.m3u8
Flicks of Fury,https://jmp2.uk/plu-58e55b14ad8e9c364d55f717.m3u8
Flipper,https://jmp2.uk/plu-68d277fb12bf71eaaed3e9f1.m3u8
Flipper: The New Adventures,https://jmp2.uk/plu-698ddd6ec144dcc29b866133.m3u8
Flipper: The New Adventures,https://jmp2.uk/plu-698dde17c7f3f49e64e3414a.m3u8
Flipper: The New Adventures,https://jmp2.uk/plu-698dde7c8b5c1e0795b85739.m3u8
Flipping Nation (720p),https://a64543d5.wurl.com/master/f36d25e7e52f1ba8d7e56eb859c636563214f541/UmFrdXRlblRWLWdiX0ZsaXBwaW5nTmF0aW9uX0hMUw/playlist.m3u8
Flipping Nation (720p),https://d3795432.wurl.com/master/f36d25e7e52f1ba8d7e56eb859c636563214f541/U2Ftc3VuZy1nYl9GbGlwcGluZ05hdGlvbl9ITFM/playlist.m3u8
Flipping Nation (720p),https://d21mkcgtx2frod.cloudfront.net/v1/aenetworks_flippingnation_1/samsungheadend_us/latest/main/hls/playlist.m3u8
FloHockey 24/7 (1080p),https://amg02278-amg02278c2-flosports-worldwide-9916.playouts.now.amagi.tv/playlist.m3u8
FloRacing 24/7 (1080p),https://amg02278-amg02278c1-distrotv-us-7534.playouts.now.amagi.tv/playlist/amg02278-flosports-floracing24x7-distrotvus/playlist.m3u8
FloRacing 24/7 (1080p),https://amg02278-amg02278c1-flosports-worldwide-7592.playouts.now.amagi.tv/playlist.m3u8
Flow Caribe,https://stream.ads.ottera.tv/playlist.m3u8?network_id=1083
Flowers TV (576p),http://103.72.101.252:8080/live/634.m3u8
Flowers TV USA,https://yuppmedtaorire.akamaized.net/v1/master/a0d007312bfd99c47f76b77ae26b1ccdaae76cb1/flowers_nim_https/050522/flowers/playlist.m3u8
Fluss Monster (1080p),https://rivermonstergermany-rakuten.amagi.tv/playlist.m3u8
Fluss-Monster,https://jmp2.uk/plu-62a0b2aff4cf470007e47e29.m3u8
FM ITALIA (1080p),https://stream2.xdevel.com/video0s975817-1183/stream/playlist.m3u8
FM Mundo (1080p),https://video2.makrodigital.com/fmmundo/fmmundo/playlist.m3u8
FM Plus TV (720p),https://v2.tustreaming.cl/fmplus/index.m3u8
FNX (1080p),https://fnx.lls.pbs.org/index.m3u8
FNX [Geo-blocked],https://castus-vod-dev.s3.amazonaws.com/vod_clients/kvcr/live/ch1/video.m3u8
Folcloreando TV,https://stmvideo6.livecastv.com/radioactivasanjuan/radioactivasanjuan/playlist.m3u8
Folk Klub (720p),http://tv1.intv.mk:1935/live2/folkklub/index.m3u8
Folk TV (1080p) [Not 24/7],https://stream.nasatv.com.mk/folktv/hls/folktv_live.m3u8
Folketinget (1080p) [Not 24/7],https://cdnapi.kaltura.com/p/2158211/sp/327418300/playManifest/entryId/1_24gfa7qq/protocol/https/format/applehttp/a.m3u8
Folklore TV (720p),https://play.folkloretv.pe/StreamSD/index.m3u8
Folx Music Television,https://folxapp.b-cdn.net/1080p/index.m3u8
Folx Slovenija,https://folxsloapp.b-cdn.net/1080p/index.m3u8
FomixTV (1080p),https://stream.fomixmedia.nl/FomixTV/video.m3u8
Fon Music (1080p),http://hls127.freeott.top:8080/TNT_MUSIC_HD/video.m3u8
FON Music (1080p),https://cdn-01.bonus-tv.ru/tntmusic/playlist.m3u8
FON Music (1080p),https://tntm.mediacdn.ru/cdn/tntmusic/playlist.m3u8
Fon Music (576p),http://stream.mcquack.net/317/index.m3u8
Fontana Community Television (720p) [Geo-blocked],https://reflect-watchkfon-fontana.cablecast.tv/live-3/live/live.m3u8
Fonte TV (1080p) [Not 24/7],http://flash.softhost.com.br:1935/fonte/fontetv/live.m3u8
Food Food (576p),https://mumt03.tangotv.in/Dsly5z3HFOODFOOD/index.m3u8
FoodTime (1080p),http://stream.mcquack.net/216/index.m3u8
Foot+,http://145.239.5.177/556a/index.m3u8
For lækker til love,https://jmp2.uk/plu-6272511cb389bb0007b30b09.m3u8
For You TV,https://stream.az-multimedia.com:3325/live/foryoutvlive.m3u8
Fora Tedio TV (720p),https://stmv2.srvif.com/foratedio/foratedio/playlist.m3u8
Forensic Files (720p) [Geo-blocked],https://pb-x9qsxrudiq9d2.akamaized.net/webvtt/v1/18584c3f3a2a4df8/88886014/master.m3u8
Forensic Files,https://jmp2.uk/plu-62e92392a3e6270007f562e8.m3u8
Forever Kids,https://jmp2.uk/plu-56171fafada51f8004c4b40f.m3u8
Forged In Fire (720p) [Geo-blocked],https://pb-7zbm16kmdn8iw.akamaized.net/v1/aenetworks_forgedinfire_1/samsungheadend_us/latest/main/hls/playlist.m3u8
Formula (1080p),https://c4635.cdn.xsg.ge/c4635/TVFormula/index.m3u8
Foro TV,https://mc.servidor.stream:19360/8274/8274.m3u8
Forsidefruer,https://jmp2.uk/plu-61c19dcefbb4b50007d242e1.m3u8
Fort Collins Cable TV (FCTV) (Fort Collins CO) (1080p),https://reflect-vod-fcgov.cablecast.tv/live-9/live/stream-1/live.m3u8
Fort Pierce Live Stream (Fort Pierce FL) (720p),https://edge-f.swagit.com/live/fortpiercefl/live-1-a/playlist.m3u8
FORT TV (480p),https://fort.co-works.org/memfs/87017643-274a-4bc0-a786-7767a0d159c2.m3u8
Fortaleza TV (1080p),https://multimedia.fortalezatv.cl/video/video.m3u8
Fortaleza TV Cueto (720p),https://twitch-m3u8.bastypro112.workers.dev/tvfortalezacueto/index.m3u8
Fortis TV,https://stream.fortistv.com/hls/fortis-news/index.m3u8
Fortuna TV (1080p),https://edge.taksimbilisim.com/ftvturk/bant1/playlist.m3u8
Fortuna TV (720p),https://edge1.socialsmart.tv/ftvturk/bant1/playlist.m3u8
FORTUNE TV (720p),http://103.215.194.93:8282/hls/fortunetv/vmix.m3u8
Foshan News TV,http://dslive.grtn.cn/fszh/sd/live.m3u8
Four in a Bed (720p),https://all3media-four-in-a-bed-1-au.samsung.wurl.tv/playlist.m3u8
Four in a Bed (720p),https://all3media-four-in-a-bed-1-nl.samsung.wurl.tv/playlist.m3u8
Four in a Bed (720p),https://all3media-four-in-a-bed-1-nz.samsung.wurl.tv/playlist.m3u8
Foursquare TV (360p) [Not 24/7],https://webstreaming-3.viewmedia.tv/web_033/Stream/playlist.m3u8
Fox [Not 24/7],http://315e5a5d.ottrast.com/iptv/MM4E93NGF5LADZ/6108/index.m3u8
Fox (576p),http://stream.mcquack.net/182/index.m3u8
Fox (1080p) [Geo-blocked],https://messi.damitv.st/papi/ts/fox-usa/playlist.m3u8
FOX 2 San Francisco CA (KTVU) (720p),https://aegis-cloudfront-1.tubi.video/8d9284ec-c451-4e51-a1d4-d16e5c8972af/index.m3u8
FOX 11 Green Bay WI (WLUK) (1080p),https://linear-702.frequency.stream/dist/stirr/702/hls/master/playlist.m3u8
FOX 13 Seattle WA (KCPQ) (720p),https://aegis-cloudfront-1.tubi.video/cc394198-7bde-43e8-b186-875bc0eb3037/index.m3u8
FOX 23 Cape Girardeau MO (KBSI-DT1) (720p) [Not 24/7],https://live.field59.com/kbsi/kbsi1/playlist.m3u8
Fox 25 Boston (WFXT-TV) (1080p) [Geo-blocked],https://pubads.g.doubleclick.net/ssai/event/1kItNgwtQUe54NjjBiiTGg/master.m3u8
FOX 25 Oklahoma City OK (KOKH) (1080p),https://linear-705.frequency.stream/dist/stirr/705/hls/master/playlist.m3u8
FOX 26 Visalia CA (KMPH) (1080p),https://linear-711.frequency.stream/dist/stirr/711/hls/master/playlist.m3u8
FOX 45 Baltimore MD (WBFF) (1080p),https://linear-688.frequency.stream/dist/stirr/688/hls/master/playlist.m3u8
Fox Business Network (720p),http://40.160.24.56/FOX_BUSINESS_SD/index.m3u8
Fox Deportes (720p),http://23.237.104.106:8080/USA_FOX_DEPORTES/index.m3u8
Fox Life (576p),http://stream.mcquack.net/129/index.m3u8
FOX LOCAL Los Angeles,https://jmp2.uk/plu-667f2c7b22acab0008b7072b.m3u8
Fox News Channel (720p),http://40.160.24.56/FOX_NEWS_SD/index.m3u8
Fox News Radio (720p),https://radiovid.foxnews.com/hls/live/661547/RADIOVID/index.m3u8
Fox Soul (1080p),https://foxsoul-vizio.amagi.tv/playlist.m3u8
FOX Sports (1080p),https://d1jzu95oc8fgt3.cloudfront.net/FOX_Sports.m3u8
FOX Sports (1080p) [Geo-blocked],https://amg02855-foxsports-amg02855c1-xumo-us-1755.playouts.now.amagi.tv/Fox-Sports-AmazonNews/playlist.m3u8
Fox Sports (720p),https://live-manifest.production-public.tubi.io/live/6035c7fd-efff-4ec7-93dc-aa0c7a58ba47/playlist.m3u8
Fox Sports (720p) [Not 24/7],https://futbol9865.ultratv13.workers.dev/deportivo111/78.m3u8
Fox Sports 1 (720p),http://85.237.89.160:9590/usa-s/FOX-SPORTS-1/index.m3u8
Fox Sports 2 (720p),https://ftv.itscwd273.workers.dev/?id=FOXSPORTS2
FOX Weather (1080p) [Geo-blocked],https://pb-hum8cczphcrpf.akamaized.net/FOX_Weather.m3u8
Fox West (720p),http://stream.cammonitorplus.net/1799/index.m3u8
France 3,http://85.14.32.26:8800/udp/239.100.10.144:5000
France 3 Cote d'Azur,http://89.187.185.76:8080/France3/index.m3u8
France 3 Lorraine (1080p),http://5.180.164.197:8080/FRANCE3/index.m3u8
France 4,http://176.65.146.100:8047/play/a074/index.m3u8
France 4 HD (1080p),https://sv1.data-stream.top/8c0a287e56a6e1843143904778be3775b4d3edd4fba4ffcc3f72638c7a71d4d4/hls/francetv4.m3u8
France 5 (720p),http://145.239.5.177/305/index.m3u8
France 24 Arabic (1080p),https://live.france24.com/hls/live/2037222-b/F24_AR_HI_HLS/master_5000.m3u8
France 24 English (1080p),https://live.france24.com/hls/live/2037218-b/F24_EN_HI_HLS/master_5000.m3u8
France 24 Español (1080p),https://live.france24.com/hls/live/2037220-b/F24_ES_HI_HLS/master_5000.m3u8
France 24 FAST English (1080p),https://amg00106-amg00106c1-rakuten-uk-4654.playouts.now.amagi.tv/playlist/amg00106-france24fast-france24-rakutenuk/playlist.m3u8
France 24 French (1080p),https://live.france24.com/hls/live/2037179-b/F24_FR_HI_HLS/master_5000.m3u8
Franchs TV (720p),https://stream.oursnetworktv.com/latin/franchstv/playlist.m3u8
Francophonie24 (1080p),https://5421175365ea3.streamlock.net/live/smil:switch.smil/playlist.m3u8
Franken Fernsehen (Nürnberg) (1080p) [Not 24/7],https://frankentv.iptv-playoutcenter.de/frankentv/frankentv.stream_1/playlist.m3u8
FrankenPlus (1080p),https://stream01.welocal.stream/stream/fhd-frankenplus_119/ngrp:stream_all/playlist.m3u8
Frasier,https://jmp2.uk/plu-62cebf042ffc6d0007c4e59a.m3u8
Frasier,https://jmp2.uk/plu-6400c095498393000878a634.m3u8
Frasier,https://jmp2.uk/plu-62f4f90e39183b000769f12b.m3u8
Frasier: Berühmte Gäste,https://jmp2.uk/plu-6790fa9e1cfc4aa96dfadcef.m3u8
FRATA TV (1080p) [Not 24/7],https://vdopanel.jlahozconsulting.com:3706/hybrid/play.m3u8
Frecuencia 7 TV (720p),https://v2.tustreaming.cl/frecuencia7/index.m3u8
Frecuencia Amazonica,https://vivatv.juanjuiserver.com:3349/live/frecuenciaamazonicalive.m3u8
Frecuencia F TV (1080p),https://tv.frecuenciaf.com/live/envivo_1080p4000kbs/index.m3u8
Frecuencia Musical TV [Not 24/7],https://s2.tvdatta.com:3307/hybrid/play.m3u8
Free Speech TV (720p),https://na.linear.zype.com/f2f02a72-71d0-45f3-829f-4ae51f721102/86ef0177-697d-41c4-be57-c4d1a2b83cad-hls4/live.m3u8
Freebie TV (720p) [Not 24/7],https://d1h1d6qoy9vnra.cloudfront.net/v1/master/9d062541f2ff39b5c0f48b743c6411d25f62fc25/Freebie-Plex/187.m3u8
FREEDOM (1080p),https://dash4.antik.sk/live/test_uatv/playlist.m3u8
Freeform (1080p),http://40.160.24.52/FREEFORM/index.m3u8
FreeTV Estelar (1080p),https://d38sud5af047z8.cloudfront.net/ftveu.m3u8
Fresh Movies by VVS Films (720p),https://jmp2.uk/plu-691e0561e32eb094b835c418.m3u8
Fresh News,http://streaming-android.freshnewsasia.tv:1935/live/ngrp:myStream_all/playlist.m3u8
Fresno CMAC 1 Public Channel (720p),https://reflect-vod-cmac.cablecast.tv/live-11/live/stream-1/live.m3u8
Fresno CMAC 2 Education Channel (720p),https://reflect-vod-cmac.cablecast.tv/live-11/live/stream-2/live.m3u8
Fresno CMAC 3 Government Channel (720p),https://reflect-vod-cmac.cablecast.tv/live-11/live/stream-3/live.m3u8
Friday! (576p),http://stream.mcquack.net/181/index.m3u8
FrightFlix (720p),https://stream-us-east-1.getpublica.com/playlist.m3u8?network_id=2229
Frikanalen (720p),https://frikanalen.no/stream/index.m3u8
Fristet,https://jmp2.uk/plu-6969fc6c3b9ce349c9e41670.m3u8
Frusna Vägar,https://jmp2.uk/plu-61c19099bf8c520007a93cff.m3u8
FS1 Salzburg (720p) [Not 24/7],http://stream.fs1.tv:8080/hls/webstream.m3u8
FTF Sports (720p),https://1593604785.rsc.cdn77.org/FTF/FTF_SCTE.m3u8
FTV (720p),https://master.tucableip.com/ftvhd/index.m3u8
FTV (576p),https://stream8.cinerama.uz/1018/playlist.m3u8
FTV (民視) (720p) [Not 24/7],http://seb.sason.top/ptv/ftv.php?id=ms
FTV One (民視第一台) (720p) [Not 24/7],http://seb.sason.top/ptv/ftv.php?id=dy
FTV Taiwan (民視台灣台) (720p) [Not 24/7],http://seb.sason.top/ptv/ftv.php?id=tw
fubo Sports Network (1080p),https://dnf08l6u6uxnz.cloudfront.net/master.m3u8
Fuego TV [Not 24/7],https://streamunoapp.com:3553/live/cromtvlive.m3u8
FuegoTV (1080p),http://bantel-cdn1.iptvperu.tv:1935/btnscrtn/fuegotv.stream/playlist.m3u8
Fuel TV (1080p),https://amg01074-fueltv-fueltvau-samsungau-g09kq.amagi.tv/playlist/amg01074-fueltv-fueltvau-samsungau/playlist.m3u8
FUEL TV (1080p),https://amg01074-fueltv-fueltvemeaen-rakuten-b6j62.amagi.tv/hls/amagi_hls_data_rakutenAA-fueltvemeaen/CDN/master.m3u8
Fuel TV (1080p),https://amg01074-fueltv-amg01074c1-stirr-us-4214.playouts.now.amagi.tv/playlist.m3u8
Fuel TV (1080p) [Geo-blocked],https://amg01074-fueltv-amg01074c1-firetv-us-3150.playouts.now.amagi.tv/playlist.m3u8
Fuerteventura TV (1080p),https://5c0956165db0b.streamlock.net/ftv/directo/.m3u8
Fujairah TV (720p),https://live.kwikmotion.com/fujairahlive/fujairah.smil/playlist.m3u8
Fujian Comprehensive Channel,http://120.39.52.202:5140/%E7%A6%8F%E5%BB%BA%E7%BB%BC%E5%90%88
Fun Roads (720p),https://stream-us-east-1.getpublica.com/playlist.m3u8?network_id=978
Fun Vision,https://funradiovisionhd.vedge.infomaniak.com/livecast/ik:funradiovisionhd/manifest.m3u8
FunBox,http://186.148.196.100:8000/play/a00d
FunBox UHD,https://webtvstream.bhtelecom.ba/funbox.m3u8
Funny AF,https://jmp2.uk/plu-65a6a5e90c7ff50008cb9815.m3u8
Funny AF,https://jmp2.uk/plu-580e87ff497c73ba2f321dd3.m3u8
Fury,https://jmp2.uk/plu-6270ea4345f5bc0007823048.m3u8
Fuse (1080p),http://23.237.104.106:8080/USA_FUSE/index.m3u8
FUSION TV (1080p),https://edge20.vedge.infomaniak.com/livecast/ik:fusiontv/manifest.m3u8
Futbol (1080p),https://live.teleradiocom.tj/8/3m.m3u8
Futbol TV (1080p),http://stream3.cinerama.uz/1010/tracks-v1a1/mono.m3u8
Futura (720p),http://168.197.104.22/FUTURA/index.m3u8
Future TV (1080p),https://live.kwikmotion.com/futurelive/ftv.smil/playlist.m3u8
FUTV,http://190.61.90.17:40000/play/a03v/index.m3u8
FX (1080p),http://23.237.104.106:8080/USA_FX/index.m3u8
FX Latin America (1080p),http://15.204.246.24:8080/FXHD/index.m3u8
FX Latin America South (720p),http://72.1.184.5:8089/play/a05i/index.m3u8
FX Movie Channel (720p),http://40.160.24.56/FXM_SD/index.m3u8
FX TV 1,https://fxtvhls.wns.live/hls/stream.m3u8
FX TV 2,https://toonixhls.wns.live/hls/stream.m3u8
FXX (1080p),http://23.237.104.106:8080/USA_FXX/index.m3u8
G-eye TV (1080p),https://online.geyetv.com/hls/stream.m3u8
Gagsnetwork (576p),http://hls127.freeott.top:8080/Gagsnetwork/video.m3u8
Gainesville Community 12TV (Gainesville FL) (720p),https://lin10.isilive.ca/live/gainesville/live/index.m3u8
Gaki no Tsukai (English Subs) (720p),https://hamada.gaki-no-tsukai.stream/hls/test.m3u8
Galactica TV,https://stream.neux.site/memfs/e3f59eec-6b93-45e1-a2ab-c82381c2a9ec.m3u8
Galaxia TV (360p),https://streaming.grupomediosdelnorte.com:19360/galaxiateve/galaxiateve.m3u8
Galaxy4,https://budapest-cache-1.antik.sk/live/test_galaxy_4_atk_1200/playlist.m3u8
Galaxy TV (720p) [Not 24/7],https://stream.castr.com/6463248048d6cd3e143655b2/live_43351ad0f3b411ed81c78fcc31887c54/index.fmp4.m3u8
Galicia TV Europa (720p),https://crtvg-europa.flumotion.cloud/playlist.m3u8
Galveston County TV (720p) [Not 24/7],https://edge-f.swagit.com/live/galvestontx/smil:hd-16x9-1-a/playlist.m3u8
Galxy TV (720p),https://stream-us-east-1.getpublica.com/playlist.m3u8?network_id=2230
Gamavision (1080p),http://45.224.97.181:9999/Gamavision/index.m3u8
Gambero Rosso (720p),https://jmp2.uk/plu-6971fc07c945e6e4e5bc46bf.m3u8
Game & Fish TV (1080p),https://d32bh11mbsmi60.cloudfront.net/Game_Fish_TV.m3u8
Game Show Central (720p),https://jmp2.uk/plu-5e54187aae660e00093561d6.m3u8
Game Show Network East (720p) [Not 24/7],https://a-cdn.klowdtv.com/live2/gsn_720p/playlist.m3u8
Game+ (720p),https://a-cdn.klowdtv.com/live2/fntsy_720p/playlist.m3u8
Gametoon,https://webtvstream.bhtelecom.ba/gametoon.m3u8
GAMTV.cr (720p),https://v2.azulstream.com:8081/gamtv/gamtv/index.m3u8
Gandan TV (1080p),https://cdn4.skygo.mn/live/disk1/GTV/DASH-FTA/GTV.mpd
Gangaur TV (1080p),https://pbgangaur.wiseplayout.com/Gangaur/master.m3u8
Ganj e Hozour TV (1080p),https://media.parvizshahbazi.com/ganjehozour/Main_tv/playlist.m3u8
Garabito TV (720p),https://59ef525c24caa.streamlock.net/garabitoTV/garabitotv/playlist.m3u8
Garage TV Latin America,https://stream1.sersat.com/hls/garagetv.m3u8
Gardenias TV (720p) [Not 24/7],https://stream.oursnetworktv.com/latin/gardeniasTv/playlist.m3u8
Gardening With Monty Don (720p),https://aegis-cloudfront-1.tubi.video/b82a751c-18e0-417c-92c1-d476319da423/playlist.m3u8
Gardening with Monty Don,https://all3media-gardening-with-monty-don-us.xumo.wurl.tv/playlist.m3u8
Garfield and Friends,https://jmp2.uk/plu-677f927554f43dad4b3258aa.m3u8
Garshom TV (360p) [Not 24/7],https://og2qd3aal7an-hls-live.5centscdn.com/garshomtv/d0dbe915091d400bd8ee7f27f0791303.sdp/playlist.m3u8
Garuda TV (1080p),https://hgmtv.com:19360/garudatvlivestreaming/garudatvlivestreaming.m3u8
Gata salvaje,https://jmp2.uk/plu-69c5100c3d2597380f0f6422.m3u8
Gaunda Punjab TV (720p),http://cdn6.live247stream.com/gaundapunjab/tv/playlist.m3u8
Gaviota TV [Not 24/7],https://gaviotatv.streamseguro.com:3195/live/gaviotatvlive.m3u8
Gazi TV (1080p),http://tvn1.chowdhury-shaheb.com/gazitv/index.m3u8
GB News (1080p),https://amg01076-lightningintern-gbnewsau-samsungau-et7fz.amagi.tv/playlist/amg01076-lightningintern-gbnewsau-samsungau/playlist.m3u8
GB News HD (2160p),https://xemzi.short.gy/1000017
GBN Global Buddhist Network (1080p),https://github.com/BellezaEmporium/IPTV_Exception/raw/master/channels/us/gbnus.m3u8
GBS TV (720p) [Not 24/7],https://goliveafrica.media:9998/live/647460ac1ddd6/index.m3u8
GCN24 Korean (720p),http://liveko24-manminglobal3.ktcdn.co.kr/liveko24/gcnko_1300k.stream/playlist.m3u8
GDS TV,http://31.146.5.178:8087/play/a00a/index.m3u8
ge Fast (1080p),https://amg00716-globo-amg00716c1-tcl-br-9495.playouts.now.amagi.tv/playlist.m3u8
Geb Tv (KBPX LD5) (1080p),https://edge1.lifestreamcdn.com/live/geb/playlist.m3u8
Geekdot (720p),https://stream.ichibantv.com:3764/hybrid/play.m3u8
GEM 24B,https://ca-rt.onetv.app/gem24b/index-0.m3u8?token=%2A%2A%2A
GEM Bollywood,https://ca-rt.onetv.app/gembollywood/index-0.m3u8?token=%2A%2A%2A
GEM Classic,https://ca-rt.onetv.app/gemclassic/index-0.m3u8?token=%2A%2A%2A
GEM Comedy,https://ca-rt.onetv.app/gemcomedy/index-0.m3u8?token=%2A%2A%2A
GEM Drama,https://ca-rt.onetv.app/gemdrama/index-0.m3u8?token=%2A%2A%2A
GEM Drama Plus,https://ca-rt.onetv.app/gemdramaplus/index-0.m3u8?token=%2A%2A%2A
GEM Entertainment,https://ca-rt.onetv.app/gementertainment/index-0.m3u8?token=%2A%2A%2A
GEM Film,https://ca-rt.onetv.app/gemfilm/index-0.m3u8?token=%2A%2A%2A
GEM Fit,https://ca-rt.onetv.app/gemfit/index-0.m3u8?token=%2A%2A%2A
GEM Food,https://ca-rt.onetv.app/gemfood/index-0.m3u8?token=%2A%2A%2A
GEM Junior,https://ca-rt.onetv.app/gemjunior/index-0.m3u8?token=%2A%2A%2A
GEM Kids,https://ca-rt.onetv.app/gemkids/index-0.m3u8?token=%2A%2A%2A
GEM Life,https://ca-rt.onetv.app/gemlife/index-0.m3u8?token=%2A%2A%2A
GEM Mifa,https://ca-rt.onetv.app/gemmifa/index-0.m3u8?token=%2A%2A%2A
GEM Mifa Plus,https://ca-rt.onetv.app/gemmifaplus/index-0.m3u8?token=%2A%2A%2A
GEM Nature,https://ca-rt.onetv.app/gemnature/index-0.m3u8?token=%2A%2A%2A
GEM Onyx,https://ca-rt.onetv.app/gemonyx/index-0.m3u8?token=%2A%2A%2A
GEM Pixel,https://glserver1.tamashaland.com/live/aBCH96886YznRbGOiqTnnQ__/stream_0.m3u8
GEM River,https://ca-rt.onetv.app/gemriver/index-0.m3u8?token=%2A%2A%2A
GEM River Plus,https://ca-rt.onetv.app/gemriverplus/index-0.m3u8?token=%2A%2A%2A
GEM Rubix,https://ca-rt.onetv.app/gemrubix/index-0.m3u8?token=%2A%2A%2A
GEM Rubix Plus,https://ca-rt.onetv.app/gemrubixplus/index-0.m3u8?token=%2A%2A%2A
GEM Series Plus,https://ca-rt.onetv.app/gemseriesplus/index-0.m3u8?token=%2A%2A%2A
Gem Shopping Network (720p),https://amg01460-gemshoppingnetw-gem-ono-x662c.amagi.tv/playlist.m3u8
GEM Sport,https://steep-wildflower-284d.nhhwkiszzzvcuojxdo.workers.dev/?url=https%3A%2F%2Fgg.hls2.xyz%2Flive%2FIR+-+GEM+Sport%2Fchunks.m3u8
GEM TV,https://ca-rt.onetv.app/gem/index-0.m3u8?token=%2A%2A%2A
GEM TV Plus,https://ca-rt.onetv.app/gemtvplus/index-0.m3u8?token=%2A%2A%2A
Gems TV (720p),https://lo3.gemporia.com/abrgemporiaukgfx/smil:livestream.smil/playlist.m3u8
Gen,https://gentvpeer.desdeparaguay.net/gentvpeer/gentv_py_alta/master.m3u8
Generation Sitcoms (1080p),https://production-fastbpk.content.okast.tv/fa2e8c4385712f9aa35c5b79a2b4ac2d/channels/eec463a6-4364-473b-8d89-555acc5b8fb2/e36e4304-73ff-4f9f-8d38-e748576a1f51/media_.m3u8
Génération Sitcoms,https://jmp2.uk/plu-60afb203ec391c00070ea1bf.m3u8
Generations TV (576p),https://event.vedge.infomaniak.com/livecast/ik:generation-tv/manifest.m3u8
Génesis TV (768p) [Not 24/7],https://cdn.streamhispanatv.net:3126/live/genesistvlive.m3u8
Genial TV (720p),https://v1.tustreaming.cl/genialtv/index.m3u8
Genie K Drama (1080p),https://ads.its-newid.net/api/manifest.m3u8?ads.service_id=US2000012KX&channel_id=newid_351&tp=samsung_tvplus
Genie K Movie (1080p),https://ads.its-newid.net/api/manifest.m3u8?ads.service_id=US200001137&channel_id=newid_350&tp=samsung_tvplus
Genios TV (1080p),https://sc3.wasidata.com/Genios2_1902/video.m3u8
Geordie Shore,https://jmp2.uk/plu-65c4960d11ced7000812c433.m3u8
Geordie Shore,https://jmp2.uk/plu-619263ee9541940007d20d60.m3u8
Geordie Shore,https://jmp2.uk/plu-6442512cee6a2f0008d3351f.m3u8
Geordie Shore,https://jmp2.uk/plu-64424a1d5a0cd500083ed27c.m3u8
Geordie Shore,https://jmp2.uk/plu-64424be3e94c380008d0a66d.m3u8
Germany Shore,https://jmp2.uk/plu-6447dea7e94c380008dba94c.m3u8
Get.Factual (720p),https://d1nhni5l2n8hjt.cloudfront.net/gf.m3u8
Gex TV (1080p),https://live20.bozztv.com/akamaissh101/ssh101/gextvaccess/playlist.m3u8
GFN Football (1080p),https://e562e489.wurl.com/master/f36d25e7e52f1ba8d7e56eb859c636563214f541/U2Ftc3VuZy1nYl9HRk5Tb2NjZXJfSExT/manifest.m3u8
GH Television (1080p) [Not 24/7],https://fox.hostlagarto.com:8081/ghtelevision/tracks-v1a1/mono.m3u8
Ghost (720p),https://9485e5d3.wurl.com/master/f36d25e7e52f1ba8d7e56eb859c636563214f541/UmFrdXRlblRWLWV1X0dob3N0SU5UTF9ITFM/playlist.m3u8
Ghost Dimension,https://jmp2.uk/plu-619e1bb3e9af5a0007f235ad.m3u8
Ghost Hunters (1080p),https://amg00353-amg00353c30-samsung-au-3440.playouts.now.amagi.tv/playlist.m3u8
Ghost Stories (720p),https://d3qindbjv75wld.cloudfront.net/v1/ae_networks_unxplainedzonehauntings_1/samsungheadend_us/latest/main/hls/playlist.m3u8
Ghost TV (712p) [Not 24/7],https://stmv.video.expressolider.com.br/ghostv/ghostv/playlist.m3u8
Gi Television (720p) [Not 24/7],https://canal.gitelevisionserver.com/live/DIEEFIh506fL8huspvl0f0c2PZF3/index.m3u8
Gigant FM (720p),https://video.uitzending.tv:19360/gigantfm/gigantfm.m3u8
Gigavision (720p),https://tv2.bitstreaming.net:3576/multi_live/play.m3u8
Giggle Mug (576p),https://tvsen6.aynaott.com/ytv/index.m3u8
Gigolos,https://jmp2.uk/plu-68d27437e6767bdeb23f0336.m3u8
Gillette Public Access Television Channel 189,https://securestream11.champds.com/LIVE/GilletteWYLIVE3/GilletteWYLIVE3.m3u8
Gillette Public Access Television Channel 190,https://securestream11.champds.com/LIVE/GilletteWYLIVE/GilletteWYLIVE.m3u8
Gillette Public Access Television Channel 192,https://securestream11.champds.com/LIVE/GilletteWYLIVE2/GilletteWYLIVE2.m3u8
Gilroy CMAP TV Channel 17 (720p),https://livestream.telvue.com/cmap1/f7b44cfafd5c52223d5498196c8a2e7b.sdp/playlist.m3u8
Gilroy CMAP TV Channel 18 (720p),https://livestream.telvue.com/cmap3/f7b44cfafd5c52223d5498196c8a2e7b.sdp/playlist.m3u8
Gilroy CMAP TV Channel 19 (720p),https://livestream.telvue.com/cmap4/f7b44cfafd5c52223d5498196c8a2e7b.sdp/playlist.m3u8
Gilroy CMAP TV Channel 20 (720p),https://livestream.telvue.com/cmap5/f7b44cfafd5c52223d5498196c8a2e7b.sdp/playlist.m3u8
Giornale Radio TV (720p),https://5f204aff97bee.streamlock.net/GR_tv/livestream/playlist.m3u8
Giovanni Paolo TV (1080p),https://media2021.rtvweb.com/giovannipaolotv/web/playlist.m3u8
Girasol TV (1080i),https://s.emisoras.tv:8081/girasoltv/index.m3u8
Girlfriends,https://jmp2.uk/plu-66ba1e4446762a000855cd87.m3u8
GIT (720p),https://stream.uagit.tv/gittv.m3u8
Glazami Turista (576i),https://stream8.cinerama.uz/1423/tracks-v1a1/mono.m3u8
Glendale 11 AZ (360p),https://edge-f.swagit.com/live/glendaleaz/live-1-a-1/playlist.m3u8
Glendale TV (720p) [Geo-blocked],https://reflect-gtv6-glendale.cablecast.tv/live-2/live/live.m3u8
Gli Immortali | Van Damme vs Lundgren (720p),https://jmp2.uk/plu-6536608b4f123d000876b78b.m3u8
Global Christian Network America (GCN) (720p),http://liveen24-manminglobal3.ktcdn.co.kr/liveen24/gcnus_1300k.stream/playlist.m3u8
Global Fashion Channel (1080p),https://pubgfc.teleosmedia.com/linear/globalfashionchannel/globalfashionchannel/playlist.m3u8
Global News BC,https://jmp2.uk/plu-62cbf063257170000724590c.m3u8
Global News Calgary,https://jmp2.uk/plu-62cbf23dcfb48300077f8348.m3u8
Global News Edmonton,https://jmp2.uk/plu-62cbf2de1fba5f0007e47d9c.m3u8
Global News Halifax,https://jmp2.uk/plu-62cbf398b8e02600071deda5.m3u8
Global News Kingston,https://jmp2.uk/plu-62cbf4964446e2000742073e.m3u8
Global News Lethbridge,https://jmp2.uk/plu-62cbf7439cb58900088dc77b.m3u8
Global News Montreal,https://jmp2.uk/plu-62cbfbd6ad95670007f567af.m3u8
Global News National (720p),https://jmp2.uk/plu-62cbef9ebb857100072fc187.m3u8
Global News Okanagan (720p),https://jmp2.uk/plu-62cbfc572dc3750007a493ce.m3u8
Global News Peterborough,https://jmp2.uk/plu-62cbfcd8c2db990007861e43.m3u8
Global News Regina,https://jmp2.uk/plu-62cbff53ca8f2200080253b5.m3u8
Global News Saskatoon,https://jmp2.uk/plu-62cc00359cb58900088dc840.m3u8
Global News Toronto,https://jmp2.uk/plu-62cc00b3b821cf00070f82c3.m3u8
Global News Winnipeg,https://jmp2.uk/plu-62cc0120880c890007191016.m3u8
Global Punjab (1080p),https://server.livelegitpro.in/globalpunjab/globalpunjab/index.m3u8
Global Social TV (720p) [Not 24/7],https://stream.castr.com/6809124f3f3e7e594c63cf15/live_8e5d0b50206a11f08690576446b3c082/index.fmp4.m3u8
Global TV (720p),https://stmv4.voxtvhd.com.br/globaltv/globaltv/playlist.m3u8
Global TV (1080p),https://cdn4.skygo.mn/live/disk1/GlobalTV/DASH-FTA/GlobalTV.mpd
Global TV (1080p),http://190.93.224.42/GLOBAL/index.m3u8
GlobalTV (480p) [Not 24/7],https://streamtv.intervenhosting.net:3179/live/globaltvlive.m3u8
GlobalWorldTV (720p),https://media.streambrothers.com:1936/8052/8052/playlist.m3u8
Globo TV (1080p) [Not 24/7],https://panel.dattalive.com/8122/8122/playlist.m3u8
Globo TV (720p) [Geo-blocked],https://stream.streaming4u.hu/GloboTV/index.m3u8
GloboNews (720p),http://177.52.24.163/GLOBO-NEWS-HD/index.m3u8
Globoplay Novelas (1080p),http://170.82.202.31/Viva/index.m3u8
Globovision (576p),http://181.78.8.199:8000/play/a09k/index.m3u8
Gloob (576p),http://45.235.0.78/Gloob/playlist.m3u8
Gloob Web [Not 24/7],https://vs20.live.opencaster.com/globiosat_73a904af/index.m3u8
Gloobinho (720p),http://177.52.24.163/GLOOBINHO-HD/index.m3u8
GLORY Kickboxing (720p),https://6f972d29.wurl.com/master/f36d25e7e52f1ba8d7e56eb859c636563214f541/UmFrdXRlblRWLWV1X0dsb3J5S2lja2JveGluZ19ITFM/playlist.m3u8
GM7 Digital [Not 24/7],https://s2.tvdatta.com:3858/live/gm7digitallive.m3u8
GMA TV (480p) [Not 24/7],https://streams.comclark.com/pknsd/gma_7/playlist.m3u8
GMM 25 (720p),https://lb1-live-mv.v2h-cdn.com/hls/ffbf/ugvhgvh/ugvhgvh.m3u8
GMS TV,https://acasmedia6.acangroup.org/gmstv/gmstv_output/playlist.m3u8
GMTV (1080p),https://livechannel.mdc.akamaized.net/stitch/livechannel/1341/master1400000.m3u8;session=live_stream_1341
GNF TV (576p),https://oqgdrb8my4rm-hls-live.5centscdn.com/GNF02/bcea197d8b00f79cb716c6288a861000.sdp/playlist.m3u8
GNN TV (1080p),https://na.linear.zype.com/bf94f9f4-383c-40e0-9d49-279a4f33ab8d/f29b8836-d990-4c8d-b421-192a8f43edc4-zype/live.m3u8
Gnomi TV (1080p),https://live.streams.ovh:8081/gnomitv/index.m3u8
GNT (1080p),http://170.82.202.31/GNT/index.m3u8
Go3 Sport 1 (1080p),http://stream.mcquack.net/416/index.m3u8
Go Go Gadget!,https://jmp2.uk/plu-667f3852efa2a10008e1e514.m3u8
GO TV (720p),https://rds3.desdeparaguay.net/gotv/gotv/playlist.m3u8
Go USA TV (720p),https://brandusa-gousa-1-be.samsung.wurl.tv/playlist.m3u8
GO-TV Canale 163 (720p),https://6zklxkbbdw9b-hls-live.mariatvcdn.it/msmotor/2f759512164fc6fe4acbed6a5648993a.sdp/playlist.m3u8
Goal TV,https://streams2.sofast.tv/sofastplayout/WiseM3U8_1/master.m3u8
God Stands Kids Club TV Arabic,https://online.godstands.tv:5443/WebRTCApp/streams/KidsArabic.m3u8
God Stands Kids Club TV Chinese,https://online.godstands.tv:5443/WebRTCApp/streams/KidsChinese.m3u8
God Stands Kids Club TV English,https://online.godstands.tv:5443/WebRTCApp/streams/kidsenglish.m3u8
God Stands Kids Club TV Urdu,https://online.godstands.tv:5443/WebRTCApp/streams/KidsUrdu.m3u8
God Stands TV,https://online.godstands.tv:5443/WebRTCApp/streams/mainlive.m3u8
God Stands TV Arabic,https://online.godstands.tv:5443/WebRTCApp/streams/Arabic.m3u8
God Stands TV Chinese,https://online.godstands.tv:5443/WebRTCApp/streams/chineselive.m3u8
God Stands TV English,https://online.godstands.tv:5443/WebRTCApp/streams/EnglishStreaming.m3u8
God Stands TV Hindi,https://online.godstands.tv:5443/WebRTCApp/streams/HindiStreaming.m3u8
God Stands TV Punjabi,https://online.godstands.tv:5443/WebRTCApp/streams/PunjabiStreaming.m3u8
God Stands TV Tagalog,https://online.godstands.tv:5443/WebRTCApp/streams/Tagalog.m3u8
God Stands TV Urdu,https://online.godstands.tv:5443/WebRTCApp/streams/UrduStreaming.m3u8
GOD TV (720p),https://ott.god.tv/live/us/master.m3u8
GOD TV (396p),https://d1msejlow1t3l4.cloudfront.net/211125/godtv/chunks.m3u8
God's Learning Channel (480p),https://2-fss-1.streamhoster.com/pl_122/200562-1176456-1/playlist.m3u8
Goiena Eus (720p),https://zuzenean.goienamedia.eus/goiena-telebista.m3u8
Golazo Network (720p),https://jmp2.uk/plu-63a0e33a45264d000850ed7e.m3u8
Gold Star,https://moviethls.wns.live/hls/stream.m3u8
Gold TV (576p),https://streaming.softwarecreation.it/GoldTv/GoldTv/playlist.m3u8
Gold TV Sat (576p),https://streaming.softwarecreation.it/GoldTvSat/GoldTvSat/playlist.m3u8
Golden (1080p),http://38.19.41.46:8081/MTV/index.m3u8
Golden Boy,https://goldenboy.duckhunting.playout.vju.tv/DuckhuntingTV_GoldenBoy/main.m3u8
Golden Community Television (GCO.tv) (Golden CO) (1080p),https://reflect-golden-co.cablecast.tv/live-3/live/live.m3u8
Golden Edge (1080p),http://38.19.41.46:8081/GOLDENEDGE/index.m3u8
Goldmines (576p),http://103.175.73.12:8080/live/53/53_0.m3u8
Goldmines 2 (576p),https://cdn-2.pishow.tv/live/1460/master.m3u8
Goldmines Bollywood (576p),http://103.175.73.12:8080/live/52/52_0.m3u8
Goldmines Movies (720p),http://103.213.31.109:90/GoldminesMovies/playlist.m3u8
Golf Channel,https://dash4.antik.sk/live/test_golf_channel/playlist.m3u8
Golf Channel (1080p) [Geo-blocked],https://messi.damitv.st/papi/ts/golfchannel-usa/playlist.m3u8
Golf Channel Latin America (1080p),http://15.204.246.24:8080/GolfChannelHD/index.m3u8
GolfPass (1080p),https://d2icntm6fhxrry.cloudfront.net/master.m3u8
GolfPass (720p),https://jmp2.uk/plu-65493029ab052400089e9d2f.m3u8
Golkhane TV,https://ncdn.telewebion.ir/golkhane/live/playlist.m3u8
GolTV Latin America (720p),http://177.234.249.178:8888/GOLTV/index.m3u8
Gólya TV (480p) [Geo-blocked],https://stream.streaming4u.hu/GolyaTV/index.m3u8
Gong (1080p),https://amg01596-gongnetworks-gong-ono-vh5f2.amagi.tv/1080p-vtt/index.m3u8
Gongyoung Shopping (720p),https://etv.publichs.com/live5.stream/playlist.m3u8
Good Idea TV (720p) [Not 24/7],http://stream1.ai-net.net:1935/gtv1/_definst_/smil:gtv.smil/playlist.m3u8
Good Life (576p),http://stream.mcquack.net/47/index.m3u8
Good News Today (720p),https://aajtaklive.vgcdn.net/v1/master/611d79b11b77e2f571934fd80ca1413453772ac7/3196cced-ce29-4219-9809-f07ccdaa02b9/vglive-sk-848805/master.m3u8
GOOD TV CH1 綜合台 (720p) [Not 24/7],https://live.streamingfast.net/osmflivech1.m3u8
GOOD TV CH2 真理台 (720p),https://live.streamingfast.net/osmflivech2.m3u8
GOOD TV CH3 真情部落格 短版 (720p),https://live.streamingfast.net/osmflivech3.m3u8
GOOD TV CH5 共享觀點 短版 (720p) [Not 24/7],https://live.streamingfast.net/osmflivech5.m3u8
GOOD TV CH6 親近神 詩歌音樂 (720p) [Not 24/7],https://live.streamingfast.net/osmflivech6.m3u8
GOOD TV CH7 禱告大軍 信息 (720p),https://live.streamingfast.net/osmflivech7.m3u8
GOOD TV CH9 愛+好醫生 短版 (720p),https://live.streamingfast.net/osmflivech9.m3u8
GOOD TV CH12 維他命施 (720p),https://live.streamingfast.net/osmflivech12.m3u8
GOOD TV CH14 真情部落格 (720p) [Not 24/7],https://live.streamingfast.net/osmflivech14.m3u8
GOOD TV CH15 真情之夜 (720p),https://live.streamingfast.net/osmflivech15.m3u8
GOOD TV CH16 葉光明 (720p) [Not 24/7],https://live.streamingfast.net/osmflivech16.m3u8
GOOD TV CH17 大衛鮑森 (720p) [Not 24/7],https://live.streamingfast.net/osmflivech17.m3u8
GOOD TV CH18 國際講員 (720p) [Not 24/7],https://live.streamingfast.net/osmflivech18.m3u8
GOOD TV CH20 恩典時分 (720p) [Not 24/7],https://live.streamingfast.net/osmflivech20.m3u8
GOOD TV CH21 華語講員 (720p) [Not 24/7],https://live.streamingfast.net/osmflivech21.m3u8
GOOD TV CH24 劉三講古 (720p) [Not 24/7],https://live.streamingfast.net/osmflivech24.m3u8
GOOD TV CH27 空中聖經學院 (720p) [Not 24/7],https://live.streamingfast.net/osmflivech27.m3u8
GOOD TV CH28 現代詩歌 (720p) [Not 24/7],https://live.streamingfast.net/osmflivech28.m3u8
GOOD TV CH29 經典音樂河 (720p) [Not 24/7],https://live.streamingfast.net/osmflivech29.m3u8
GOOD TV CH30 天堂敬拜 (720p) [Not 24/7],https://live.streamingfast.net/osmflivech30.m3u8
GOOD TV CH31 福音佈道音樂會 (720p),https://live.streamingfast.net/osmflivech31.m3u8
GOOD TV CH32 特會系列：禱告與轉化 (720p) [Not 24/7],https://live.streamingfast.net/osmflivech32.m3u8
GOOD TV CH33 特會系列：研經培靈 (720p),https://live.streamingfast.net/osmflivech33.m3u8
GOOD TV CH38 特會系列：青年特會 (720p) [Not 24/7],https://live.streamingfast.net/osmflivech38.m3u8
GOOD TV CH40 家庭8點檔轉轉發現愛 (720p) [Not 24/7],https://live.streamingfast.net/osmflivech40.m3u8
GOOD TV CH45 卡通 (720p) [Not 24/7],https://live.streamingfast.net/osmflivech45.m3u8
GOOD TV CH47 牧者頻道 (720p) [Not 24/7],https://live.streamingfast.net/osmflivech47.m3u8
GOOD TV CH49 禱告頻道 (720p) [Not 24/7],https://live.streamingfast.net/osmflivech49.m3u8
GOOD TV CH50 國際講員 中文發音 (720p) [Not 24/7],https://live.streamingfast.net/osmflivech50.m3u8
GoodLife 45 (720p) [Not 24/7],https://2-fss-2.streamhoster.com/pl_118/201450-1248872-1/playlist.m3u8
Goodness TV (576p),https://mumt02.tangotv.in/GOODNESSTV/index.m3u8
GoodNews TV (720p),https://bpgdlwwar3ze-hls-live.wmncdn.net/goodnews/live.stream/playlist.m3u8
GoodTV (1080p),http://mobliestream.c3tv.com:1935/live/goodtv.sdp/playlist.m3u8
Gordon Ramsay (720p),https://aegis-cloudfront-1.tubi.video/c8364f36-c60b-4a39-8d86-0b92db4611c0/index.m3u8
Gormiti,https://jmp2.uk/plu-66a8c64814a2bb00084d09d6.m3u8
Gospel Broadcasting Network (GBN) (1080p),https://cdn3.wowza.com/5/Ny9jK1A1Q3h4N1VZ/live/myStream/playlist.m3u8
Gospel Cartoon (360p),https://stmv1.srvif.com/gospelcartoon/gospelcartoon/playlist.m3u8
Gospel Movie TV (360p),https://stmv1.srvif.com/gospelf/gospelf/playlist.m3u8
Gospel Truth TV (1080p),https://na.linear.zype.com/bf94f9f4-383c-40e0-9d49-279a4f33ab8d/f29b8836-d990-4c8d-b421-192a8f43edc4-zype/manifest.m3u8
Gospel TV India (720p),https://server.livelegitpro.in:9899/gospeltv/index.m3u8
GoTraveler (720p) [Geo-blocked],https://amg09501-amg09501c1-klowdtv-us-2398.playouts.now.amagi.tv/playlist/amg09501-quester-gotraveler-klowdtvus/playlist.m3u8
Grace Network (720p),https://livecdn.live247stream.com/grace/tv/playlist.m3u8
Graham Norton Germany (1080p),https://amg00654-itv-amg00654c37-rakuten-de-7600.playouts.now.amagi.tv/playlist.m3u8
Gran TV (720p),https://stream.medialive.hu/gran/grantvlive/playlist.m3u8
Grand Cinema,https://gcinemahls.wns.live/hls/stream.m3u8
Grande TV (720p) [Not 24/7],https://live20.bozztv.com/akamaissh101/ssh101/grandetv2240/playlist.m3u8
Gravitas Movies (1080p),https://d6dg3ebeih71x.cloudfront.net/Gravitas_Movies.m3u8
Great American Family (1080p),http://40.160.24.58/GAC_FAMILY/index.m3u8
Great British Menu (720p),https://all3media-great-british-menu-1-gb.rakuten.wurl.tv/playlist.m3u8
Great British Menu (720p),https://all3media-great-british-menu-1-gb.samsung.wurl.tv/playlist.m3u8
Great Commission TV,https://stream-server9-jupiter.muxlive.com/hls/gctvghana/index.m3u8
Great Entertainment Television (720p),https://a-cdn.klowdtv.com/live2/greattv_720p/playlist.m3u8
GREAT! movies (1080p),https://amg01753-narrativeuk-amg01753c3-lg-gb-1833.playouts.now.amagi.tv/playlist/amg01753-narrativeuk-greatmovies-lggb/playlist.m3u8
GREAT! romance (1080p),https://amg01753-narrativeuk-amg01753c2-lg-gb-1832.playouts.now.amagi.tv/playlist/amg01753-narrativeuk-greatchristmas-lggb/playlist.m3u8
Green Gold TV,https://vglivessai.akamaized.net/eu/v1/manifest/611d79b11b77e2f571934fd80ca1413453772ac7/675a37e5-f517-434e-adae-d25ae1706340/fbdb017c-7b61-4f62-8719-28b27e44c862/4.m3u8
Green Gold TV HD,https://vglivessai.akamaized.net/eu/v1/manifest/611d79b11b77e2f571934fd80ca1413453772ac7/675a37e5-f517-434e-adae-d25ae1706340/fbdb017c-7b61-4f62-8719-28b27e44c862/0.m3u8
Green TV (1080p),https://app.ncare.live/c3VydmVyX8RpbEU9Mi8xNy8yMDE0GIDU6RgzQ6NTAgdEoaeFzbF92YWxIZTO0U0ezN1IzMyfvcGVMZEJCTEFWeVN3PTOmdFsaWRtaW51aiPhnPTI2/greentv.stream/live-orgin/greentv.stream/playlist.m3u8
Greensboro TV (Greensboro NC) (720p),https://lin12.isilive.ca/live/greensboro/GTN/index.m3u8
Grit Xtra (1080p),https://cdn-uw2-prod.tsv2.amagi.tv/linear/amg01438-ewscrippscompan-gritxtra-tablo/playlist.m3u8
Grjngo,https://b6c7c7d1020a4588982ca7c2625f85d1.mediatailor.us-east-1.amazonaws.com/v1/master/0fb304b2320b25f067414d481a779b77db81760d/RakutenTV-eu_GrjngoWesterny/playlist.m3u8
Grjngo Films de Western (1080p),https://d46c0ebf9ef94053848fdd7b1f2f6b90.mediatailor.eu-central-1.amazonaws.com/v1/master/81bfcafb76f9c947b24574657a9ce7fe14ad75c0/live-prod/a5fc1b02-5945-11ef-a2df-87241c204d22/0/master.m3u8?country=fr&vendor=rakuten
Grjngo Italy (720p),https://amogonetworx-grjngo-6-it.rakuten.wurl.tv/playlist.m3u8
Grjngo Spain (720p),https://amogo-networx-grjngopelculasdeloeste-1-es.rakuten.wurl.tv/playlist.m3u8
Grjngo Western Movies (720p),https://amogonetworx-grjngo-3-dk.samsung.wurl.tv/playlist.m3u8
Groovia Kanal (576p),https://gist.githubusercontent.com/iptvonlinetv/02d209207082846012c15305f7471c55/raw/4439b54b986e696e6fcfba7a53380d85b27bbbc1/udp450.500.723:6050.m3u8
Groovia Kids (576p),https://gist.githubusercontent.com/iptvonlinetv/244b66c61f162a7c0c2b4fa59b528139/raw/2376b7ba1989ebbd383301ec7d645e222a6c9338/udp780.510.345:4545.m3u8
Groovy TV (360p),http://web.onair-radio.eu:1935/groovytv/groovytv/playlist.m3u8
GrowthDay Network (720p),https://jmp2.uk/plu-69699ae5d301d54fb3dc1499.m3u8
Groznyj,https://balancer.facecast.io/evacoder_hls_hi/UUMLQVAYVlZyH14GRENQVV0G/2/720-3.m3u8
GRP VERATV (576p),https://webstream.multistream.it/memfs/a3195c96-f884-4c74-924f-2648814fc0b5_output_0.m3u8
GS My Shop (1080p),https://gstv-myshop.gsshop.com/myshop_hd/myshop_hd.stream/playlist.m3u8
GS Shop (1080p),https://gstv-gsshop.gsshop.com/gsshop_hd/gsshop_hd.stream/playlist.m3u8
GS TV,https://cdn-4.pishow.tv/live/1462/master.m3u8
GSG TV (720p),https://schurch1.bozztv.com/livecdn69/live/playlist.m3u8
GSTV (720p),https://japaneast.av.mk.io/mediakindcdn-mediakind/ca01a143-f823-4432-b670-c22ff9643ce4/index.qfm/manifest(format=m3u8-cmaf)
GTC News (1080p),https://vglivessai.akamaized.net/sg/v1/master/611d79b11b77e2f571934fd80ca1413453772ac7/921cca59-daee-4f89-8c38-7ffe8de44f4c/index.m3u8
GTC Punjabi (1080p),https://gtc-yupp.vgcdn.net/vglive-sk-254807/index.m3u8
GTN Canada (1080i) [Geo-blocked],https://streamer12.vdn.dstreamone.net/carishowtime/showtime/chunks.m3u8
GTN TV (1080p) [Not 24/7],https://goliveafrica.media:9998/live/644e07abdc1d3/index.m3u8
GTV (540p),https://g2qd3exjy7an-hls-live.5centscdn.com/gtvghana/ghanaweb.stream/playlist.m3u8
GTV (480p) [Not 24/7],https://streams.comclark.com/pknsd/gtv/playlist.m3u8
GTV HD,https://mncmedia.malingtv.workers.dev/gtv.m3u8
Guada TV (720p) [Not 24/7],https://cloud.streamingconnect.tv/hls/guadatv/guadatv.m3u8
Guadalupe Media (720p),https://streamer1.nexgen.bz/GUADALUPE_MEDIA/index.m3u8
Guangdong Satellite TV,https://h5cul1yar48um3t.wcetv.com/hls/gdsatellite.m3u8
Guangdong TV America,https://h5cul1yar48um3t.wcetv.com/hls/gdtv.m3u8
Guangzhou TV,https://tencentplaybusiness.gztv.com/live/zonghes.m3u8
Guarantee News (1080p),https://guaranteenews.in:8443/live/gnews/index.m3u8
Guardian Talk Radio (1080p),https://cdn-edge1.streamcomedia.com/abr_tngr969fm/abr-tngr969fm_streams/playlist.m3u8
Guaro TV (720p),https://stream.guarotv.net:3592/hybrid/play.m3u8
Guatevision (720p),https://mdstrm.com/live-stream-playlist/69f8df22a762c9b1ab3eabca.m3u8
Guatuso TV,https://5cf4a2c2512a2.streamlock.net/8176/8176/playlist.m3u8
Guayape TV,https://tv.bitstreaming.net:8443/live/guayapetv.m3u8
Guaymate TV (720p) [Not 24/7],https://live20.bozztv.com/akamaissh101/ssh101/guaymatetv/playlist.m3u8
GugakTV 국악방송 (1080p),https://mgugaklive.nowcdn.co.kr/gugakvideo/gugakvideo.stream/playlist.m3u8
Gugbang TV (1080p) [Not 24/7],http://mediaworks.dema.mil.kr:1935/live_edge/cudo.sdp/playlist.m3u8
Gugudde TV (480p),https://jk3lzqq4lw79-hls-live.5centscdn.com/gugudde/c9a1fdac6e082dd89e7173244f34d7b3.sdp/chunks.m3u8
Guide Love TV (720p),https://video1.getstreamhosting.com:1936/8056/8056/playlist.m3u8
Gulistan News (720p) [Not 24/7],https://live.gulistannews.in/hls/gul.m3u8
Gulli,http://99.27.51.147:8080/Gulli/index.m3u8
Gulli Girl (720p),https://stream8.cinerama.uz/1445/tracks-v1a1/mono.m3u8
GunAz TV,https://tv.gunaz.tv/hls/live.m3u8
Guneydogu TV (720p),https://edge1.socialsmart.tv/gtv/bant1/playlist.m3u8
Gunsmoke,https://jmp2.uk/plu-60f75771dfc72a00071fd0e0.m3u8
GurSikh Sabha TV (720p) [Not 24/7],http://cdn12.henico.net:8080/live/gsctv/index.m3u8
Gustav & Linse på udebane,https://jmp2.uk/plu-69c290eeed1b1f1acb446dd8.m3u8
Gusto TV (1080p),https://563f72af.wurl.com/master/f36d25e7e52f1ba8d7e56eb859c636563214f541/UmFrdXRlblRWLWV1X0d1c3RvVFZfSExT/playlist.m3u8
Gusto TV (1080p),https://e75fc053c0d2406fb74cdd71d77e1a7f.mediatailor.us-east-1.amazonaws.com/v1/master/f4e8c53a8367a5b58e20ce054ea3ce25a3e904d3/RakutenTV-eu_GustoTV/playlist.m3u8
GVision (288p),https://videostream.chileservidores.com:8081/tome/index.m3u8
Gyandarshan (720p),https://cdn-6.pishow.tv/live/14/master.m3u8
Gyöngyösi TV (576p),https://cloudfront41.lexanetwork.com:1344/relay02/livestream005.sdp/playlist.m3u8
GZT (1080p),https://gzttv-live.lg.mncdn.com/gzttv/gzttv/playlist.m3u8
H2,http://213.91.179.28:8000/play/a03r
H2 HD,https://lb.dstvmultimedia.com/HistoryChannel2/index.m3u8
H2O & Friends (1080p),https://dprx6ugrwz23t.cloudfront.net/H2O_Friends_GB.m3u8
H20 TV (1080p),https://linear-738.frequency.stream/dist/stirr/738/hls/master/playlist.m3u8
H20 TV (720p),https://a-cdn.klowdtv.com/live2/h2o/playlist.m3u8
H!T Music Channel (480p),http://hitmusic.hu/hitmusic.m3u8
Ha Tinh TV (720p),https://cohauw9bgpvod.vcdn.cloud/httv1/index.m3u8
Haarlem105 RTV (720p),https://d2qm50imcbcfqx.cloudfront.net/nlpo/clr-nlpo/haarlem105/index.m3u8
Haber61 TV (720p) [Not 24/7],https://cdn-haber61tv.yayin.com.tr/haber61tv/smil:haber61tv.smil/index.m3u8
Haber Global (720p) [Not 24/7],https://tv.ensonhaber.com/haberglobal/haberglobal.m3u8
Habertürk TV (720p) [Not 24/7],https://tv.ensonhaber.com/haberturk/haberturk.m3u8
Habib TV,https://ncdn.telewebion.ir/habib/live/playlist.m3u8
Haddam Killingworth High School TV (HKTV) (1080p) [Geo-blocked],https://reflect-hktv.cablecast.tv/live-3/live/live.m3u8
Hagerty (1080p),https://dqw6u0upa8l21.cloudfront.net/Hagerty.m3u8
Hagerty (1080p),https://aegis-cloudfront-1.tubi.video/1d7878db-0fc9-45fc-afb4-1355e66738ac/playlist.m3u8
HAHA TV,https://dash3.antik.sk/live/test_haha_tv/playlist.m3u8
Haina Vision (720p),https://cdn.streamingcpanel.com:3447/live/hainavisionlive.m3u8
Haiti News Channel (1080p) [Not 24/7],https://cdn.haititivi.com/website/haitinews/index.m3u8
Hakka TV,https://h5cul1yar48um3t.wcetv.com/hls/hakkatv.m3u8
Hala London (1080p),https://halalondon-live.ercdn.net/halalondon/halalondon.m3u8
Hala TV (1080p) [Not 24/7],https://stream.panet.com/edge/halaTV/playlist.m3u8
Halab Today TV (1080p),https://halabtoday-live.lg.mncdn.com/halabtoday/livestream/playlist.m3u8
Halal TV,https://vdo.plathong.net/Halaltv/Halaltv/playlist.m3u8
Halk TV (1080p),https://halktv-live.daioncdn.net/halktv/halktv.m3u8
Hallmark Channel (1080p),http://23.237.104.106:8080/USA_HALLMARK/index.m3u8
Hallmark Family (1080p),http://40.160.24.53/HALLMARK_DRAMA/index.m3u8
Hallmark Movies & More (1080p),https://dbrb49pjoymg4.cloudfront.net/v1/master/3fec3e5cac39a52b2132f9c66c83dae043dc17d4/prod_default_xumo-ams-aws/master.m3u8?ads.xumo_channelId=99991709
Hallmark Mystery (1080p),http://40.160.24.53/HALLMARK_MOVIES_AND_MYSTERIES/index.m3u8
Hamaika Telebista (1080p),https://cdn3.wowza.com/1/RERMR282dnU5eE5Z/OHY0dVFs/hls/live/playlist.m3u8
Hamburg 1 (1080p),https://stream.hamburg1.de/live_abr/hamburg1_abr/playlist.m3u8
Hamdard TV (1080p),https://tv.hamdardtv.com/hamdard/index.m3u8
Hamedan,https://ncdn.telewebion.ir/sina/live/playlist.m3u8
Hamoon,https://ncdn.telewebion.ir/hamoon/live/playlist.m3u8
HANDICAP TV France,https://srv.webtvmanager.fr:3697/stream/play.m3u8
Handystar (404p) [Not 24/7],https://sparhandytv.cdn.ses-ps.com/live/channel01/hls/index.m3u8
Hang Meas HDTV (720p),http://clive.malisresidences.com:1935/hm_hdtv/_definst_/smil:hmhdt12356.smil/playlist.m3u8
Hangulat TV (720p),https://iptv01.eurocable.co.hu/EC-HANGULATTV/index.m3u8
HanoiTV1 (1080p) [Geo-blocked],https://cloudstreamhntv.tek4tv.vn/capture/smil:HN1.smil/chunklist.m3u8
HanoiTV2 (1080p) [Geo-blocked],https://cloudstreamhntv.tek4tv.vn/live/smil:HN2.smil/playlist.m3u8
Happy Days,https://jmp2.uk/plu-654a4e29ab05240008a18625.m3u8
Happy Days,https://jmp2.uk/plu-654a508d986ad20008a456a5.m3u8
Happy Days,https://jmp2.uk/plu-654a52254d6d8f00084eacfc.m3u8
Happy Days,https://jmp2.uk/plu-62e917b5e354cf0007b97a67.m3u8
Happy Days,https://jmp2.uk/plu-5f7794162a4559000781fc12.m3u8
Happy Radio TV (1080p),https://tv.mediacp.eu:8081/happyradio/index.m3u8
HappyKids (1080p),https://dil9xdvretp0f.cloudfront.net/index.m3u8
Harbin Comprehensive News Channel,https://stream.hrbtv.net/xwzh/playlist.m3u8?_upt=ef41dd531755913594
Harbin Movie Channel,https://stream.hrbtv.net/yspd/playlist.m3u8
Hard Knocks (1080p),https://d3uyzhwvmemdyf.cloudfront.net/v1/master/9d062541f2ff39b5c0f48b743c6411d25f62fc25/Hard-Knocks-DistroTV/109.m3u8?ads.vf=6pOF6kgy418
Hard Knocks Fighting Championship,https://d39g1vxj2ef6in.cloudfront.net/v1/master/3fec3e5cac39a52b2132f9c66c83dae043dc17d4/prod-rakuten-stitched/master.m3u8?ads.xumo_channelId=88883037
Hardcore Pawn (1080p),https://amg00627-banijay-amg00627c8-samsung-au-1827.playouts.now.amagi.tv/playlist.m3u8
Hardcore Pawn (1080p),https://amg00627-banijay-amg00627c8-samsung-nz-1828.playouts.now.amagi.tv/playlist.m3u8
Hardcore Pawn (1080p),https://amg00627-amg00627c8-rakuten-uk-4801.playouts.now.amagi.tv/playlist.m3u8
Hardcore Pawn,https://jmp2.uk/plu-691b012d1148fa1cd8a75d5c.m3u8
Hardcore Pawn,https://jmp2.uk/plu-6909fc4b74601d957a380613.m3u8
Hare Krsna TV (1080p),https://hktv.harekrsnatv.com/HKTV/HKWebApp/manifest.mpd
HarPal Geo (360p),https://jk3lz82elw79-hls-live.5centscdn.com/harPalGeo/955ad3298db330b5ee880c2c9e6f23a0.sdp/playlist.m3u8
Harvest TV (720p),https://7mbd4ogkr3gx-hls-live.wmncdn.net/harvesttvlive1/bbb19eae240ec100af921d511efc86a0.sdp/index.m3u8
Harvest TV Keralam (720p),https://7mbd4ogkr3gx-hls-live.wmncdn.net/harvestenglish/d1796a22d24e8696c7d5d0b5c349fdd2.sdp/index.m3u8
Harvest USA (576p),https://7mbd4ogkr3gx-hls-live.wmncdn.net/harvestusa/d57ffba6564caea2fee3f4085f19a098.sdp/playlist.m3u8
Hasbro Legends (1080p) [Geo-blocked],https://amg02713-amg02713c11-amgplt0852.playout.now3.amagi.tv/ts-us-e2-n2/playlist/amg02713-amg02713c11-amgplt0852/playlist.m3u8
Hatoscsatorna (360p) [Not 24/7],https://hatoscsatorna.hu:8082/Hatoscsatorna/livestream/playlist.m3u8
Haunt TV (1080p),https://amg01446-blueantmediacan-haunttvaussam-samsungau-vcnai.amagi.tv/playlist/amg01446-blueantmediacan-haunttvaussam-samsungau/playlist.m3u8
HauntTV CA (720p),https://jmp2.uk/plu-63934c218ef524000757b122.m3u8
Hausmeister Krause,https://jmp2.uk/plu-622f6faf65be650007f57aab.m3u8
Hawaii Five-O,https://jmp2.uk/plu-68503d3bc692373f0158c43f.m3u8
Haz Clic!,https://stream.ads.ottera.tv/playlist.m3u8?network_id=4310
HC2 TV,https://stream.hc2tv.bj/2/live/stream.m3u8
HCH (720p),https://live.streamhch.com/live/streams/hch1.m3u8
HCTV Educational Access Channel,https://reflect-hudsonctv.cablecast.tv/live-26/live/stream-1/live.m3u8
HCTV Government Channel,https://reflect-hudsonctv.cablecast.tv/live-26/live/stream-2/live.m3u8
HCTV Public Access Channel,https://reflect-hudsonctv.cablecast.tv/live-26/live/stream-5/live.m3u8
HD365 TV,https://s2.netstreaming.eu/hd365.m3u8
Heart Radio Aruba,https://live2.tensila.com/heart-v-1.heartar/hls/live/mystream.m3u8
HeartFelt TV (1080p),https://streams2.sofast.tv/v1/master/611d79b11b77e2f571934fd80ca1413453772ac7/74c455d4-625a-448a-8ba7-d086e6462245/manifest.m3u8
Heartland (1080p) [Geo-blocked],https://pb-a0c87g3b3mtrw.akamaized.net/Heartland.m3u8
Heartland (720p),https://2-fss-2.streamhoster.com/pl_120/201950-2724904-1/playlist.m3u8
Heartland,https://jmp2.uk/plu-61f07513227feb00073ee6bc.m3u8
Heaven Bound TV (480p) [Not 24/7],https://goliveafrica.media:9998/live/62580b337c021/index.m3u8
Hebei TV (2160p),https://event.pull.hebtv.com/live/live101.m3u8
Hebron TV (1080p),https://account20.livebox.co.in/charleshls/live.m3u8
Hechiceras,https://jmp2.uk/plu-67f95fa76b11614ab0caaef3.m3u8
Hechizada,https://jmp2.uk/plu-631fb6be21b7440007b9f606.m3u8
Hechos Ecuador (1080p) [Not 24/7],https://online.hechosecuador.com:5443/WebRTCApp/streams/hechosecuador.m3u8
Hegyvidek Tv Budapest (576p) [Not 24/7],https://tv.hegyvidek.hu/stream_mpeg.flv
HEi Now (1080p),https://copacogen.desdeparaguay.net/heitv/heitv_py_alta/playlist.m3u8?admin=nacion
Heidi,https://jmp2.uk/plu-68779a09c691b3f0964127c6.m3u8
Hélène et les garçons,https://jmp2.uk/plu-604f8de01b479400078fb1e7.m3u8
Heliconia Radio TV (720p),https://eu1.servers10.com:8081/8178/index.m3u8
Hell's Kitchen (1080p),https://amg00654-itv-amg00654c1-samsung-au-1072.playouts.now.amagi.tv/itv-hellskitchen-samsung/playlist.m3u8
Hell's Kitchen Germany (1080p),https://hellskitchengermany-rakuten.amagi.tv/playlist.m3u8
Hell's Kitchen Italy (1080p),https://amg00654-itv-amg00654c20-rakuten-it-3615.playouts.now.amagi.tv/playlist.m3u8
Hellenic Parliament TV (1080p),https://ert-ucdn.broadpeak-aas.com/bpk-tv/VOULITV/default/index.m3u8
Hellenic TV (720p) [Not 24/7],https://l5.cloudskep.com/hellenictv/htv/playlist.m3u8
Hello Taste (720p),https://stream1.antenaplay.ro/live/HelloTaste/playlist.m3u8
Hells Kitchen,https://jmp2.uk/plu-6095ad97351eb0000754c1e6.m3u8
Her Sphere (720p) [Geo-blocked],https://aegis-cloudfront-1.tubi.video/804f9e76-e98c-41fa-8d75-5986879e2168/playlist.m3u8
Hercules: The Legendary Journeys (720p),https://jmp2.uk/plu-68e38aaf8082ad3760def7bc.m3u8
Heritage Tourism (1080p),https://streams2.sofast.tv/v1/master/611d79b11b77e2f571934fd80ca1413453772ac7/cff3309e-ded1-40dd-a6dc-e3a6d0a92d72/manifest.m3u8
Heritage+ (1080p),https://streams2.sofast.tv/v1/master/611d79b11b77e2f571934fd80ca1413453772ac7/e4523706-f2a8-4b0f-b081-40fe59a46f81/manifest.m3u8
Hermanas Mirabal TV (720p) [Not 24/7],https://fox.hostlagarto.com:8081/hmtv/index.m3u8
Hero (720p) [Not 24/7],https://live-fi.tvkaista.net/hero/live.m3u8?hd=true
Hévízi TV (1080p),https://cloudfront44.lexanetwork.com:1344/relay03/livestream003.sdp/playlist.m3u8
Hewad TV (720p) [Not 24/7],http://51.210.199.58/hls/stream.m3u8
Hey Arnold!,https://jmp2.uk/plu-66c79221b1a34600087e264d.m3u8
HGPTV (720p) [Not 24/7],https://cdn-us-east-prod-ingest-infra-dacast-com.akamaized.net/8424fb7f-99a9-87ae-3861-f0620849d11c/source/index.m3u8
HGTV (1080p),https://i.mjh.nz/.r/sky-hgtv.m3u8
Hi Dost! (720p),https://cdn-1.pishow.tv/live/224/master.m3u8
Hi-YAH! (1080p),https://linear-59.frequency.stream/dist/plex/59/hls/master/playlist.m3u8
Hidabroot (1080p),https://cdn.cybercdn.live/HidabrootIL/Live97/playlist.m3u8
High News (480p),https://highmedia.livebox.co.in/HIGHNEWShls/LIVE.m3u8
High TV (720p) [Not 24/7],http://live.streams.ovh:1935/hightv/hightv/playlist.m3u8
High Vision (1080p) [Not 24/7],https://streamer1.connectto.com/HIGHVISION_WEB_1205/index.m3u8
Highway Thru Hell (1080p),https://amg00627-amg00627c15-samsung-au-2899.playouts.now.amagi.tv/playlist/amg00627-banijayfast-highwaythruhell-samsungau/playlist.m3u8
Highway Thru Hell (1080p),https://amg00627-amg00627c15-samsung-nz-2900.playouts.now.amagi.tv/playlist/amg00627-banijayfast-highwaythruhell-samsungnz/playlist.m3u8
Highway Thru Hell (1080p),https://amg00627-amg00627c15-rakuten-uk-4803.playouts.now.amagi.tv/playlist.m3u8
Highway Thru Hell (1080p),https://duplpbng64yvf.cloudfront.net/HighwayThruHell.m3u8
Highway to Heaven,https://jmp2.uk/plu-68bff9a63efb41cd97562e46.m3u8
Hilando Fino TV (1080p),https://hilandofinotv.essastream.com:3606/live/canalhilandofinotvlive.m3u8
Hillsborough County TV HTV (Hillsborough County FL) (360p),https://cdn3.wowza.com/5/M0lyamVmM2JWcjhQ/hillsboroughcounty/G2155_002/playlist.m3u8
Himlen TV7 (720p),https://vod.tv7.fi/tv7-se/smil:tv7-se.smil/playlist.m3u8
Hindi Khabar (576p),https://cdn-2.pishow.tv/live/1041/master.m3u8
Hindu Dharmam (576p),https://cdn-1.pishow.tv/live/959/master.m3u8
HIPTV (1080p),https://stream.ads.ottera.tv/playlist.m3u8?content_livestream=1&network_id=16993
Hirshabelle TV (576p),http://ap02.iqplay.tv:8081/iqb8002/h1rshbe1iptv/playlist.m3u8
Hiru TV (360p) [Not 24/7],https://tv.hiruhost.com:1936/8012/8012/playlist.m3u8
His Glory TV (1080p),https://customer-6itfaqopbksp5p0q.cloudflarestream.com/3972e89fb79bf6d6dd2a16c75455087a/manifest/video.m3u8
His Grace TV (480p) [Not 24/7],https://goliveafrica.media:9998/live/6593c35f9c090/index.m3u8
Hispan TV,https://cdnlive.presstv.ir/live/smil:live.smil/playlist.m3u8
Historia (1080p),https://d1k3vzh2ivy22k.cloudfront.net/Historia.m3u8
Historia HD (1080p),https://d1k3vzh2ivy22k.cloudfront.net/Historia1080.m3u8
Historia y Vida (720p),https://jmp2.uk/plu-67517f923a61d40008c451f0.m3u8
Historias de Ultratumba,https://jmp2.uk/plu-5f4d3696d938c900072679fd.m3u8
History (720p),http://45.177.114.114/HISTORY/index.m3u8
History (720p),http://40.160.24.53/HISTORY_CHANNEL/index.m3u8
History2,http://88.212.15.19/live/test_h2/playlist.m3u8
History 2 Latin America (1080p),http://138.121.15.230:9002/HISTORY-2/index.m3u8
History 2 Latin America Brazil (720p),http://45.177.114.114/HISTORY_2/index.m3u8
History 365 (1080p) [Geo-blocked],https://pb-162j8hrspp1iq.akamaized.net/History_365.m3u8
History & Warfare,https://jmp2.uk/plu-69dd5d7bfcb9bf5e3063cb16.m3u8
History & Warfare Now (1080p),https://d1nzda2a2b3swt.cloudfront.net/History_Warfare_Now.m3u8
History and Warfare Now (1080p),https://d28gzbv9fhdm3h.cloudfront.net/playlist/amg00376-magellantv-historyandwarfarenowaunzin-samsungau/playlist.m3u8
History and Warfare Now (1080p),https://amg00376-magellan-amg00376c19-samsung-nz-1735.playouts.now.amagi.tv/playlist/amg00376-magellantv-historyandwarfarenowaunzin-samsungnz/playlist.m3u8
History Asia (720p),https://freem3u.xyz/api/live/play.m3u8?vid=9856
History Channel (1080p),https://streamer12.xploretv.si/__cl/cg:prod/__c/A1_SI_HISTORYHD_ott/__op/dash-default/__dci/__f/index.m3u8?admin=xploreTv_test_user&redirect=true
History Hit (1080p),https://lds-timeline-rakuten.amagi.tv/playlist.m3u8
History Hunters (1080p),https://amg00841-amg00841c7-rakuten-uk-2820.playouts.now.amagi.tv/playlist/amg00841-aeemeafast-historyhuntersrakuten-rakutenuk/playlist.m3u8
History Hunters (1080p),https://amg00841-amg00841c9-samsung-gb-3032.playouts.now.amagi.tv/playlist/amg00841-aeemeafast-historyhunterssamsung-samsunggb/playlist.m3u8
History Hunters,https://jmp2.uk/plu-65819fc1b9adc4000813f37d.m3u8
History Latin America (1080p),http://15.204.246.24:8080/HistoryHD/index.m3u8
History TV18 (576p),http://103.72.101.252:8080/live/1471.m3u8
History TV18 HD (1080p),http://103.154.3.101:5001/live/577.m3u8
Hit FM,https://hitfm.nfthost.net/hls/hitfm/live_all/playlist.m3u8
Hit HD (1080p),http://hls127.freeott.top:8080/XitHD/video.m3u8
Hit Mix Music,http://213.91.179.28:8000/play/a0cl
Hit Sitcoms (720p),https://jmp2.uk/plu-69b83e4169056557a9252f61.m3u8
Hit Sitcoms (720p),https://jmp2.uk/plu-66e0b4a3f0f17500085cc268.m3u8
Hitradio O3 (720p),https://studiocam-oe3.mdn.ors.at/orf/studiocam_oe3/q6a/manifest.mpd
Hits 360 TV (720p) [Not 24/7],http://cm.hostlagarto.com:8081/hits360tv/hits360HD.myStream/playlist.m3u8
Hitz TV (1080p),https://streamer2.nexgen.bz/13-HITZ/index.m3u8
HLC TV (480p) [Not 24/7],https://goliveafrica.media:9998/live/627d06e001aaf/index.m3u8
HLN Live (720p),https://dpg-eventstreams.akamaized.net/hlnlivesrt-xmr/streamx/hlnlivesrt_720p.m3u8
Hluttaw S & D,https://mrtvott.com/cache/MRTV-HLUTTAW/master.m3u8
HMI PROMZ NEWS (720p),https://video1.getstreamhosting.com:1936/8326/8326/playlist.m3u8
Hmong Star TV (720p) [Not 24/7],https://livefta.malimarcdn.com/ftaedge00/hmongstartv.sdp/playlist.m3u8
Hmong TV Network (720p),https://livefta.malimarcdn.com/ftaedge00/cvabroadcasting.stream/playlist.m3u8
HMTV (720p),https://cdn-1.pishow.tv/live/280/master.m3u8
HNN 24x7 (576p),https://ott.livelegitpro.in:9899/hnnnews/hnnnews/tracks-v1/index.fmp4.m3u8
Hoarders (720p),https://8f2546fe.wurl.com/master/f36d25e7e52f1ba8d7e56eb859c636563214f541/UmFrdXRlblRWLWV1X0hvYXJkZXJzX0hMUw/playlist.m3u8
Hoarders (720p),https://eada4a55.wurl.com/master/f36d25e7e52f1ba8d7e56eb859c636563214f541/U2Ftc3VuZy1nYl9Ib2FyZGVyc19ITFM/playlist.m3u8
Hoarders,https://jmp2.uk/plu-698a040b48d98175cb870fc5.m3u8
Hoarders by A&E (720p),https://d1klo92zvoj2of.cloudfront.net/v1/aenetworks_hoarders_1/samsungheadend_us/latest/main/hls/playlist.m3u8
Hobby Maker (720p),https://lo3.gemporia.com/abrhobbymakerukgfx/smil:livestreamFullHD.smil/playlist.m3u8
HodHod Farsi TV (1080p),https://northtelecom.b-cdn.net/hodhodtv.m3u8
Hogan's Heroes,https://jmp2.uk/plu-68939e206727ec919bb39061.m3u8
Högspänning,https://jmp2.uk/plu-6537abf42cf1310008441686.m3u8
HOLA! Play (1080p),https://hola-play-2108fd06-86d4-44e8-9867-c35b4895a1c1-es.fast.rakuten.tv/v1/master/0547f18649bd788bec7b67b746e47670f558b6b2/production-LiveChannel-6433/master.m3u8
Hola! TV Latin America (1080p),http://15.204.246.24:8080/HOLATVHD/index.m3u8
HollyWire (720p),https://bozztv.com/hwotta/playlist/playlist.m3u8
Hollywood HD (1080p),http://31.148.48.15/MGM_HD/index.m3u8
Holvoet TV (Copiapó) (720p) [Not 24/7],https://unlimited1-us.dps.live/holvoettv/holvoettv.smil/playlist.m3u8
Holy Quran Radio Nablus (720p),http://streaming.zaytonatube.com:8080/holyquran/holyquran/video.m3u8
Home & Shopping (720p),https://s28.qtcdn.co.kr/media/liveM3U8/idx/518045142/enc/1860408350/playlist.m3u8
Home Cooking by Food Network,https://jmp2.uk/plu-68bb16916523408b14bac7f8.m3u8
Home Network (720p),http://40.160.24.53/HGTV/index.m3u8
Home Plus,https://homeplushls.wns.live/hls/stream.m3u8
Home Refresh (720p) [Geo-blocked],https://pb-wedgbca8p66er.akamaized.net/playlist.m3u8
Home.Made.Nation (720p),https://jmp2.uk/plu-5dc1cb279c91420009db261d.m3u8
Homebase TV (576p) [Not 24/7],https://webstreaming-2.viewmedia.tv/web_022/Stream/playlist.m3u8
Homeful (1080p),https://amg00090-blueantcanada-amg00090c4-samsung-au-819.playouts.now.amagi.tv/playlist/amg00090-blueantfast-homefulworldwide-samsungau/playlist.m3u8
Homerun TV,https://streams2.sofast.tv/WiseM3U8_29/sofast/cleanhls/master.m3u8
Homes Under The Hammer (720p),https://all3media-homes-under-the-hammer-1-au.samsung.wurl.tv/playlist.m3u8
Homicide (720p),https://jmp2.uk/plu-63921a3d00c96100082a3cb4.m3u8
Homicide Hunter,https://jmp2.uk/plu-619e21b213ef6b0007d8c17a.m3u8
Homicide la chaîne du fait divers (1080p),https://rakutenaa-fastmedia-homicide-rakuten-pw6g3.amagi.tv/playlist/rakutenAA-fastmedia-homicide-rakuten/playlist.m3u8
Hoop TV (1080p),https://streams2.sofast.tv/WiseM3U8_28/sofast/cleanhls/master.m3u8
Hop! (1080p),http://stream.mcquack.net/44/index.m3u8
Hope4Life TV (720p),http://144.217.14.88/hls/hope4life.m3u8
Hope Channel Africa (1080p),https://jstre.am/live/jsl:i1onRBELcGV.m3u8
Hope Channel Australia (1080p),https://videodelivery.net/9fb3596948ddf463fde0ec4b85625b24/manifest/video.m3u8
Hope Channel Bulgaria,https://hc1.hopetv.bg/live/hopetv_all.smil/playlist.m3u8
Hope Channel German (1080p),https://customer-x8zydurm357k8j9p.cloudflarestream.com/5b46490d20cdd87fcac238b0027813e0/manifest/video.m3u8
Hope Channel Ghana (480p),https://videodelivery.net/dfbdca87f2a6291aa4fdc8fe3290769b/manifest/video.m3u8
Hope Channel Inter-America,https://jstre.am/live/jsl:EC0Mq0i6HJU.m3u8
Hope Channel Inter-America English (1080p),https://jstre.am/live/jsl:UP9KAdlVrm8.m3u8
Hope Channel International (1080p),https://jstre.am/live/jsl:cZXINbwrFj6.m3u8
Hope Channel North America (1080p),https://jstre.am/live/jsl:0sUSK6VA7GT.m3u8
Hornbill TV (576p),https://cdn-2.pishow.tv/live/1463/master.m3u8
Horoshee Kino (720p),https://live-rian.cdnvideo.ru/rian/rus-radio/playlist.m3u8
Horror by ALTER (1080p),https://d3opw4b2eztyyq.cloudfront.net/playlist.m3u8
Horror by ALTER (1080p),https://aegis-cloudfront-1.tubi.video/acac036c-181a-413a-a102-cd294c83320d/playlist.m3u8
Horror Club,https://jmp2.uk/plu-66c35c0c92b1af0008c8e83a.m3u8
Horror Machine (720p) [Geo-blocked],https://naviofrequency-horrormachine-klowdtv.amagi.tv/playlist.m3u8
Horror TV (1080p),https://streams2.sofast.tv/v1/master/611d79b11b77e2f571934fd80ca1413453772ac7/93dc292b-cbcf-4988-ab97-94feced4c14b/manifest.m3u8
Horse & Country (720p),https://jmp2.uk/plu-671b4dc049c4060008f91d3a.m3u8
Horse & Country (720p),https://jmp2.uk/plu-671b4e47daad7f000868b840.m3u8
Horse & Country (720p),https://jmp2.uk/plu-671b4e8bc7626f00089b7194.m3u8
Horse & Country TV (1080p),https://hnc-free-viewlift.amagi.tv/HNC_AUSTRALIA.m3u8
Horse TV (720p),https://a-cdn.klowdtv.com/live2/horsetv_720p/playlist.m3u8
Hosanna Vision (720p) [Not 24/7],https://1206618505.rsc.cdn77.org/LS-ATL-59020-1/playlist.m3u8
Hot Bench (720p),https://jmp2.uk/plu-6036e6e7ac69c400072afca2.m3u8
HOT Drama (1080p),http://stream.mcquack.net/381/index.m3u8
Hot Ones (1080p),https://d532j1ra4v4q9.cloudfront.net/SONO65.m3u8
Hot Ones (720p),https://d1si3n1st4nkgb.cloudfront.net/10502/88896039/hls/master.m3u8?ads.xumo_channelId=88896039
Hot Ones,https://jmp2.uk/plu-65a803b607e03a0008925118.m3u8
Hot Ones,https://jmp2.uk/plu-655ca7405812e80008883d4e.m3u8
Hot Ones,https://jmp2.uk/plu-655ca968c917a5000830f8f5.m3u8
Hot Ones,https://jmp2.uk/plu-655caa815812e80008884322.m3u8
Hot Wheels Action (1080p),https://dtz4aepbew7ez.cloudfront.net/hotwh.m3u8
HOT Zone (1080p),http://stream.mcquack.net/379/index.m3u8
Hotel Inspector (1080p),https://amg00654-itv-amg00654c4-rakuten-uk-5263.playouts.now.amagi.tv/playlist.m3u8
House of Lies,https://jmp2.uk/plu-693ae62a43fe00a023e76e0d.m3u8
House of Lies,https://jmp2.uk/plu-693ae65fab5959c036fa6c1e.m3u8
House of Lies,https://jmp2.uk/plu-693ae6bf0ddf7d2a40b7fd35.m3u8
HOY Infotainment (1080p) [Geo-blocked],https://hoytv-live-stream.hoy.tv/ch78/index.m3u8
HOY International Business Channel (1080p) [Geo-blocked],https://hoytv-live-stream.hoy.tv/ch76/index-fhd.m3u8
HOY TV (1080p) [Geo-blocked],https://hoytv-live-stream.hoy.tv/ch77/index.m3u8
hr-fernsehen (1080p),https://hrhls.akamaized.net/hls/live/2024525/hrhls/index.m3u8
hr-fernsehen HD,https://dash4.antik.sk/live/test_hr_tizen/playlist.m3u8
HRT 1 (720p),https://webtvstream.bhtelecom.ba/hrt1.m3u8
HRT 1 HD (1080p) [Geo-blocked],https://bpcdnmanprod.nexttv.ht.hr/bpk-tv/HRT1/default/index.mpd
HRT 2 (720p),https://webtvstream.bhtelecom.ba/hrt2.m3u8
HRT 2 HD (1080p) [Geo-blocked],https://bpcdnmanprod.nexttv.ht.hr/bpk-tv/HRT2/default/index.mpd
HRT 3 (720p),https://webtvstream.bhtelecom.ba/hrt3.m3u8
HRT 3 HD (720p) [Geo-blocked],https://bpcdnmanprod.nexttv.ht.hr/bpk-tv/HRT3/default/index.mpd
HRT 4 HD (720p) [Geo-blocked],https://bpcdnmanprod.nexttv.ht.hr/bpk-tv/HRT4/default/index.mpd
HSE (1080p),https://hse24.akamaized.net/hls/live/2006663/hse24/playlist.m3u8
HSE24 Extra (1080p),https://hse24extra.akamaized.net/hls/live/2006596/hse24extra/playlist.m3u8
HSE24 Trend (576p),https://hse24trend.akamaized.net/hls/live/2006597/hse24trend/playlist.m3u8
HSN (720p),http://40.160.24.53/HSN/index.m3u8
HSN2 (720p),https://qvc-amd-live.akamaized.net/hls/live/2034113/lshsn2us/master.m3u8
HSN West (720p),https://qvc-amd-live.akamaized.net/hls/live/2034113/lshsn1uswest/master.m3u8
HTR TV (720p),https://ms7.mx-cd.net/tv/286-3043214/HTR_Media_TV.smil/playlist.m3u8
HTSpor TV (1080p),https://ciner.daioncdn.net/ht-spor/ht-spor.m3u8?app=web
HTV 1 Houston Television (720p),https://stream.swagit.com/live-edge/houstontx/smil:hd-16x9-2-a/playlist.m3u8
HTV 2 Houston Television (720p),https://stream.swagit.com/live-edge/houstontx/smil:hd-16x9-2-b/playlist.m3u8
HTV9 HD (1080p) [Geo-blocked],https://live.fptplay53.net/epzhd1/htv9hd_vhls.smil/chunklist.m3u8
HTV Key (1080p),https://freem3u.xyz/api/live/play.m3u8?vid=9
HTV Live (1080p) [Not 24/7],https://fox.hostlagarto.com:8081/canalhtv/tracks-v1a1/mono.m3u8
HTV Thể thao (1080p) [Geo-blocked],https://live.fptplay53.net/epzhd1/htvcthethao_vhls.smil/chunklist.m3u8
Huacho Peru TV,https://tv.huachotv.com/stream.m3u8
Huasco Televisión (360p),https://paneltv.online:1936/8024/8024/playlist.m3u8
Huda TV (720p) [Not 24/7],https://cdn.bestream.io:19360/elfaro1/elfaro1.m3u8
Huế TV (720p) [Geo-blocked],https://live.fptplay53.net/epzsd1/hue_hls.smil/chunklist.m3u8
Huelva TV (720p),https://5d8d85cf2c308.streamlock.net:1936/huelvatv/htvdirecto/playlist.m3u8
Hum News,http://103.86.135.164:9981/stream/channelid/2024790699?profile=pass&ticket=CAC87CD3CF8747A13FB03B91C9BE860F93CD615C
Huma Betang TV (720p) [Not 24/7],https://v3.siar.us/humabetangtv/live/playlist.m3u8
Humor Mill (1080p),https://damkf751d85s1.cloudfront.net/v1/master/9d062541f2ff39b5c0f48b743c6411d25f62fc25/HumorMill-DistroTV/152.m3u8?ads.vf=3I7CXmxz7vK
Hunan TV (2160p),http://hlsal-ldvt.qing.mgtv.com/nn_live/nn_x64/dWlwPTEyNy4wLjAuMSZ1aWQ9cWluZy1jbXMmbm5fdGltZXpvbmU9OCZjZG5leF9pZD1hbF9obHNfbGR2dCZ1dWlkPTliODY4NmU5ZTM2YzYwMmMmZT02OTE0NjA0JnY9MSZpZD1ITldTWkdTVCZzPTcwN2RiYTc2YzJjNmJmMTQ4MmUyZGYzOWU2NWM3YWFi/HNWSZGST.m3u8
Hunat TV (720p) [Geo-blocked],https://live.artidijitalmedya.com/artidijital_hunattv/hunattv/playlist.m3u8
Hundehviskeren,https://jmp2.uk/plu-6501af923a0d700008b71b53.m3u8
Hundehviskeren,https://jmp2.uk/plu-6501ad3a98020f0008503dba.m3u8
Hunedoara 1 (480p) [Not 24/7],https://netstreaming.eu/hd1.m3u8
Hungry (720p),https://dos35knl8v49a.cloudfront.net/v1/food/samsungheadend_us/latest/main/hls/playlist.m3u8
Hunt Fish TV (1080p),https://streams2.sofast.tv/sofastplayout/WiseM3U8_2/master.m3u8
Hunter x Hunter (1080p),https://d190au8yjmla79.cloudfront.net/playlist.m3u8
Hunter x Hunter,https://jmp2.uk/plu-65d9167818036500080e8780.m3u8
Hunter x Hunter,https://jmp2.uk/plu-65d916a2f7f0af0008b6540d.m3u8
Huntington Beach TV Channel 3 (720p),https://reflect-huntingtonbeach.cablecast.tv/live-4/live/stream-1/live.m3u8
Hyder TV (720p),https://cdn.live247stream.com/hyder/tv/playlist.m3u8
Hype Visual Radio (1080p),https://streammix.alsolnet.com/hyperadio/live/playlist.m3u8
Hyundai Home Shopping (720p),https://livejj.hyundaihmall.com:8443/live/ngrp:hmall.stream_pc/playlist.m3u8
Hyundai Home Shopping Plus (720p),https://dtvstreaming.hyundaihmall.com/newcjp3/_definst_/newcjpstream.smil/playlist.m3u8
i24NEWS Arabic (1080p),https://i24newsarabic-cdn.encoders.immergo.tv/master.m3u8
i24NEWS English World (1080p),https://i24newsenglish-cdn.encoders.immergo.tv/master.m3u8
i24NEWS French (1080p),https://i24newsfrench-cdn.encoders.immergo.tv/master.m3u8
I24 News Hebrew (1080p),https://i24newshebrew-cdn.encoders.immergo.tv/master.m3u8
I Am Channel (576p),https://61146e7ab7a66.streamlock.net:8089/tes/1/chunklist.m3u8
I Jefferson,https://jmp2.uk/plu-62442f28afe626000747f195.m3u8
I Love Lucy,https://jmp2.uk/plu-63a2f1dda0d69700078b7cba.m3u8
I Love Lucy,https://jmp2.uk/plu-634f3011f4fff20007431641.m3u8
I Puffi,https://jmp2.uk/plu-68adb5853efb41cd97ce413d.m3u8
I Shouldn't Be Alive,https://jmp2.uk/plu-69fcaaa1853a01a827bcd056.m3u8
I soliti idioti,https://jmp2.uk/plu-6602acadb2abe500081cf28a.m3u8
I Survived (720p),https://jmp2.uk/plu-6578852bcbd0d60008f876d7.m3u8
I Survived (720p),https://jmp2.uk/plu-657887d9dfed030008ce8aa8.m3u8
I Survived (720p),https://8e979536.wurl.com/master/f36d25e7e52f1ba8d7e56eb859c636563214f541/UmFrdXRlblRWLWdiX0lTdXJ2aXZlZF9ITFM/playlist.m3u8
I Survived (720p),https://a86a4e47.wurl.com/master/f36d25e7e52f1ba8d7e56eb859c636563214f541/U2Ftc3VuZy1nYl9JU3Vydml2ZWRfSExT/playlist.m3u8
I Survived,https://jmp2.uk/plu-657881c46e4f6a00087414c2.m3u8
I Survived...,https://jmp2.uk/plu-68c82005be767928b4a8ef0c.m3u8
I Survived… (720p),https://d1ewp56x5c748d.cloudfront.net/v1/aenetworks_i_survived_1/samsungheadend_us/latest/main/hls/playlist.m3u8
I-UA.tv (1080p),https://kie2.cdn.i-ua.tv/hlsme/iuatv.m3u8
IasiTV Life (1080p) [Not 24/7],https://tv.streambox.ro/hls/itv/index.m3u8
IBC 13 (480p) [Not 24/7],https://streams.comclark.com/pknsd/ibc_13/playlist.m3u8
IBC 24 (720p),https://cdn-3.pishow.tv/live/220/master.m3u8
IBC Bakthi (1080p),https://ibc.massstream.net/IBC2/index.m3u8
IBC Tamil (1080p),https://ibc.massstream.net/IBC/index.m3u8
IBN TV (480p),http://138.68.138.119:8080/live/5a8993709ea19/index.m3u8
IBN TV Africa (720p),http://68.183.41.209:8080/live/5d9a537c64b9c/index.m3u8
iCarly,https://jmp2.uk/plu-5e8b580a233dc90007f0cb9d.m3u8
iCarly,https://jmp2.uk/plu-6181404ef48321000797bc41.m3u8
iCarly,https://jmp2.uk/plu-61c0b9aab7facb0007913908.m3u8
iCarly,https://jmp2.uk/plu-61c1d9b31a9c310008f8ee57.m3u8
iCarly,https://jmp2.uk/plu-61c185049e0bde0007820039.m3u8
iCarly TV,https://jmp2.uk/plu-5f8ecc7aa44d9c00081fca29.m3u8
iCarly TV,https://jmp2.uk/plu-6450209d939a5900084dba1d.m3u8
Icaro TV (720p) [Not 24/7],https://59d7d6f47d7fc.streamlock.net/icarotv/icarotv/playlist.m3u8
ICC Plus (1080p),https://icchls.wns.live/hls/stream.m3u8
Ice Pilots,https://jmp2.uk/plu-5ce40f42ba7f7f5ea9518fe1.m3u8
Ice Road Truckers (720p),https://jmp2.uk/plu-657884cba620e30008fe33e1.m3u8
Ice Road Truckers (720p),https://jmp2.uk/plu-62beb6c0371e6c000775930f.m3u8
Ice Road Truckers (720p),https://6ffa57ba.wurl.com/master/f36d25e7e52f1ba8d7e56eb859c636563214f541/UmFrdXRlblRWLWdiX0ljZVJvYWRUcnVja2Vyc19ITFM/playlist.m3u8
Ice Road Truckers (720p),https://7aac8d7e.wurl.com/master/f36d25e7e52f1ba8d7e56eb859c636563214f541/U2Ftc3VuZy1nYl9JY2VSb2FkVHJ1Y2tlcnNfSExT/playlist.m3u8
Ice Road Truckers (720p),https://d27c7ivrw07fxl.cloudfront.net/v1/aenetworks_iceroadtruckers_1/samsungheadend_us/latest/main/hls/playlist.m3u8
Ice Road Truckers,https://jmp2.uk/plu-633560bfa693390008b99cf0.m3u8
Ice Road Truckers,https://jmp2.uk/plu-68c8201b1e5aaf77c47d9605.m3u8
Icel TV (720p) [Not 24/7],https://edge1.socialsmart.tv/iceltv/bant1/playlist.m3u8
ICI Montreal (720p),https://amdici.akamaized.net/hls/live/873426/ICI-Live-Stream/master.m3u8
Ici Radio-Canada Télé (1080p) [Geo-blocked],https://rcavlive-dai.akamaized.net/hls/live/696614/cancbftprem/master.m3u8
Ici Radio-Canada Télé Alberta (CBXFT-DT) [Geo-blocked],https://rcavlive.akamaized.net/hls/live/704020/cancbxft/master.m3u8
Ici Radio-Canada Télé Colombie-Britannique/Yukon (CBUFT-DT) [Geo-blocked],https://rcavlive.akamaized.net/hls/live/704017/cancbuft/master.m3u8
Ici Radio-Canada Télé Est du Québec (CJBR-DT) [Geo-blocked],https://rcavlive.akamaized.net/hls/live/704024/cancjbr/master.m3u8
Ici Radio-Canada Télé Estrie (CKSH-DT) [Geo-blocked],https://rcavlive.akamaized.net/hls/live/704016/cancksh/master.m3u8
Ici Radio-Canada Télé Manitoba (CBWFT-DT) [Geo-blocked],https://rcavlive.akamaized.net/hls/live/704018/cancbwft/master.m3u8
Ici Radio-Canada Télé Mauricie/Centre-du-Québec (CKTM-DT) [Geo-blocked],https://rcavlive.akamaized.net/hls/live/704021/cancktm/master.m3u8
Ici Radio-Canada Télé Ontario (CBLFT-DT) [Geo-blocked],https://rcavlive.akamaized.net/hls/live/704022/cancblft/master.m3u8
Ici Radio-Canada Télé Ottawa/Gatineau (CBOFT-DT) [Geo-blocked],https://rcavlive.akamaized.net/hls/live/664046/cancboft/master.m3u8
Ici Radio-Canada Télé Québec (CBVT-DT) [Geo-blocked],https://rcavlive.akamaized.net/hls/live/664045/cancbvt/master.m3u8
Ici Radio-Canada Télé Saguenay/Lac-St-Jean (CKTV-DT) [Geo-blocked],https://rcavlive.akamaized.net/hls/live/704023/cancktv/master.m3u8
Ici Radio-Canada Télé Saskatchewan (CBKFT-DT) [Geo-blocked],https://rcavlive.akamaized.net/hls/live/704019/cancbkft/master.m3u8
Ici Radio-Canada Télé Terre-Neuve-et-Labrador (CBAFT-DT) [Geo-blocked],https://rcavlive.akamaized.net/hls/live/704014/cancbaft/master.m3u8
ICI RDI (720p),https://rcavlive.akamaized.net/hls/live/704025/xcanrdi/master.m3u8
ICN Digital,https://streaming.icndigital.com/live_output/icn_live_stream_1.m3u8
icnet 1,https://icnet1hls.wns.live/hls/stream.m3u8
icnet 2,https://icnet2hls.wns.live/hls/stream.m3u8
icnet 3,https://ic3hls.wns.live/hls/stream.m3u8
Icon Film Channel (720p),https://iconfilmsdistribution-iconfilmchannelclassics-1-gb.samsung.wurl.tv/playlist.m3u8
ICONE TV,https://lecteur.iconetv.bj/hls/stream.m3u8
Icons Unearthed+,https://jmp2.uk/plu-686fc8fe1889b4ad04604704.m3u8
ICRTV Colima (1080p),https://5fc584f3f19c9.streamlock.net/icrtvcolima/smil:icrtvcolima.smil/playlist.m3u8
Ictimai TV,https://live.itv.az/itv.m3u8
ICTV (480p) [Not 24/7],https://goliveafrica.media:9998/live/659a7f33bed3f/index.m3u8
ICTV (1080p),http://stream.mcquack.net/158/index.m3u8
ICTV2 (1080p),http://stream.mcquack.net/368/index.m3u8
ID,http://213.91.179.28:8000/play/a0cf
Ideaal TV (480p) [Not 24/7],https://ms2.mx-cd.net/dtv-09/236-2051366/Ideaal_TV.smil/playlist.m3u8
Ideas en 5 minutos (1080p),https://soul-5mincraftspa-rakuten.amagi.tv/playlist.m3u8
Identité Télé Caraïbes (548p),https://vdo2.pro-fhi.net:3769/stream/play.m3u8
IDJTV,https://best-str.umn.cdn.united.cloud/stream?channel=idjhd&p=In%24trum300na765ta&player=m3u8&sp=idjtv&stream=hp1400&u=idjtv
IDTV (720p) [Not 24/7],https://b1world.beritasatumedia.com/Beritasatu/B1World_manifest.m3u8
IeanJesus Ecuador (720p),https://cloud37.ecuatel.com/iglesia2020/Stream1/playlist.m3u8
IERTBCS Canal 8.2 La Paz (1080p) [Not 24/7],https://s5.mexside.net:1936/xhbzc82/xhbzc82/playlist.m3u8
IERTBCS Canal 8 La Paz (1080p) [Not 24/7],https://s5.mexside.net:1936/xhbzc81/xhbzc81/playlist.m3u8
IFC (1080p),http://23.237.104.106:8080/USA_IFC/index.m3u8
iFilm 2,https://live.presstv.ir/hls/ifilm2.m3u8
iFilm Arabic,https://live.presstv.ir/hls/ifilmar.m3u8
iFilm English,https://live.presstv.ir/hls/ifilmen.m3u8
iFilm Persian,https://live.presstv.ir/hls/ifilmfa.m3u8
Iglesia Del Camino (480p) [Not 24/7],http://streamingcontrol.com:1935/ectv/ectv/playlist.m3u8
Ignite Television (1080p) [Not 24/7],https://rpn.bozztv.com/ignitelive/ignitetv/ignitetv/tracks-v1a1/mono.m3u8
IIPC TV (720p),https://rpn.bozztv.com/dvrfl03/iipctv/index.m3u8
Il Banco dei Pugni,https://jmp2.uk/plu-60e4507a06171800072339a3.m3u8
Il Sole24Ore TV (720p),https://jmp2.uk/plu-6971fc932c004063166ac8fd.m3u8
Il Testimone,https://jmp2.uk/plu-61fbd3f0733df400076c9a2d.m3u8
Ilam,https://ncdn.telewebion.ir/ilam/live/playlist.m3u8
Ilke TV (1080p),https://stream.ilketv.com.tr/hls/ilkecanli.m3u8
Ilm va Tabiat (1080p),https://live.teleradiocom.tj/15/3m.m3u8
ILTV (720p),https://live.creacast.com/iltv/smil:iltv.smil/playlist.m3u8
Imagen TV (1080p),https://igd-it-runtime.otteravision.com/igd/it/it.m3u8
Imagen Universal TV,https://imagenuniversaltv.net:3771/live/iutvlive.m3u8
Imai TV (1080p),https://live20.bozztv.com/akamaissh101/ssh101/imaitv/playlist.m3u8
Imam Hussein TV 1 (1080p),http://fa.imamhossaintv.com/live/ih1.m3u8
Imam Hussein TV 2 (1080p),http://ar.imamhossaintv.com/live/ih2.m3u8
Imam Hussein TV 3 (1080p),http://en.imamhossaintv.com/live/ih3.m3u8
Imam Hussein TV 4 (1080p),http://ur.imamhossaintv.com/live/ih4.m3u8
Imam Hussein TV 5 (720p),http://live.al-zahratv.com/live/playlist.m3u8
Imam Hussein TV 6 (1080p),http://live.imamhossaintv.com/live/ih6.m3u8
Iman TV (480p),https://live.relentlessinnovations.net:1936/imantv/imantv/playlist.m3u8
Imás TV (1080p) [Not 24/7],https://secure3.todostreaming.es/live/imastv-livestream.m3u8
Imedi TV (1080p),https://tv.cdn.xsg.ge/imedihd/index.m3u8
Immaculata TV (720p),https://g5nl63z8lpq6-hls-live.5centscdn.com/tvistream/a5586d8ea3b7b021120a05c60dc59876.sdp/playlist.m3u8
Impact Channel,https://5fe2654d6127d.streamlock.net/impactchannel/videoimpactchannel/playlist.m3u8
Impact Network (720p),https://edge1.lifestreamcdn.com/live/impactroku1/index.m3u8
Impact TV,https://edge11.vedge.infomaniak.com/livecast/ik:impacttv-2/manifest.m3u8
Impact TV (1080p),https://live.tvimpact.ro:8088/hevc/index.m3u8
Impact TV Dance (1080p),https://online.tvimpact.live/hls/dancetv.m3u8
Impact TV Manele (1080p),https://online.tvimpact.live/hls/impact_tv.m3u8
Impacto Televisión (360p) [Not 24/7],https://cloudvideo.servers10.com:8081/impactotv/index.m3u8
IMPD TV Worldwide (1080p),https://igrejamundial.nuvemplay.live/hls/stream.m3u8
Imperial Television (720p),https://live-evg5.tv360.bitel.com.pe/bitel/imperialSRT/playlist.m3u8
Imperial TV (720p),https://tv.centaurychile.com/imperial/streams/EnCyCiwNLsqEQ2kv2852222720686498.m3u8
Imperio TV Canal 6 (720p),https://live21.bozztv.com/akamaissh101/ssh101/imperiotvcanal6/playlist.m3u8
Impossible Quiz Show (1080p),https://bbc-impossible-1-us.roku.wurl.tv/playlist.m3u8
In Depth with Graham Bensinger (1080p),https://d3l6x4fdwxv0np.cloudfront.net/In_Depth_With_Graham_Bensinger.m3u8
In The Black Network (720p),https://stream.ads.ottera.tv/playlist.m3u8?content_livestream=1&network_id=16206
In the kitchen (720p),https://qvc-amd-live.akamaized.net/hls/live/2034113/lsqvc4us/master.m3u8
In Touch+ (1080p),https://amg01540-amg01540c1-amgplt0095.playout.now3.amagi.tv/playlist.m3u8
INA 70 (720p),https://jmp2.uk/plu-639b54404cfdf7000729b3c1.m3u8
INA 70s (1080p),https://fast-rakuten.okast.tv/fa2e8c4385712f9af3e719ec904b3543/channels/34d82f76-b51f-4bf5-9b35-769fb5904e79/96f96405-90e7-489a-a1e6-8ede5d2b4933/media_.m3u8
INA Ardivision (1080p),https://fast-rakuten.okast.tv/fa2e8c4385712f9a3b579747e448699c/channels/34d82f76-b51f-4bf5-9b35-769fb5904e79/a4226699-b685-4f5d-9cb6-2a6cac14c377/media_.m3u8
Inazuma Eleven,https://jmp2.uk/plu-632c6df43d2bc5000751f621.m3u8
Inazuma Eleven Go Italy (720p),https://minerva-pictures-inazumaelevengo-1-it.rakuten.wurl.tv/playlist.m3u8
INC TV (480p),https://streams.comclark.com/pknsd/inc_tv/playlist.m3u8
Income Property,https://jmp2.uk/plu-62e926429cb58900088f951f.m3u8
Incroyables Transformations (720p),https://jmp2.uk/plu-66f55d205e4a6e0008c2b92b.m3u8
India Ahead (576p),https://mumt05.tangotv.in/87NeALx2INDIAAHEAD/index.m3u8
India Daily Live (1080p),https://indiadaily.ottlive.co.in/indiadailylive/index.m3u8
India News Madhya Pradesh/Chhattisgarh (576p),https://livetv.newsx.com/itv/itvnetwork7/playlist.m3u8
India Today (720p),https://d1rc86nwwc9fag.cloudfront.net/vglive-sk-293160/master.m3u8
India TV (720p),https://pl-indiatvnews.akamaized.net/out/v1/db79179b608641ceaa5a4d0dd0dca8da/index.m3u8
India TV Aap Ki Adalat (1080p) [Geo-blocked],https://amg01550-amg01550c6-samsung-in-4679.playouts.now.amagi.tv/playlist/amg01550-indiatvfast-indiatvakasamsung-samsungin/playlist.m3u8
India TV Speed News (1080p),https://cc-lyf4c0hwzg5dd.akamaized.net/v1/master/3722c60a815c199d9c0ef36c5b73da68a62b09d1/cc-lyf4c0hwzg5dd/v1/vglive-sk-479089/main.m3u8
Indigenous Television (720p),https://np.truestreamz.com/broadcaster/INDIGENOUSmob.stream/playlist.m3u8
Indigenous TV (720p),http://streamipcf.akamaized.net/live/_definst_/smil:liveabr.smil/playlist.m3u8
Indiyskoye Kino (576p),http://188.113.190.12/329/index.m3u8
Indonesiana.TV (720p),https://tvstreamcast.com/indonesiana.m3u8
Indywood TV (720p),https://43wrzjnpqoxe-hls-live.wmncdn.net/indywood/indywoodtv/index.m3u8
INews (720p),https://cdn-1.pishow.tv/live/411/master.m3u8
iNews HD (720p),https://mncmedia.malingtv.workers.dev/inews.m3u8
iNEWS TV (1080p),https://live.i-news.tv/hls/stream.m3u8
INFAST (1080p),https://amg00861-terninternation-lifestyle-samsungau-kdlyy.amagi.tv/playlist/amg00861-terninternation-lifestyle-samsungau/playlist.m3u8
Infinita TV (1080p),https://s2.tvdatta.com:3753/hybrid/play.m3u8
Informatia TV,https://informatia.streamnet.ro/mobile_tv/informatiatv.m3u8
Informe TV (1080p) [Not 24/7],https://edge.essastream.com/informetv/tracks-v1a1/mono.m3u8
InfoWars Network (1080p),https://freespeech.akamaized.net/hls/live/2016712/live1/playlist.m3u8
InfoWars The Alex Jones Show (1080p),https://freespeech.akamaized.net/hls/live/2024573/live2/playlist.m3u8
InfoWars The American Journal (1080p),https://freespeech.akamaized.net/hls/live/2016873/live3/playlist.m3u8
InfoWars War Room With Owen Shroyer (1080p),https://freespeech.akamaized.net/hls/live/2024574/live4/playlist.m3u8
Ingenio TV (720p) [Geo-blocked],https://aprende-usea.streaming.media.azure.net/9317ea3f-03a0-4266-9292-ac97a0e41c4d/output-20230609-123537-manifest.ism/manifest(format=m3u8-cmaf).m3u8
INH 24x7 (396p),https://d1msejlow1t3l4.cloudfront.net/fta/inh24x7/playlist.m3u8
Ink Master,https://jmp2.uk/plu-655f2d713944b60008bc7e90.m3u8
Ink Master,https://jmp2.uk/plu-60807fd5db701400078219c2.m3u8
Inmaculada TV (720p) [Not 24/7],https://live20.bozztv.com/akamaissh101/ssh101/radiotvcholy/playlist.m3u8
Inooro TV,https://live-onesignal.royalmedia.co.ke/live/T-MxRsFebq6zx7k2QFMbLw.m3u8
InRating TV (1080p),http://stream.mcquack.net/147/index.m3u8
Insayt TV (2160p),https://stream8.cinerama.uz/1416/tracks-v1a1/mono.m3u8
Inside Crime (1080p),https://aenetworks-insidecrime-rakuten.amagi.tv/playlist.m3u8
Inside Outside (720p),https://all3media-international-insideoutside-1-au.samsung.wurl.tv/playlist.m3u8
Inside Outside (720p),https://all3media-international-insideoutside-1-nz.samsung.wurl.tv/playlist.m3u8
Inside Outside (720p),https://all3media-international-insideoutside-2-gb.samsung.wurl.tv/playlist.m3u8
INSP (720p),http://40.160.24.53/INSP/index.m3u8
Inspetor Bugiganga,https://jmp2.uk/plu-69162648d03565d6c8c8df97.m3u8
Instant Saga,https://jmp2.uk/plu-60549e98061b5f000776866a.m3u8
Insync (576p),http://103.175.73.12:8080/live/160/master.m3u8
Inter (1080p),http://stream.mcquack.net/174/index.m3u8
INTER 24/7 (1080p),https://amg27604-amg27604c1-amgplt0002.playout.now3.amagi.tv/playlist/amg27604-amg27604c1-amgplt0002/playlist.m3u8
Inter 24/7 (720p),https://jmp2.uk/plu-691ed76a9c828fb484f7c2e5.m3u8
Inter 24/7 (720p),https://jmp2.uk/plu-691ed77b1308fa77bb2d5562.m3u8
Inter 24/7,https://jmp2.uk/plu-691ed751bef819002f2c7296.m3u8
Inter 24/7,https://jmp2.uk/plu-691c5bef3a369d8f40192e71.m3u8
Inter+ (720p),https://cdn15.live-tv.cloud/ua_infinitas_tv/inter-abr/playlist.m3u8
Interactiva TV (720p),https://unlimited2-cl-isp.dps.live/radiointeractiva/radiointeractiva.smil/playlist.m3u8
Interactivo Television (720p),https://mist01.homestream.fun/hls/interactivotv2/index.m3u8
Interalmeria TV (1080p),https://interalmeria.tv/directo/live.m3u8
Intercomarcal TV (576p) [Not 24/7],https://streamingtvi.gestec-video.com/hls/tvixa.m3u8
Intermediate League Curaçao [Geo-blocked],https://streannlivecariflix.cachefly.net/cariflix12/cariflix12/playlist.m3u8
Interradio TV,https://tv.arkeo.cl:1936/8002/8002/playlist.m3u8
interTV (1080p),https://streamtv.intervenhosting.net:3439/hybrid/play.m3u8
Intervention (1080p),https://amg00276-amg00276c17-samsung-gb-3791.playouts.now.amagi.tv/playlist.m3u8
Intervention by A&E (1080p) [Geo-blocked],https://pb-5kduxc2en4kdz.akamaized.net/Intervention_by_AE.m3u8
Inti TV (1080p) [Not 24/7],https://5e2f36bc1c433.streamlock.net/inti/inti-network.stream/.m3u8
InTravel (1080p),https://amg00861-amg00861c10-rakuten-uk-3152.playouts.now.amagi.tv/playlist.m3u8
INTROUBLE (1080p),https://amg00861-amg00861c6-stirr-us-8229.playouts.now.amagi.tv/playlist.m3u8
Intuitiva TV (720p),https://video2.lhdserver.es/cableperu/live.m3u8
INTV Australia (720p),http://tv1.intv.mk:1935/live/intv/index.m3u8
Inuyasha,https://jmp2.uk/plu-66b26681d2d50d00083abe8b.m3u8
Inuyasha,https://jmp2.uk/plu-66b26665d512590008c507b7.m3u8
Inuyasha,https://jmp2.uk/plu-67c63b90a20c0399a381b816.m3u8
Invasiva TV (720p),https://tv-omega-nine.vercel.app/hls/live.m3u8
Investiga,https://jmp2.uk/plu-5cf96b8f4f1ca3f0629f4bf1.m3u8
Investigation by Pluto TV,https://jmp2.uk/plu-6683cd2fca74680008772545.m3u8
INWILD (1080p),https://amg00861-terninternation-inwild-samsunguk-w5wic.amagi.tv/playlist/amg00861-terninternation-inwild-samsunguk/playlist.m3u8
InWonder (1080p),https://amg00861-terninternation-inwonder-samsungau-1k63k.amagi.tv/playlist/amg00861-terninternation-inwonder-samsungau/playlist.m3u8
ION (720p),https://jmp2.uk/plu-65453f30085df200085883d8.m3u8
ION (1080p) [Geo-blocked],https://pb-xhb3ic8b61whm.akamaized.net/Ion_US.m3u8
ION Mystery (1080p),https://aegis-cloudfront-1.tubi.video/3b6afc3b-97f7-4f22-99f4-7bcff60fc39d/playlist.m3u8
ION Mystery (1080p) [Geo-blocked],https://pb-usmbvsgwcg8pc.akamaized.net/Ion_Mystery_US.m3u8
ION Plus (1080p),https://cdn-uw2-prod.tsv2.amagi.tv/linear/amg01438-ewscrippscompan-ionplus-tablo/playlist.m3u8
iON TV (576p),https://ap02.iqplay.tv:8082/iqb8002/i09/playlist.m3u8
Ionian Channel (1080p) [Not 24/7],http://stream.ioniantv.gr:8081/ionian/live/playlist.m3u8
IP Noticias (720p),https://twitch-m3u8.bastypro112.workers.dev/argentina_12tw/index.m3u8
IQ Channel (720p),https://rtmp.info/iqtv/envivo/playlist.m3u8
Iqra TV,https://cdn149.anystream.uk:8082/app/iq53la/playlist.m3u8
Iqraa Africa & Europe (1080p),https://playlist.fasttvcdn.com/pl/dlkqw1ftuvuuzkcb4pxdcg/Iqraafasttv1/playlist.m3u8
Iqraa Arabic (1080p) [Not 24/7],https://playlist.fasttvcdn.com/pl/dlkqw1ftuvuuzkcb4pxdcg/Iqraafasttv3/playlist.m3u8
Iqraa Quran (1080p),https://playlist.fasttvcdn.com/pl/dlkqw1ftuvuuzkcb4pxdcg/Iqraafasttv2/playlist.m3u8
Iquique TV (1080p),https://origin.skarnetchile.com:8081/iquiquetv-hd/index.m3u8
Iran International (1080p),https://hlspackager.akamaized.net/live/DB/IRAN_INTERNATIONAL/HLS/IRAN_INTERNATIONAL.m3u8
Iran Jewish TV,http://iran620.com:1935/live/IranJewishTv/playlist.m3u8
Iran Nama,https://iran613hls.wns.live/hls/stream.m3u8
Iran National Revolution TV,https://hls.irannrtv.live/hls/stream.m3u8
Iran Press,https://live.presstv.ir/hls/presstv_5_482/index.m3u8
Iraq Future (480p),https://viewmedia7219.bozztv.com/wmedia/viewmedia100/web_040/Stream/playlist.m3u8
IRIB1,https://ncdn.telewebion.ir/tv1/live/playlist.m3u8
IRIB2,https://ncdn.telewebion.ir/tv2/live/playlist.m3u8
IRIB3,https://ncdn.telewebion.ir/tv3/live/playlist.m3u8
IRIB4,https://ncdn.telewebion.ir/tv4/live/playlist.m3u8
IRIB UHD (2160p),https://ncdn.telewebion.ir/faratar/live/playlist.m3u8
IRINN (576p),http://185.9.2.18/chid_926/index.m3u8
IRINN2 Live Farsi News,https://ncdn.telewebion.ir/irinn2/live/playlist.m3u8
Iris [Geo-blocked],https://live3-mediaset-it.akamaized.net/Content/hls_h0_clr_vos/live/channel(ki)/index.m3u8
Iron Chef,https://jmp2.uk/plu-6582f8dadfed030008e5a93d.m3u8
Ironside (720p),https://jmp2.uk/plu-6900997e043e3df1897d017f.m3u8
IRT (720p),https://stream.irt.ua/memfs/8fac7cbb-3356-4a03-bb77-4439b727ebd2.m3u8
ISA TV,https://scl.edge.grupoz.cl/isatv/live/playlist.m3u8
Isaac TV (720p),https://livecdn.live247stream.com/isaac/tv/playlist.m3u8
Isai Aruvi (576p),http://ptuf.ridsys.in/riptv/live/KALAIGNAR_ISAI_ARUVI/index.m3u8
Isango TV (480p) [Not 24/7],http://80.241.215.175:1935/isangostar/isangostar/playlist.m3u8
Isfahan,https://ncdn.telewebion.ir/esfahan/live/playlist.m3u8
Ishtar TV (1080p),https://stream.ishtartv.com/live/iShtarHD/playlist.m3u8
Ishwar Bhakti TV (720p),https://6n3yow8pl9ok-hls-live.5centscdn.com/ishwartvlive/tv.stream/playlist.m3u8
Isibo TV,https://5c46fa289c89f.streamlock.net/pub2live/myStream/playlist.m3u8
Isla TV (480p),https://59d39900ebfb8.streamlock.net/islatv/islatv/playlist.m3u8
Islam Channel (576p) [Not 24/7],https://live.islamchannel.tv/live11/islamtv_english/bitrate1.isml/live.m3u8
Island Luck TV,https://cdn3.wowza.com/5/dFA0TmRpeFdNVXhT/NetUp/ILTV.stream/playlist.m3u8
Island Vibes (1080p),https://d3fe47ml3w3qj1.cloudfront.net/playlist.m3u8
Islandia (720p),https://cdn15.live-tv.cloud/ua_infinitas_tv/islandiya-abr/playlist.m3u8
Islita TV (1080p),https://tv.arkeo.cl:1936/unetev/unetev/playlist.m3u8
Istoki (1080p),https://istoki.tv/live/stream1/playlist.m3u8
Istoriya (576p),http://hls127.freeott.top:8080/Istoriya/video.m3u8
iSTUFF (720p) [Not 24/7],https://relay2.cdn.fem-net.de/hls/loop/istuff_live/istuff_live-720p.m3u8
ISTV (720p) [Not 24/7],https://stmv1.srvstm.com/sistema7933/sistema7933/playlist.m3u8
ISTV (480p),https://livefta.malimarcdn.com/ftaedge00/ichannel.sdp/playlist.m3u8
It Is Written TV (1080p),https://itiswrittentv.akamaized.net/xR8gyATuHMVx69u9G79DXnpNRL/playlist.m3u8
It’s Anime (1080p),https://d1isoijd9dbbf7.cloudfront.net/playlist.m3u8
It's Supernatural! Network (1080p),https://content.uplynk.com/channel/b880a791bf95426d917a509e0c44796a.m3u8
Itage TV (480p),https://viewmedia7219.bozztv.com/wmedia/viewmedia100/web_011/Stream/playlist.m3u8
Italia 1 [Geo-blocked],https://live3-mediaset-it.akamaized.net/Content/hls_h0_clr_vos/live/channel(i1)/index.m3u8
Italia 2 (480p) [Geo-blocked],https://59d7d6f47d7fc.streamlock.net/italia2/italia2/playlist.m3u8
Italia 2 TV (480p) [Geo-blocked],http://wms.shared.streamshow.it/italia2/mp4:italia2/playlist.m3u8
Italia 7 (576p),http://151.0.207.99:1935/italia7/italia7/playlist.m3u8
Italian Fishing TV (1080p),https://fms.premio.link/fishingtv/playlist.m3u8
Italianissimo (360p) [Not 24/7],https://vcp.myplaytv.com/italianissimo/italianissimo/playlist.m3u8
Itel TV Canal 2,https://proxystream.iteltv.com.ar/output/iteltv/playlist.m3u8
ITSF (1080p),https://streams2.sofast.tv/v1/master/611d79b11b77e2f571934fd80ca1413453772ac7/20a0ac30-d157-4400-8f64-3c52b37c645c/manifest.m3u8
ITV (480p),https://cdn10.live-tv.cloud/itvrv/abr-lq/playlist.m3u8
ITV1 (1080p),https://xemzi.short.gy/1000011
ITV2 HD (1080p),https://xemzi.short.gy/1000012
ITV Choice (1080p) [Geo-blocked],https://amg00654-itvstudios-itvchoice-samsungau-2bacj.amagi.tv/playlist/amg00654-itvstudios-itvchoice-samsungau/playlist.m3u8
ITV Deportes (720p),https://thm-it-roku.otteravision.com/thm/it/it.m3u8
iTV HD,https://ip.pdtvhd.com/Khmer/streams/ITVHD.m3u8
ITV Patagonia (720p),https://redirector.dps.live/hls/itv/playlist.m3u8
ITV Un Village Français (1080p),https://amg00654-itv-amg00654c32-rakuten-fr-6134.playouts.now.amagi.tv/playlist/amg00654-itvstudiosfast-unvillagesfrancais-rakutenfr/playlist.m3u8
Iunior TV (1080p),https://5f22d76e220e1.streamlock.net/iuniortv/iuniortv/chunklist_w774879328.m3u8
Ivoire Channel (720p),https://video1.getstreamhosting.com:1936/8244/8244/playlist.m3u8
Izaura TV (1080p),http://88.212.15.19/live/izaura/index.m3u8
Izmail TV (384p),https://cdn10.live-tv.cloud/izod/izod-abr-lq/playlist.m3u8
Izzah TV (480p),https://streaming.radiosalamjambi.com/izzahtv.m3u8
J3NEWS TV,https://video01.brascast.com/d92ebb4f/d92ebb4f/playlist.m3u8
J Movie (576p),http://103.72.101.252:8080/live/417.m3u8
Jacal Canal 5 (720p) [Not 24/7],https://stream.oursnetworktv.com/latin/jacaltv/playlist.m3u8
Jack Hanna (1080p),https://amg00111-hearstmediafast-amg00111c1-samsung-gb-2186.playouts.now.amagi.tv/playlist/amg00111-hearstmediafast-jackhanna-samsunggb/playlist.m3u8
Jacksonville Freedom Fountain Camera Live,https://reflect-jacksonville.cablecast.tv/live-7/live/live.m3u8
Jacksonville Onslow Government Television (G10TV) (Jacksonville NC) (1080p),https://reflect-jacksonville.cablecast.tv/live-8/live/live.m3u8
Jade Fever,https://jmp2.uk/plu-660d6ade0cd4630008f4a127.m3u8
Jade Fever,https://jmp2.uk/plu-660d6b00635c75000828aa27.m3u8
Jade Fever,https://jmp2.uk/plu-660d6b3caec9680008f8debe.m3u8
JAG,https://jmp2.uk/plu-65ccd26060eb870008db95fc.m3u8
JAG,https://jmp2.uk/plu-660e5dc60cd4630008f6198a.m3u8
JAG,https://jmp2.uk/plu-654a4ab92c1d330008657ae5.m3u8
JAG,https://jmp2.uk/plu-654a4fc753fc9700083ae79f.m3u8
JAG,https://jmp2.uk/plu-654a515f986ad20008a4593b.m3u8
JAG,https://jmp2.uk/plu-66a105f4a79dea0008aa5e0f.m3u8
Jahanbin,https://ncdn.telewebion.ir/jahanbin/live/playlist.m3u8
Jahonnamo (1080p),https://live.teleradiocom.tj/4/3m.m3u8
Jaihind TV (396p),https://yuppnimrestreammum.akamaized.net/260723/smil:jaihind1.smil/playlist.m3u8?hdnts=st%3D1735898689~exp%3D1835898688~acl%3D%2A~hmac%3Df5fe24724fe05481e3841f9eb5ab8efdee0a3dd83645ae9dcf45703f525bab7b
Jail (720p),https://langleyproductions-jail-1-eu.rakuten.wurl.tv/playlist.m3u8
Jail,https://e85541db4ae943d9b5a09477d6b1d8ab.mediatailor.us-east-1.amazonaws.com/v1/master/44f73ba4d03e9607dcd9bebdcb8494d86964f1d8/RakutenTV-eu_Jail/playlist.m3u8
Jak TV [Geo-blocked],https://op-group1-swiftservesd-1.dens.tv/s/s123/index2.m3u8
Jakt är Jakt,https://jmp2.uk/plu-62e7ba25be69bc0007b77fdc.m3u8
Jakt är Jakt,https://jmp2.uk/plu-62e7babea3e6270007f5564a.m3u8
Jalisco TV (720p),https://video0.rogohosting.com:19360/sisjalisciense/sisjalisciense.m3u8
Jalwa TV,http://119.156.228.231:9983/stream/channelid/1893273325?profile=pass&ticket=B3DB50D5930411D593B973B8404789C46D3559B8
Jamaica Online TV (1080p) [Not 24/7],https://tvsw7-hls.secdn.net/tvsw7-chorigin/play/prod-bb11dd0e11ca45229a3f58aeff5213d8/playlist.m3u8
Jamaica Travel Channel (720p),https://stream-207076.castr.net/651b2d8bde8119abf5dabf19/live_2e935360c78c11eea7a2615e1a7388f3/index.m3u8
Jambi TV,https://jambitv.globaldigitalcore.com/hls/sah5tu7Eiveepohyieyie3OoteL2anga.m3u8
Jambyl (360p) [Not 24/7],https://stream.kaztrk.kz/regional/taraztv/index.m3u8
Jan TV (576p),https://cdn-6.pishow.tv/live/10004/master.m3u8
Janam TV (576p),https://mumt03.tangotv.in/Dsly5z3HJANAMTV/index.m3u8
Janapriyam TV (480p),http://103.72.101.252:8080/live/1455.m3u8
Janta TV (1080p),https://live.jswk.online/IK_RTPM/live/index.m3u8
Japanim TV (1080p),https://foxkidstv.be:3369/stream/play.m3u8
JARABACOA TV (1080p) [Not 24/7],https://streaming.jarabacoatv.com/Jarabacoa_tv/playlist.m3u8
Jászsági Térségi TV (440p),https://cloudfront44.lexanetwork.com:1344/relay01/broadcast007.sdp/playlist.m3u8
Jawa Pos TV Jakarta (720p),http://122.248.43.242:1935/JAWAPOSTVJKT/_definst_/myStream/playlist.m3u8
Jawhara TV (720p) [Not 24/7],http://streaming.toutech.net:1935/live/mp4:jawharafm.sdp/playlist.m3u8
Jaya Max (576p),http://103.72.101.252:8080/live/420.m3u8
Jaya TV (1080p),http://103.72.101.252:8080/live/419.m3u8
Jaya TV (480p),https://edge3-moblive.yuppcdn.net/drm/smil:jayamagatvdrm.smil/index.m3u8
Jazz Club (Radio) [Geo-blocked],http://80.79.6.221:25461/smash/public/25
Jazz TV (1080p) [Not 24/7],https://stream.nasatv.com.mk/jazztv/hls/jazztv_live.m3u8
JBN Canal 39 (720p) [Not 24/7],https://hdbox.chunklistv.com/live?stream=jbn39
JBN TV (1080p),https://tv.webmedialive.com/jbn_live/enlace/playlist.m3u8
JBS (720p),https://rpn3.bozztv.com/jbstv-srt/srt-push/jbstv/playlist.m3u8
JČ1 (1080p),https://stream.jc1.cz/hls/jc1.m3u8
JCM TV (720p) [Not 24/7],https://goliveafrica.media:9998/live/646c92d07b16c/index.m3u8
Jeddah Radio (1080p),https://live.kwikmotion.com/sbrksajeddahradiolive/srpksajeddahradio/chunks.m3u8
Jednotka,http://88.212.15.19/live/test_jednotka_25p/playlist.m3u8
Jeepney TV (480p),https://streams.comclark.com/pknsd/jeepney/playlist.m3u8
Jeevan TV (576p),https://cdn-3.pishow.tv/live/1467/master.m3u8
Jehová Nissi (720p),https://stream.oursnetworktv.com/latin/nissiGtmH/playlist.m3u8
Jehova TV,https://mp.panelchs.com:1936/8038/8038/playlist.m3u8
Jek TV (720p) [Not 24/7],http://27.124.81.245:1935/jektv/myStream/playlist.m3u8
Jeremiah TV,https://x.streamablecloud.com/stream/hls/jeremiahtv/index.m3u8
Jersey Shore,https://jmp2.uk/plu-6442508e5a0cd500083edd3c.m3u8
Jersey Shore,https://jmp2.uk/plu-64424b21e1979c0008379681.m3u8
Jersey Shore,https://jmp2.uk/plu-64424c1be94c380008d0a98c.m3u8
Jersey Shore,https://jmp2.uk/plu-609bfa51fbecc1000733152e.m3u8
Jersey Shore Family Vacation,https://jmp2.uk/plu-6728c831c7626f0008b28127.m3u8
Jersey Shore Family Vacation,https://jmp2.uk/plu-6728c87cc7626f0008b28149.m3u8
Jersey Shore Family Vacation,https://jmp2.uk/plu-6728c8b45534bb0008b31f35.m3u8
Jewelry Television (720p),https://content.jwplatform.com/live/broadcast/oe7UD7Ag.m3u8
Jewelry Television Espanol (720p),https://82934cf9c8696bd2.mediapackage.us-east-1.amazonaws.com/out/v1/72b5a55e4c35445f9e742871aa0aefa2/index.m3u8
Jewelry TV 2 (720p),https://cdn.jwplayer.com/live/broadcast/0rrJ3kkM.m3u8
Jewish Life Television (1080p),https://jlt-jltv-strimm.otteravision.com/jlt/jltv/jltv.m3u8
JFV TV (720p),https://2nbyj587d53k-hls-live.5centscdn.com/09/25b94ec89b2aa708c3c4ad0014b09845.sdp/playlist.m3u8
Jiangxi Children's Channel,https://play-live-hls.jxtvcn.com.cn/live-city/tv_jxtv6.m3u8
Jiangxi City Channel,https://play-live-hls.jxtvcn.com.cn/live-city/tv_jxtv2.m3u8
Jiangxi Economy & Life Channel,https://play-live-hls.jxtvcn.com.cn/live-city/tv_jxtv3.m3u8
Jiangxi Movie Channel,https://play-live-hls.jxtvcn.com.cn/live-city/tv_jxtv4.m3u8
Jiangxi Public & Agriculture Channel,https://play-live-hls.jxtvcn.com.cn/live-city/tv_jxtv5.m3u8
Jibek Joly HD (1080p),https://stream.qazcdn.net/ex6r514/jjtv/playlist.m3u8
Jihočeská televize (1080p),https://vysilani.zaktv.cz/broadcast/hls/jtv/index.m3u8
Jilin City Channel,https://lsfb.avap.jilintv.cn/zqvk7vpj/channel/7e8474e6daea44ccaa5aa2300191439e/index.m3u8
Jilin Lifestyle Channel,https://lsfb.avap.jilintv.cn/zqvk7vpj/channel/0a76740c72b74fabae611845aa21e06a/index.m3u8
Jilin Movie Channel,https://lsfb.avap.jilintv.cn/zqvk7vpj/channel/906341e6f19b4c4bacdc89941eb85d12/index.m3u8
Jilin Rural Channel,https://lsfb.avap.jilintv.cn/zqvk7vpj/channel/3ffc4824dce54b92be185555923ce382/index.m3u8
Jim (720p),https://live-fi.tvkaista.net/jim/live.m3u8?hd=true
Jimani TV (360p) [Geo-blocked],https://cloud2.streaminglivehd.com:1936/8246/8246/playlist.m3u8
JimJam Europe (720p),http://212.5.144.156:8080/jimjam/index.m3u8
Jin TV,https://live.jintv.org/medialive/jintv.m3u8
Jinvani Channel (720p),https://cdn-2.pishow.tv/live/989/master.m3u8
JK 24x7 News (720p) [Not 24/7],https://live.gulistannews.in/hls/jk.m3u8
JKN 18 (1080p),https://lb1-live-mv.v2h-cdn.com/hls/ffda/jkn18/jkn18.m3u8
JN19 (1080p) [Not 24/7],https://servilive.com:3028/live/jntv19live.m3u8
JNE TV (720p),https://lbgo.bozztv.com/ssh101/ssh101/jnetv/playlist.m3u8
JOAX-DTV,https://ntv5.mov3.co/hls/ntv.m3u8
JOB TV (1080p),https://jobtvserver.eu/hls/stream.m3u8
Jocky TV,http://88.212.15.19/live/jocky/index.m3u8
JOCX-DTV,https://fujitv4.mov3.co/hls/fujitv.m3u8
Joe FM (720p) [Not 24/7],https://dpp-streamlive-plain.medialaancdn.be/joe_kijklive/plain/hls_hd.m3u8
Joel Osteen Network (1080p),https://linear-860.frequency.stream/dist/xumo/860/hls/master/playlist.m3u8
JOEX-DTV (540p),https://tvasahi.mov3.co/hls/tvasahi.m3u8
Jogja Istimewa TV (720p),http://103.255.15.222:1935/tv/jitv_720p/playlist.m3u8
Jogja TV (720p) [Not 24/7],https://stream.jogjatv.co.id/jtvlive/stream/index.m3u8
JOJG-DTV (1080i),https://tv-stream-test.daydreamer-json.cc/fe8bf835820fb530467f75a9cb761504/master.m3u8
JoJo's Bizarre Adventure (1080p),https://d2kqaqstkr42e1.cloudfront.net/playlist.m3u8
JoJo’s Bizarre Adventure,https://jmp2.uk/plu-66c7982f6838ee00085f0d24.m3u8
JoJo’s Bizarre Adventure,https://jmp2.uk/plu-66c790f780a0af0008583aa4.m3u8
Jonack (576p),http://103.175.73.12:8080/live/676/master.m3u8
JonmoBhumi TV (720p),https://jtvs.ncare.live/Gznr84Woj7UEye3OPVeWq2ForboWAgdV/jonmobhumitv.stream/playlist.m3u8
JooMusic (720p),https://livecdn.live247stream.com/joomusic/tv/playlist.m3u8
Jordan Archive (1080p),https://playlist.fasttvcdn.com/pl/cc0blorawy1ibohhrupraa/Archive/playlist.m3u8
Jordan Comedy (1080p),https://playlist.fasttvcdn.com/pl/cc0blorawy1ibohhrupraa/Comedy/playlist.m3u8
Jordan Drama (1080p),https://playlist.fasttvcdn.com/pl/cc0blorawy1ibohhrupraa/Drama/playlist.m3u8
Jordan Kitchen (1080p),https://playlist.fasttvcdn.com/pl/cc0blorawy1ibohhrupraa/cooking/playlist.m3u8
Jordan Satellite Channel (1080p),https://jrtv-live.ercdn.net/jordanhd/jordanhd.m3u8
Jordan Songs (1080p),https://playlist.fasttvcdn.com/pl/cc0blorawy1ibohhrupraa/Song/playlist.m3u8
Jordan Sport (1080p),http://93.184.10.248/JordanSport/index.m3u8
Jordan Tourism (1080p),https://playlist.fasttvcdn.com/pl/cc0blorawy1ibohhrupraa/Tourism/playlist.m3u8
Jornada nas Estrelas A Nova Geração,https://jmp2.uk/plu-69162ad79505d0f3b1ebf07d.m3u8
Jornada nas Estrelas Deep Space Nine,https://jmp2.uk/plu-69162af591700f4c4c135c95.m3u8
Jornada nas Estrelas Voyager,https://jmp2.uk/plu-69162b1ef189e235142b17ab.m3u8
JORX-DTV,https://tbs5.mov3.co/hls/tbs.m3u8
Joshua TV (720p),https://livecdn.live247stream.com/joshua/tv/playlist.m3u8
Josué TV (1080p),https://videoserver.tmcreativos.com:19360/abbftuhxxs/abbftuhxxs.m3u8
Jothi TV (1080p),http://103.154.3.101:5001/live/2768.m3u8
JOURNY TV (720p),https://d3s3a5c7f101eb.cloudfront.net/playlist.m3u8
Jovem Pan News (JP News) (1080p) [Not 24/7],https://d6yfbj4xxtrod.cloudfront.net/out/v1/7836eb391ec24452b149f3dc6df15bbd/index.m3u8
Joy TV (1080p),https://ktismaservers.in:3412/live/joytvlive.m3u8
JPD TV [Not 24/7],https://imagenuniversaltv.net:3026/live/juanpabloduartetvlive.m3u8
JRTV Järviradio (720p),https://streamer.radiotaajuus.fi/memfs/47f113bf-04ea-493b-a9d4-52945fd9db31.m3u8
JTBS Classic,https://jtbsclassic.dpdns.org/live.m3u8
JTV (720p),http://122.248.43.242:1935/JTVSURABAYA/_definst_/myStream/playlist.m3u8
JTV Jewelry Love (1080p) [Geo-blocked],https://jewelrytv-xumo.amagi.tv/playlist.m3u8
JTV Madiun,http://122.248.43.242:1935/JTVMADIUN/_definst_/myStream/playlist.m3u8
JTV Madura (480p) [Not 24/7],http://122.248.43.242:1935/JTVMADURA/_definst_/myStream/playlist.m3u8
JTV Malang,http://122.248.43.242:1935/JTVMALANG/_definst_/myStream/playlist.m3u8
Júbilo TV (720p),http://173.249.60.54/hls/jubilotv.m3u8
Judge Judy,https://jmp2.uk/plu-622f498d119b4c000719c0b7.m3u8
Judge Judy,https://jmp2.uk/plu-6380c36389eccc000858c50f.m3u8
Judge Judy,https://jmp2.uk/plu-6380c428dd0f47000799907c.m3u8
Judge Judy,https://jmp2.uk/plu-6380c4ab81c8d2000790fbf3.m3u8
Judge Nosey (1080p),https://amg00514-noseybaxterllc-realnosey-cineverse-tqbpv.amagi.tv/playlist/amg00514-noseybaxterllc-realnosey-cineverse/playlist.m3u8
Juice TV (1080p) [Not 24/7],https://juicex.nz/hls/mystream.m3u8
Junior Technologia TV (1080p) [Not 24/7],https://streamunoapp.com:3616/live/juniorrodrigueztvlive.m3u8
Juntos TV (720p),https://video.juntostvchile.cl:8879/hls/web-jntv.m3u8
Juntos TV (1080p),http://bantel-cdn1.iptvperu.tv:1935/btnscrtn/juntos_tv.stream/playlist.m3u8
Jupiter TV (1080p),https://streams2.sofast.tv/v1/master/611d79b11b77e2f571934fd80ca1413453772ac7/c7e85b21-ea01-42b4-85db-15dcfec98942/manifest.m3u8
Jus Hindi (1080p),http://103.154.3.101:5001/live/960.m3u8
Jus One (1080p),http://103.154.3.101:5001/live/961.m3u8
Jus Punjabi (1080p),http://103.154.3.101:5001/live/959.m3u8
Just for Laughs Gags (1080p),https://streams2.sofast.tv/ptnr-yupptv/title-JUST_FOR_LAUGHS_GAGS_YUPPTV/v1/master/611d79b11b77e2f571934fd80ca1413453772ac7/2790d143-5874-4146-bf91-9063c52b2f15/manifest.m3u8
Just.fishing,https://jmp2.uk/plu-61b33085897b9d000702b72e.m3u8
Juste pour Rire GAGS (720p),https://jmp2.uk/plu-60afa1508284e60007163c08.m3u8
Justice Central TV (720p),http://40.160.24.53/JUSTICE_CENTRAL/index.m3u8
Justicia TV (720p),https://live-scjn.ovp-vivaro.digital/ovp-origin/638a22b47746d/playlist.m3u8
Justicia TV (1080p),http://190.93.224.42/JUSTICIA-TV/index.m3u8
Juwelo (720p),https://sdn-global-live-streaming-packager-cache.3qsdn.com/7441/7441_264_live.m3u8
Juwelo Italia (480p),https://sdn-global-live-streaming-packager-cache.3qsdn.com/7841/7841_264_live.m3u8
K1 (1080p),http://stream.mcquack.net/270/index.m3u8
K2 (720p),https://cdn15.live-tv.cloud/ua_infinitas_tv/k2-abr/playlist.m3u8
K19,https://1853185335.rsc.cdn77.org/K192/tv/playlist.m3u8
K24 (1080p),https://livecdn.premiumfree.tv/afxpstr/K24Backup/index.m3u8
K Content by CJ ENM (1080p),https://d2q0mzb9bm4w5z.cloudfront.net/68fee8e1_605a_437b_b968_244c3c0d5f24/hls/playlist.m3u8
K Drama by CJ ENM (1080p),https://d2fdocl6hmu0hh.cloudfront.net/dfa54c7d_1154_425d_a2b8_6ea994157976/hls/playlist.m3u8
K Drama+ (1080p),https://ads.its-newid.net/api/manifest.m3u8?ads.service_id=US1700017NM&channel_id=newid_271&tp=samsung_tvplus
K Food by CJ ENM (1080p),https://dmxcualdgbo80.cloudfront.net/b2c874a8_68b3_49cb_9435_0264a4d32e4a/hls/playlist.m3u8
K POP by CJ ENM (1080p),https://d3kmrn2mstrnk5.cloudfront.net/f4acc9ba_daae_4ed0_b836_32126cead919/hls/playlist.m3u8
K Stories by CJ ENM (1080p),https://d50a1g0nh14ou.cloudfront.net/e91c6419_2e45_4f6c_a646_b912658d73b8/hls/playlist.m3u8
K-TV (720p),https://d1pz8zear993v8.cloudfront.net/hlsme/kathtv.m3u8
Kabbalah for the People (Israel) (504p) [Not 24/7],https://edge3.uk.kab.tv/live/tv66-heb-high/playlist.m3u8
kabel eins,https://dash4.antik.sk/live/test_kabel_eins_tizen/playlist.m3u8
Kaifa TV (576p),http://82.212.74.2:8000/live/7311.m3u8
Kairali Arabia (576p),https://mumt03.tangotv.in/Dsly5z3HKAIRALIARABIA/index.m3u8
Kairali News (720p),https://cdn-3.pishow.tv/live/1469/master.m3u8
Kairali TV (576p),https://mumt01.tangotv.in/O5aw8Zn3KAIRALI/index.m3u8
Kairali We (576p),https://cdn-3.pishow.tv/live/1530/master.m3u8
Kajou TV (720p) [Not 24/7],https://video1.getstreamhosting.com:1936/8055/8055/playlist.m3u8
Kalac TV (1080p),https://edge13.vedge.infomaniak.com/livecast/ik:kalactv/chunklist_w280736538.m3u8
Kalaignar Murasu (396p),https://yuppmedtaorire.akamaized.net/v1/master/a0d007312bfd99c47f76b77ae26b1ccdaae76cb1/murasu_nim_https/050522/murasu/playlist.m3u8
Kalaignar TV (576p),http://103.72.101.252:8080/live/1209.m3u8
Kalemeh TV,https://klmhls.wns.live/hls/stream.m3u8
Kalemeh TV,https://kalemeh.tv/live/hls/gate.php?p=%2Flive%2Fngrp%3Akalemeh_all%2Fplaylist.m3u8
Kalika TV (576p),http://server.applelive.in/kalikatv/kalikatv.m3u8
Kalinga TV,https://cdn-4.pishow.tv/live/1470/master.m3u8
Kaloopy TV (1080p),https://streamingserver000.viewtv.cloud/VIEWTVNETWORK-KALOOPY/index.m3u8
Kalsan TV (576p),https://ap02.iqplay.tv:8082/iqb8002/ka1s0n/playlist.m3u8
Kalu TV (1080p),https://tv.kaludecolombia.com/memfs/d71c0104-4752-4690-bdbf-19aa849da6c4.m3u8
Kan 11 (1080p),https://kancdn.medonecdn.net/livehls/oil/kancdn-live/live/kan11/live.livx/playlist.m3u8
Kan Educational (720p),http://stream.mcquack.net/378/index.m3u8
Kanal 3 (1080p) [Not 24/7],https://live.artidijitalmedya.com/artidijital_kanal3/kanal3/playlist.m3u8
Kanal 5 (360p),https://s2.teve.mk/tvstanici/2/playlist.m3u8
Kanal 6 (288p),https://restreamer1.tnt.ba/hls/kanal6.m3u8
Kanal 7 (1080p) [Not 24/7],https://kanal7-live.daioncdn.net/kanal7/kanal7.m3u8
Kanal 7 Avrupa (720p) [Not 24/7],https://livetv.radyotvonline.net/kanal7live/kanal7avr/playlist.m3u8
Kanal 10 Asia (540p),http://cdn-kanal10.crossnet.net:1935/kanal10/kanal10asia/playlist.m3u8
Kanal 12 (720p),https://live.artidijitalmedya.com/artidijital_kanal12/kanal12/playlist.m3u8
Kanal12 Spremberg TV (404p) [Not 24/7],https://58de7a369a9c4.streamlock.net/sprembergtv/live/playlist.m3u8
Kanal 15 (720p) [Not 24/7],https://live.artidijitalmedya.com/artidijital_kanal15/kanal15/playlist.m3u8
Kanal 23 (1080p),https://cdn-kanal23.yayin.com.tr/kanal23/index.m3u8
Kanal 26 (720p) [Not 24/7],https://live.artidijitalmedya.com/artidijital_kanal26/kanal26/playlist.m3u8
Kanal 32 (720p) [Not 24/7],https://edge1.socialsmart.tv/kanal32/bant1/playlist.m3u8
Kanal 33 (720p) [Not 24/7],https://edge1.socialsmart.tv/kanal33/bant1/playlist.m3u8
Kanal 34 (720p) [Not 24/7],https://vdo.digitalbox.xyz:3266/live/kanal34tvlive.m3u8
Kanal 35 (720p),https://str2.yodacdn.net/kanal35/index.m3u8
KANAL 58 (720p) [Not 24/7],https://live.artidijitalmedya.com/artidijital_kanal58/kanal58/playlist.m3u8
Kanal A,https://streamer01.xploretv.si/__cl/cg:prod/__c/A1_SI_AKANALHD_ott/__op/dash-default/__dci/__f/index.m3u8?admin=xploreTv_test_user&redirect=true
Kanal D (480p),https://stream1.kanald.ro/iphone/knd-live.m3u8
Kanal D (1080p),https://demiroren.daioncdn.net/kanald/kanald.m3u8?app=kanald_web&ce=3
Kanal D2 (1080p),https://aes.m3u8simplu.workers.dev/kanald2/index.m3u8
Kanal D Drama (1080p),http://190.93.224.42/KANAL-D-DRAMA/index.m3u8
Kanal Firat (720p) [Not 24/7],https://live.artidijitalmedya.com/artidijital_kanalfirat/kanalfirat/playlist.m3u8
Kanal Hayat (1080p),https://tbn02a.ltnschedule.com/hls/nx21i.m3u8
Kanal Hovedstaden (720p) [Not 24/7],http://khkbh.dk:8080/hls/livestream/index.m3u8
Kanal Jadid,https://kjhls.wns.live/hls/stream.m3u8
Kanal S,https://lives.atv.az:5443/KANAL-S/streams/kanals.m3u8
Kanal V (720p) [Not 24/7],https://live.artidijitalmedya.com/artidijital_kanalv/kanalv/playlist.m3u8
KandelaTV (480p),https://streamtv.intervenhosting.net:3718/live/kandelamedioslive.m3u8
Kanizsa TV (400p),https://cloudfront44.lexanetwork.com:1344/freerelay/kanizsavtv.sdp/playlist.m3u8
Kanshi TV (720p) [Not 24/7],https://live.kanshitv.co.uk/mobile/kanshitvkey.m3u8
Kantipur Max [Geo-blocked],https://ktvhdsg.ekantipur.com:8443/ktvmax2025/match2/playlist.m3u8
Kantipur TV,https://ktvhdsg.ekantipur.com:8443/high_quality_85840165/hd/kantipurtv/hd_1080/chunks.m3u8
Kantipur TV (1080p),https://ktvhdsg.ekantipur.com:8443/high_quality_85840165/hd/playlist.m3u8
Kapatid TV 5 (480p) [Geo-blocked],https://thinkkast.dpdns.org/tkk-ph/i7/kapatid_hd/kapatid.m3u8
Kapaz TV,http://85.132.78.122:8050/hls/stream/index.m3u8
Kapital TV (1080p),https://1a-1791.com/live/qt9k24wa/live-hls/41w5-c26y/chunklist_i1_DVR.m3u8
Kapitan Fantastika (1080p),http://stream.mcquack.net/144/index.m3u8
Kapos TV (1080p),https://cloudfront63.lexanetwork.com:1344/relay01/livestream004.sdp/playlist.m3u8
Kappa TV (576p),https://cdn-3.pishow.tv/live/1123/master.m3u8
Karaoke por Stingray (720p),https://jmp2.uk/plu-5f85cf621d6d2200079f1de0.m3u8
Karbala Documentary,https://ktvlive.online/stream/hls/ch3.m3u8
Karcag TV (720p),https://cloudfront41.lexanetwork.com:1344/relay03/livestream003.sdp/playlist.m3u8
Karibena (720p),http://187.102.210.46/KARIBENA/index.m3u8
Kartoon Channel (1080p),https://lightning-fnf-samsungaus.amagi.tv/playlist.m3u8
Kashish News (720p),https://server.thelegitpro.in/kashishnews/kashishnews/index.m3u8
Kass TV (720p) [Not 24/7],https://goliveafrica.media:9998/live/62f643cdca8cf/index.m3u8
KassouaTV (720p),https://playtv4k.live/live/kassouatv/index.m3u8
KATC 3.1 (1080p),http://stream.cammonitorplus.net/1753/index.m3u8
KaufBei TV (576p),https://api.alpaca.t62a.com/hls/9103/index.m3u8
Kaumudy TV (720p),https://oqgdrkxby4rm-hls-live.5centscdn.com/kaumudytv/live.stream/playlist.m3u8
Kawanua TV (720p),http://122.248.43.242:1935/KAWANUATV/_definst_/myStream/playlist.m3u8
Kay2 HD (1080p),http://103.250.28.74:8000/play/a027/index.m3u8
Kay TV (576p) [Geo-blocked],https://live.artidijitalmedya.com/artidijital_kaytv/kaytv/playlist.m3u8
Kayhan TV (720p),https://playout395.livestreamingcdn.com/live/Stream1/playlist.m3u8
KBEV Spectrum Channel 6 [Beverly Hills] (1080p),https://s3-us-west-2.amazonaws.com/beverly-hills-high-school.castus-vod/live/ch1/video.m3u8
KBRI Brighton Channel 8 (Brighton CO) (720p),https://brightonco.cablecast.tv/live-4/live/live.m3u8
KBS World (720p),https://stream8.cinerama.uz/1448/playlist.m3u8
KC2 (720p) [Not 24/7],http://197.243.19.131:1935/kc2/kc2/chunklist.m3u8
KCAT Public Media TV (1080p),https://reflect-kcat-live.cablecast.tv/live-2/live/live.m3u8
KCHTV (1080p),http://iptv.kchtv.video.makrodigital.com:8081/kchtv/iptv/playlist.m3u8
KCKS-LD 25.3 (720p),https://2-fss-1.streamhoster.com/pl_154/amlst:205432-2055980/playlist.m3u8
KCL TV (720p),https://kcltv.livebox.co.in/kclhls/live.m3u8
KCM (1080p) [Geo-blocked],https://amg02159-amg02159c7-samsung-in-4001.playouts.now.amagi.tv/playlist/amg02159-kcglobal-kcm-samsungin/playlist.m3u8
KCTV 광주 CH05 (720p) [Not 24/7],http://119.77.96.184:1935/chn05/chn05/playlist.m3u8
KDFW-DT1 (1080p),https://cdn-uw2-prod.tsv2.amagi.tv/linear/amg00488-foxdigital-fox4dallaskdfw-vizious/playlist.m3u8
Kecskemeti TV (416p) [Not 24/7],http://rtmp1.40e.hu:8000/live/ktv.m3u8
Kemet TV,https://kemettv.cm/memfs/4e7fb105-9f92-4e8d-a7cd-09923f17a577.m3u8
KempenTV (480p),http://ms7.mx-cd.net/tv/Omroep_de_Kempen.smil/playlist.m3u8
Kenan & Kel,https://jmp2.uk/plu-5ffcc5130fd98c0007f2e216.m3u8
Kenan y Kel,https://jmp2.uk/plu-5fcea93ffcf94500071c4b2f.m3u8
Kent Türk TV (1080p) [Not 24/7],https://live.artidijitalmedya.com/artidijital_kentturktv/kentturktv/playlist.m3u8
Kentron TV (1080p),http://stream.mcquack.net/39/index.m3u8
Kerman,https://ncdn.telewebion.ir/kerman/live/playlist.m3u8
Kern County Television,https://cdn3.wowza.com/5/dk84U1p2UUdoMGxT/kern/G0169_003/playlist.m3u8
Kerusso TV (720p),https://s.emisoras.tv:8081/kerussotv/index.m3u8
Keshet 12 (1080p),http://stream.mcquack.net/294/index.m3u8
Ketchup TV (720p),https://d24p9tv2w5yorn.cloudfront.net/vod.m3u8
Key & Peele,https://jmp2.uk/plu-65cba715dc10a40008034917.m3u8
Key & Peele,https://jmp2.uk/plu-65cba7573ba51e00084d76e1.m3u8
Key & Peele,https://jmp2.uk/plu-65cba798d77d450008d056e5.m3u8
KFTR-DT1 [Geo-blocked],https://streaming-live-fcdn.api.prd.univisionnow.com/kftr/kftr.isml/hls/kftr.m3u8
Khabrain Abhi Tak (396p),https://d1msejlow1t3l4.cloudfront.net/fta/khabreinabhitak/playlist.m3u8
Khalij TV,https://khalijhls.wns.live/hls/stream.m3u8
Khalij-e Fars,https://ncdn.telewebion.ir/khalijefars/live/playlist.m3u8
Khanh Hoa TV (1080p),https://cdnbaokhanhhoa.com/live/1332e3a79e27.m3u8?vhost=video
Khatlon (576p),https://live.teleradiocom.tj/10/3m.m3u8
Khavaran,https://ncdn.telewebion.ir/khavaran/live/playlist.m3u8
KHL (720p),http://31.148.48.15/KHL_TV/index.m3u8
KHL Prime (1080p),http://stream.mcquack.net/178/index.m3u8
Khorasan Razavi,https://ncdn.telewebion.ir/khorasanrazavi/live/playlist.m3u8
Khozestan,https://ncdn.telewebion.ir/khoozestan/live/playlist.m3u8
Khushboo Bangla (720p),https://cdn-4.pishow.tv/live/1473/master.m3u8
Kiddo+ (1080p),https://streams2.sofast.tv/sofastplayout/8258122f-b4c0-416b-a2db-8407847f0c3c_1000015692_HLS/master.m3u8
Kidoodle.TV (1080p),https://amg07653-apmc-amg07653c9-samsung-us-8740.playouts.now.amagi.tv/playlist.m3u8
Kids Movie Club,https://jmp2.uk/plu-5db0ad56edc89300090d2ebb.m3u8
Kids Street (1080p),http://181.78.121.15:8000/play/a00a/index.m3u8
Kids TV,http://origin5.mediacdn.ru/live/kidstv/index.m3u8
Kids Zone (720p),http://103.250.28.74:8000/play/a04m/index.m3u8
KidsFlix (1080p) [Not 24/7],https://stream-us-east-1.getpublica.com/playlist.m3u8?network_id=50
KidZone Max (1080p) [Geo-blocked],https://v4-pan-n79-cdn-01.live.cdn.cgates.lt/live/dash/560706/index.mpd
KiKA (1080p) [Not 24/7],https://kikahls.akamaized.net/hls/live/2022690/livetvkika_ww/master.m3u8
KiKA HD,https://dash4.antik.sk/live/test_kika_tizen/playlist.m3u8
Kilisuci TV,https://5bf7b725107e5.streamlock.net/kstv/kstv/playlist.m3u8
Kin24,http://51.254.199.122:8080/kin24/index.m3u8
King of Queens,https://jmp2.uk/plu-62f4f414c2ba130007f8b24e.m3u8
King TV (720p) [Not 24/7],https://streamer12.vdn.dstreamone.net/kingtv/kingtv/playlist.m3u8
Kingsview TV (1080p),https://j78dp6reyq5r-hls-live.5centscdn.com/4896_push_1963_001/00cb1f2e4ff89048f2e77e26940c00e6.sdp/playlist.m3u8
Kino 1 (1080p),http://stream.mcquack.net/395/index.m3u8
Kino 2 (1080p),http://stream.mcquack.net/465/index.m3u8
Kino 24 (720p),http://sirius.greenhosting.ru/Kino24Ru/video.m3u8
Kino Barrandov,http://88.212.15.19/live/test_kino_barrandov_sd_hevc50/playlist.m3u8
Kino Nova,http://213.91.179.28:8000/play/a041
Kino TV HD (1080p),http://176.118.197.101/KinoTvHD/playlist.m3u8
KinoHit (576p),http://stream.mcquack.net/126/index.m3u8
KinoKazka (1080p),http://stream.mcquack.net/167/index.m3u8
Kinokomedija (576p),http://stream.mcquack.net/265/index.m3u8
Kinoliving (1080p),http://stream.mcquack.net/445/index.m3u8
Kinomix (576p),http://93.170.254.17/Kinomiks/index.m3u8
Kinopokaz (576p),http://stream.mcquack.net/64/index.m3u8
Kinopokaz HD (1080p),http://hls127.freeott.top:8080/Kinopokaz_HD/video.m3u8
Kinopremyera (1080p),http://5.188.159.128:8070/KINOPREMIERA/index.m3u8
Kinosemja (576p),http://stream.mcquack.net/170/index.m3u8
Kinoseriya (1080p),http://hls127.freeott.top:8080/Kinoseriya_HD/video.m3u8
Kinosvidanie (576p),http://5.188.159.128:8070/kinosvidanie/index.m3u8
Kinoteatr (1080p),https://stream8.cinerama.uz/1009/tracks-v1a1/playlist.m3u8
Kinouzhas (576p),http://stream.mcquack.net/278/index.m3u8
Kinowood (1080p),http://stream.mcquack.net/446/index.m3u8
KIRO Seattle (720p),https://jmp2.uk/plu-632b619c8d2a6c0007ff534e.m3u8
KIRO-DT1 (1080p),https://cdn-ue1-prod.tsv2.amagi.tv/linear/amg00327-coxmediagroup-kirobreaking-ono/playlist.m3u8
Kish,https://ncdn.telewebion.ir/kish/live/playlist.m3u8
Kiskőrös TV (720p),https://5cd03f21c7193.streamlock.net/kiskorostv/korostvlive/playlist.m3u8
Kiss Kiss Napoli TV (720p),https://58f12ffd2447a.streamlock.net/KKTVNapoli/livestream/playlist.m3u8
Kiss Kiss TV (1080p),https://58f12ffd2447a.streamlock.net/KKMulti/livestream/playlist.m3u8
Kiss TV (1080p),https://tv.broadcasting.ro/kisstv/a629c031-2170-4ee9-a36d-87a891aa3131.m3u8
KIT-TV (720p),https://everest.pa-hosting.de:3591/live/joseflive.m3u8
Kitchen Battles,https://jmp2.uk/plu-62fb66c867976d0007647e54.m3u8
Kitchen Nightmares (720p) [Geo-blocked],https://pb-6nrjkl2kyw4ki.akamaized.net/Kitchen_Nightmares.m3u8
Kitchen TV,http://213.91.179.28:8000/play/a03n
KITE Victers (Kerala) (720p) [Not 24/7],https://932y4x26ljv8-hls-live.5centscdn.com/victers/tv.stream/playlist.m3u8
KITV 4 Island News (720p),https://fuel-streaming-prod01.fuelmedia.io/v1/sem/c4067ddc-0e67-4928-b7ec-624481f721a6.m3u8
KIX,https://liveh34.vtvprime.vn/hls/KIX/04.m3u8
KK TV Angola (1080p),https://w1.manasat.com/ktv-angola/smil:ktv-angola.smil/playlist.m3u8
KKRtv (720p) [Not 24/7],http://stream.kkr.dk/live/kkr/playlist.m3u8
Klape i Tambure TV (1080p),https://stream.cmctv.hr:49998/kit/live.m3u8
Klara (720p),https://live.vrtcdn.be/groupb/live/9c429b62-e160-417a-b438-cdf985bcd352/live.isml/.m3u8
Klasik TV (576p) [Not 24/7],https://178.253.194.105/klasiktv/playlist.m3u8
Klovn,https://jmp2.uk/plu-65a63ff00d9ab400080b101c.m3u8
Kluch (576p),http://hls127.freeott.top:8080/Kluch/video.m3u8
KMEX-DT1 [Geo-blocked],https://streaming-live-fcdn.api.prd.univisionnow.com/kmex/kmex.isml/hls/kmex.m3u8
KMSP-DT1 (1080p),https://cdn-uw2-prod.tsv2.amagi.tv/linear/amg00488-foxdigital-kmsp-lgus/playlist.m3u8
KN Music TV,https://cdn4.yayin.com.tr/kntv/tracks-v1a1/mono.m3u8
Knal 4 Quiché (720p) [Not 24/7],https://cdn.streamhispanatv.net:3482/live/knal4gtlive.m3u8
Knesset Channel (576p),http://stream.mcquack.net/48/index.m3u8
Knowledge Channel (480p),https://streams.comclark.com/pknsd/knowledge/playlist.m3u8
Knowledge Network (720p) [Geo-blocked],https://d1wal6k3d7ssin.cloudfront.net/out/v1/ea91db0906c847a4931b46a9ec36e77b/index.m3u8
KNTV-DT1 (1080p),https://d368vp0qqzvkid.cloudfront.net/11603/88889711/hls/master.m3u8?ads.xumo_channelId=88889711a&ads.xumo_ifaType=&ads.xumo_providerId=3822&ads.xumo_providerName=NBCNBA
Kocaeli TV (1080p),https://edge.taksimbilisim.com/kocaelitv/bant1/playlist.m3u8
Koch'en på toppen,https://jmp2.uk/plu-660d667519ca71000849a1e1.m3u8
Kohavision,https://gjirafa-video-live.gjirafa.net/gjvideo-livestream/lj9-pxm-o53-rp0/tracks-v4a1/mono.m3u8
Kohenoor News (576p),http://103.250.28.74:8000/play/a00r/index.m3u8
KOKI-DT1 (1080p),https://cdn-uw2-prod.tsv2.amagi.tv/linear/amg02104-imagicommcommun-kokibreaking-ono/playlist.m3u8
Kókshe (720p) [Not 24/7],https://stream.kaztrk.kz/regional/kokshetautv/index.m3u8
Kolalnas TV,https://htvint.mada.ps/kolalnas/index.m3u8
Kolkata TV (1080p),https://cdn.ottlive.co.in/kolkatatv/index.m3u8
Kolyokklub,http://88.212.15.19/live/kolyokklub_atk/index.m3u8
Komala TV,https://komhls.wns.live/hls/stream.m3u8
Komáromi Televízió (400p),https://cloudfront44.lexanetwork.com:1344/relay01/HDE017.sdp/playlist.m3u8
Komedia (576p),http://stream.mcquack.net/68/index.m3u8
Komediynoe HD (1080p),http://stream.mcquack.net/74/index.m3u8
Komlós TV (1080p) [Not 24/7],https://stream.streaming4u.hu/KomlosTV/tracks-v1a1/mono.m3u8
Kompas TV [Geo-blocked],https://op-group1-swiftservehd-1.dens.tv/h/h234/index.m3u8
Komsan TV [Not 24/7],http://tv.cootel.com.kh:8077/streams/d/Komsan/playlist.m3u8
Kongress TV (1080p),https://live-3.otcnet.ru/congresstv/index.m3u8
Kontra Channel (1080p),https://kontralive.siliconweb.com/live/kontratv/playlist.m3u8
Konya Olay TV (720p),https://live.artidijitalmedya.com/artidijital_konyaolaytv/konyaolaytv/playlist.m3u8
Koogi TV (1080p),https://5d658d7e9f562.streamlock.net/koogi.tv/koogi.smil/playlist.m3u8
Kool TV (720p),https://twitch-m3u8.bastypro112.workers.dev/kooltvlive/index.m3u8
Kora TV,https://s3.tvdatta.com:3700/live/jjrtvlive.m3u8
Kordestan,https://ncdn.telewebion.ir/kordestan/live/playlist.m3u8
Kordia TV (1080p),https://ptvlive.kordia.net.nz/out/v1/3fc2254c865a457c8d7fbbce227a2aae/index.m3u8
Korea TV (1080p),https://hlive.ktv.go.kr/live/klive_h.stream/playlist.m3u8
Korean Central Television (1080p),https://kctv.koryofront.org/stream/index.m3u8
Korean Central Television (KCTV) (576p),https://streamer.nknews.org/tvdash/stream.mpd
Kos TV (720p),https://eu1.streams.gr:8081/kostv/index.m3u8
Kozoom TV (1080p),https://streams2.sofast.tv/v1/master/611d79b11b77e2f571934fd80ca1413453772ac7/fdd6f243-f971-4a1a-9510-97ac01d6b37f/manifest.m3u8
Kpop Mix (720p),https://cloud.tvomix.com/KPOPMIX/index.m3u8
KpopTV Play (576p),https://giatv.bozztv.com/giatv/giatv-kpoptvplay/kpoptvplay/playlist.m3u8
KPVM Ace Country Radio,https://2-fss-1.streamhoster.com/pl_122/206858-4412960-1/playlist.m3u8
KPVM AWE Plus,https://2-fss-2.streamhoster.com/pl_120/206858-4404552-1/playlist.m3u8
KPVM Movies!,https://2-fss-2.streamhoster.com/pl_120/206858-4412962-1/playlist.m3u8
KPVM Newsmax 2,https://2-fss-2.streamhoster.com/pl_120/206858-4404556-1/playlist.m3u8
KPVM OAN Plus,https://2-fss-2.streamhoster.com/pl_118/206858-4404458-1/playlist.m3u8
KPVM Prime TV25,https://2-fss-1.streamhoster.com/pl_122/206858-4405346-1/playlist.m3u8
KPVM Real America's Voice,https://2-fss-2.streamhoster.com/pl_118/206858-4404454-1/playlist.m3u8
KPVM Story Television,https://2-fss-1.streamhoster.com/pl_122/206858-4412976-1/playlist.m3u8
KQED-DT2 (1080p),https://kqeddt2.lls.pbs.org/kqeddt2-hls.m3u8
KQSL Channel 8 (720p),https://uni01rtmp.tulix.tv/kqsltv/kqsltv/playlist.m3u8
KRAL Pop TV (720p),https://dogus-live.daioncdn.net/kralpoptv/playlist.m3u8
KRC TV,https://channels.ad-ug.com/live/ch03/index.m3u8
KRCA-TV Estrella Los Angeles (720p),https://content.uplynk.com/channel/829a8c85f9e840c6bed963856c231428.m3u8
KRGV-DT2 [Geo-blocked],https://d3svnrf3rmq619.cloudfront.net/krgv-live/smil:krgv-somos.smil/playlist.m3u8
Krimi (720p),https://4dad3dcf.wurl.com/master/f36d25e7e52f1ba8d7e56eb859c636563214f541/UmFrdXRlblRWLWV1X0FSRFBsdXNLcmltaV9ITFM/playlist.m3u8
KRIS-DT1 (1080p),https://content.uplynk.com/channel/e72660594b7a4182982af1690609683d.m3u8
Kriti TV (1080p),https://cretetvlive.siliconweb.com/cretetv/liveabr/playlist.m3u8
KRIV-DT1 (1080p),https://cdn-uw2-prod.tsv2.amagi.tv/linear/amg00488-foxdigital-kriv-lgus/playlist.m3u8
Kronehit (1080p),https://bitcdn-kronehit.bitmovin.com/v2/hls/playlist.m3u8
KSAZ-DT1 (1080p),https://cdn-uw2-prod.tsv2.amagi.tv/linear/amg00488-foxdigital-ksaz-lgus/playlist.m3u8
KSCE Vida Cristiana (360p),https://2-fss-2.streamhoster.com/pl_120/200226-1449024-1/playlist.m3u8
KSHB 41 (Kansas City MO) (720p),https://content.uplynk.com/channel/50d0fa1b042945a3a4f550f9b8412c83.m3u8
KShopping (1080p),https://fhs8036.bd-61.ktcdn.co.kr/klive/smil:klive.smil/playlist.m3u8
KSTV Uganda,https://live.esteem.africa/kstv/hls/0/stream.m3u8
KTBC-DT1 (1080p),https://cdn-uw2-prod.tsv2.amagi.tv/linear/amg00488-foxdigital-ktbc-lgus/playlist.m3u8
KTK (576p),http://stream.mcquack.net/26/index.m3u8
KTK HD (720p) [Not 24/7],http://89.218.30.37/ktklive/live.hq/playlist.m3u8
KTN News (360p),https://vodzong.mjunoon.tv:8087/streamtest/KTNNews-151/playlist.m3u8
KTO (504p),http://145.239.5.177/354/index.m3u8
KTOO 360TV 3 (FNX),https://api.v3.invintus.com/StreamURI/persis/2147483647/KTOO360TV.stream/media.m3u8
KTTV-DT1 (1080p),https://cdn-uw2-prod.tsv2.amagi.tv/linear/amg00488-foxdigital-fox11losangeleskttv-vizious/playlist.m3u8
KTV (720p),https://flv.intechmedia.net/live/ch118.m3u8
KTV 1 (1080p),https://kwtktv1ta.cdn.mangomolo.com/ktv1/smil:ktv1.stream.smil/chunklist.m3u8
KTV 2 (1080p),https://kwtktv2ta.cdn.mangomolo.com/ktv2/smil:ktv2.stream.smil/chunklist.m3u8
KTV Al Qurain (1080p),https://kwtktvaqta.cdn.mangomolo.com/ktvaq/smil:tktvaq.stream.smil/chunklist.m3u8
KTV Arabe (1080p),https://kwtktvata.cdn.mangomolo.com/ktva/smil:tktva.stream.smil/chunklist.m3u8
KTV Bangla (720p),https://server.livelegitpro.in:9899/tribetv/tribetv/index.m3u8
KTV Ethraa (1080p),https://kwtethta.cdn.mangomolo.com/eth/smil:eth.stream.smil/chunklist.m3u8
KTV News (1080p),https://kwtkbta.cdn.mangomolo.com/kb/smil:kb.stream.smil/chunklist.m3u8
KTV Sport (1080p),https://kwtspta.cdn.mangomolo.com/sp/smil:sp.stream.smil/chunklist.m3u8
KTV Sport Plus (1080p),https://kwtsplta.cdn.mangomolo.com/spl/smil:spl.stream.smil/chunklist.m3u8
Kuhnya (576p),http://stream.mcquack.net/179/index.m3u8
Kukhnya TV (576p),http://hls127.freeott.top:8080/Kuhnya_TV/video.m3u8
Kulinar TV (576p),https://api.alpaca.t62a.com/hls/9110/stream0.m3u8
KultKrimi,https://jmp2.uk/plu-5cb5cfe5caf83414128f209e.m3u8
KultKrimi: Der Alte,https://jmp2.uk/plu-65dde5ef28730900089af7cf.m3u8
KultKrimi: Der Kommissar,https://jmp2.uk/plu-65dde626ec9fda0008b3dc89.m3u8
KultKrimi: Derrick,https://jmp2.uk/plu-65dde5848145cb00083277f6.m3u8
KultKrimi: Die Rettungsflieger,https://jmp2.uk/plu-67ed0c86f7c5d70b90889a51.m3u8
KultKrimi: Ein Fall für zwei,https://jmp2.uk/plu-68590366010ddd78ef837d29.m3u8
KultKrimi: Küstenwache,https://jmp2.uk/plu-67ebbdced2832b463faa1e79.m3u8
KulturMD (1080p),http://58bd5b7a98e04.streamlock.net/medienasa-live/kulturmd_high/playlist.m3u8
Kung Fu+ (1080p),https://streams2.sofast.tv/v1/master/611d79b11b77e2f571934fd80ca1413453772ac7/06862a07-6a92-4b4d-abc3-5fea131713b5/manifest.m3u8
Kunskapskanalen (1080p) [Geo-blocked],https://svt-live-channel.akamaized.net/l6/se/svtk/master-fmp4.m3u8?defaultSubLang=1&format=hls
Kurd Channel,https://kurdchhls.wns.live/hls/stream.m3u8
Kurdistan 24 (1080p),https://hlspackager.akamaized.net/live/DB/K24/HLS/K24.m3u8
Kurdistan TV (720p) [Not 24/7],https://5a3ed7a72ed4b.streamlock.net/live/SMIL:myStream.smil/playlist.m3u8
Kurdsat (1080p),https://hlspackager.akamaized.net/live/DB/KURDSAT_HD/HLS/KURDSAT_HD.m3u8
Kurdsat News (1080p),https://hlspackager.akamaized.net/live/DB/KURDSAT_NEWS/HLS/KURDSAT_NEWS.m3u8
Kuriakos Cine (1080p),https://w2.manasat.com/kcine/smil:kcine.smil/playlist.m3u8
Kuriakos Kids (1080p),https://w2.manasat.com/kkids/smil:kkids.smil/playlist.m3u8
Kuriakos Music (1080p),http://195.23.211.179:1935/kmusic/smil:kmusic.smil/playlist.m3u8
Kuriakos TV (1080p),https://w1.manasat.com/ktv/smil:ktv.smil/playlist.m3u8
Kus-Kus,https://dash2.antik.sk/live/test_kuskus_tv_atktv/playlist.m3u8
KUVN-DT1,https://streaming-live-fcdn.api.prd.univisionnow.com/kuvn/kuvn.isml/hls/kuvn.m3u8
Kvart i Bold,https://jmp2.uk/plu-657c0954dfed030008d82ea1.m3u8
Kvartal TV,http://158.101.222.193:88/georgia_play.php?id=kvartal95
Kvartal TV International,https://dash2.antik.sk/live/kvartal_tv/playlist.m3u8
KVF (720p) [Not 24/7],https://w-live-edge1.kringvarp.fo/uttanlands/_definst_/smil:uttanlands.smil/playlist.m3u8
KVIE-DT2 (1080p),https://kviedt2.lls.pbs.org/kviedt2-hls.m3u8
KVN TV (576p),http://178.124.179.122:8080/KVN-TV/index.m3u8
KVVB-TV 33 Victor Valley (1080p) [Not 24/7],https://2-fss-2.streamhoster.com/pl_138/amlst:201950-1309230/playlist.m3u8
KXAS-DT1 (1080p),https://d368vp0qqzvkid.cloudfront.net/11603/88889706/hls/master.m3u8?ads.xumo_channelId=88889706a&ads.xumo_ifaType=&ads.xumo_providerId=3831&ads.xumo_providerName=NBCNDAL
Kyiv (1080p),https://api-tv.ipnet.ua/api/v1/manifest/1293296300.m3u8
KZTV-DT1 (720p),https://content.uplynk.com/channel/d1f868588ae5476dadaeff450170a183.m3u8
L1 (1080p),http://45.4.1.201:8000/play/a1ai/index.m3u8
L1 Max (1080p),http://190.93.224.42/LIGA-1-MAX/index.m3u8
L1mburg TV (720p) [Not 24/7],https://d34pj260kw1xmk.cloudfront.net/live/l1/tv/index.m3u8
L!ke (1080p),https://cnl-cl.otteravision.com/cnl/cl_h265/cl_h265.m3u8
L'altro Corriere TV,https://52ee6512fee4427889eba89957975fa0.msvdn.net/live/S24350460/BEj8ZmQiQ9UG/playlist.m3u8
La 1 (1080p),https://7nyaler.streamhostingcdn.top/stream/40/index.m3u8
La 1 Canarias (720p),https://ztnr.rtve.es/ztnr/5190066.m3u8
La 1 Catalunya (720p),https://ztnr.rtve.es/ztnr/3293681.m3u8
La 1 UHD (2160p),http://185.47.212.25:8080/tdp_HD/index.m3u8
La 2,https://rtvelivestream.rtve.es/rtvesec/la2/la2_main.m3u8
La 2 Canarias (720p),https://ztnr.rtve.es/ztnr/5468585.m3u8
La 2 Catalunya (720p),https://ztnr.rtve.es/ztnr/3987218.m3u8
La5 [Geo-blocked],https://live3-mediaset-it.akamaized.net/Content/hls_h0_clr_vos/live/channel(ka)/index.m3u8
LA7d (720p),https://d15umi5iaezxgx.cloudfront.net/LA7D/CLN/HLS-B/Live.m3u8
La 8 Mediterraneo (1080p),https://newscript.gestec-video.com/hls/8TVEVENTOS.m3u8
La 98.1 TV (720p) [Not 24/7],https://6019dcac4147f.streamlock.net:9443/la98/Invosa/playlist.m3u8
La 100 (1080p),https://mdstrm.com/live-stream-playlist/68b74fd1d6512526f1f7c75a.m3u8
La C TV (720p),https://f5842579ff984c1c98d63b8d789673eb.msvdn.net/live/S47282891/JWjL3xqPf4bX/playlist.m3u8
La Caleta TV (720p) [Not 24/7],https://edge.essastream.com/lacaletatv/playlist.m3u8
La Chilena TV,https://vdochile.com:3134/stream/play.m3u8
LA CityView 35 (1080p),https://reflect-losangeles.cablecast.tv/live-3/live/live.m3u8
La Clave (720p),https://unlimited1-cl-isp.dps.live/laclavetv/laclavetv.smil/playlist.m3u8
La Comarca TV (720p),https://v2.tustreaming.cl/lcomarcatv/index.m3u8
La Descarga TV [Geo-blocked],https://video.udwn.net:19360/ladescargatv/ladescargatv.m3u8
La Fabulosa Radio y TV (720p),https://eu1.servers10.com:8081/8004/index.m3u8
La Familia del Barrio,https://jmp2.uk/plu-62d08af527ce19000731eaa0.m3u8
La Familia del Barrio,https://jmp2.uk/plu-668c566d08d5490008075948.m3u8
La fiebre del Jade,https://jmp2.uk/plu-65254e8d81f9420008342cee.m3u8
La Granja TV,https://oracle.streaminghd.cl/8126/8126/playlist.m3u8
La Hermandad Salsera (1080p) [Not 24/7],https://streamlov.alsolnet.com/hermandadsalsera/live/playlist.m3u8
La Hora TV (720p) [Not 24/7],https://edge.enhdtv.com/8206/index.m3u8
La Kalle (720p),https://mdstrm.com/live-stream-playlist/58d191f07290fbb058025843.m3u8
La maison France 5,https://jmp2.uk/plu-685a999bd33909bdd7d2fb1e.m3u8
La Melinkana TV (720p),https://v1.tustreaming.cl/melinkana/index.m3u8
La Metro TV (1080p),https://jireh-8-hls-video-us-isp.dps.live/hls-video/931b584451fa6dd1313ee66efbfd5802e3f3bcea/metropolitanatv/metropolitanatv.smil/playlist.m3u8
La Morada Radio TV (720p),https://movil.ejeserver.com/live/lamoradatv.m3u8
La Nacion + (576p),http://playcom.trapemn.tv:1935/transcoderip/lanacionplus.stream/playlist.m3u8
La Nuestra (1080p),https://redirector.rudo.video/hls-video/339f69c6122f6d8f4574732c235f09b7683e31a5/ln/ln.smil/playlist.m3u8
La Nueva Radio TV 97.7 (1080p),https://sv72.ecuaradiotv.net/lanuevatv/live/playlist.m3u8
La Nuova TV,https://5dcabf026b188.streamlock.net/lanuovatvbas/livestream/playlist.m3u8
La Perla Radio TV (720p) [Not 24/7],https://eu1.servers10.com:8081/8068/index.m3u8
La Popular TV,https://tv.arkeo.cl:1936/enlacetv1/enlacetv1/playlist.m3u8
La Potente Radio TV,https://latamvdo.com:3626/hybrid/play.m3u8
La Que Buena Atlanta,https://streamyes.alsolnet.com/quebuenaatlanta/live/index.m3u8
La Red (720p) [Not 24/7],https://alba-cl-lared-lared.stream.mediatiquestream.com/index.m3u8
La Reina TV [Geo-blocked],https://cloud2.streaminglivehd.com:1936/lareinatv/lareinatv/playlist.m3u8
La Ruta TV,https://streamunoapp.com:3983/live/larutatvlive.m3u8
La Selección,https://jmp2.uk/plu-63211ba9cad976000794f988.m3u8
La Sultana del Este TV (720p) [Not 24/7],https://micanal.ovh/livestreams/544.EP3QGO4KPL66.m3u8
La Tele (1080p),http://190.93.224.42/LA-TELE/index.m3u8
La Tele Tuya (576p),http://181.78.8.199:8000/play/a0fs/index.m3u8
La Top 102.9 (720p),https://59d39900ebfb8.streamlock.net/top102/top102/playlist.m3u8
La Top 107.7 (720p),https://59d39900ebfb8.streamlock.net/top107/top107/playlist.m3u8
La TR3 Marsala (720p),https://tsw.streamingwebtv24.it:1936/eslife1/eslife1/playlist.m3u8
La Trois (1080p),http://145.239.5.177/330/index.m3u8
La Une (720p),http://145.239.5.177/329/index.m3u8
La Urban TV (1080p) [Not 24/7],https://urbanrevolution.es:8443/live/TV/playlist.m3u8
La Voz de Jesus HD (720p),https://live20.bozztv.com/giatvplayout7/giatv-208429/playlist.m3u8
La Voz de Maria (720p),https://live.lavozdemaria.com:3436/live/lavozdemarialive.m3u8
La Voz del Tropico (480p) [Geo-blocked],https://ss2.tvrdomi.com:1936/lavozdeltropico/lavozdeltropico/playlist.m3u8
La-X (720p),https://stream.eleden.com/livelax/ngrp:livelax_all/playlist.m3u8
Labbayk TV,https://ncdn.telewebion.ir/labbayk/live/playlist.m3u8
labor14 (720p),https://5acade5fc0c29.streamlock.net/OKGera/tmbz_live_high.stream/playlist.m3u8
Laboral TV (360p),https://tv.laboralsst.com.br/hls/stream.m3u8
LaC News 24 (720p),https://f5842579ff984c1c98d63b8d789673eb.msvdn.net/live/S27391994/HVvPMzy/playlist.m3u8
Lacrosse TV (720p),https://a-cdn.klowdtv.com/live2/lsn_720p/playlist.m3u8
LADbible (720p),https://5d436b93.wurl.com/master/f36d25e7e52f1ba8d7e56eb859c636563214f541/U2Ftc3VuZy1nYl9MQURiaWJsZVRWX0hMUw/playlist.m3u8
Ladykracher,https://jmp2.uk/plu-667d3534ca74680008696051.m3u8
Laff (1080p),http://40.160.24.53/LAFF_TV/index.m3u8
Laff More (1080p),https://d3tf2qfyke992n.cloudfront.net/v1/scripps_laffmore_1/samsungheadend_us/latest/main/hls/playlist.m3u8
Laguna TV (1080p) [Not 24/7],https://cnn.hostlagarto.com/lagutv/playlist.m3u8
Lahore News (720p) [Not 24/7],https://vcdn.dunyanews.tv/lahorelive/ngrp:lnews_1_all/playlist.m3u8
Lahore Rang (1080p),http://103.250.28.74:8000/play/a01q/index.m3u8
Lakewood Channel 8 (Lakewood CO) (720p),https://live8fd.lakewood.org/live-2/live/live.m3u8
Lakewood CityTV (720p),https://dlttx48mxf9m3.cloudfront.net/vod_clients/lakewood/live/ch1/video.m3u8
Lale,https://ext.cdn.nashnet.tv/228.0.0.50/index.m3u8
Lalegul TV (1080p),https://lbl.netmedya.net/hls/lalegultv.m3u8
Lâm Đồng TV (480p),http://118.107.85.5:1935/live/smil:LTV.smil/chunklist.m3u8
LAMIL35 TV,https://vd01.streaminghd.net.ar:3349/live/bzuctkgnlive.m3u8
Lamore Rock Show WebTV (720p),https://a.cdni.live/rodrigo2364/rodrigo2364/playlist.m3u8
Lana TV (576p),https://cdn.streamlane.tv/hls/ltv/master.m3u8
Lancelot TV (404p),https://5c0956165db0b.streamlock.net:8090/directo/_definst_/lancelot.television/master.m3u8
Ländle TV (1080p) [Not 24/7],https://streaming13.huberwebmedia.at/LiveApp/streams/985585225397790082777809.m3u8
Langstraat TV (720p),https://d1qpgfi3ivud4k.cloudfront.net/nlpo/clr-nlpo/langstraat/index.m3u8
Langt fra Bryggen,https://jmp2.uk/plu-654a3fe6986ad20008a42add.m3u8
Lansingerland TV (720p),https://ms7.mx-cd.net/tv/278-3414514/RTV_Lansingerland.smil/playlist.m3u8
Lanthung TV,https://live-us1.thaimomo.com/live-as/chlantung-2/playlist.m3u8
Lanzhou Comprehensive News Channel,https://liveplus.lzr.com.cn/xwzh/HD/live.m3u8
Lanzhou Culture & Tourism Channel,https://liveplus.lzr.com.cn/wlpd/HD/live.m3u8
Lào Cai TV (1080p),https://live.baolaocai.vn/channel2/stream.m3u8
Lao Net TV (720p),https://livefta.malimarcdn.com/ftaedge00/laonet.sdp/playlist.m3u8
Lao SV TV (480p),https://livefta.malimarcdn.com/ftaedge00/laosvtv.stream/playlist.m3u8
Lao-Thai TV (720p),https://livefta.malimarcdn.com/ftaedge00/laothaius.sdp/playlist.m3u8
LaPuraCrema Television,https://streamlov.alsolnet.com/lapuracrema/live/playlist.m3u8
Lara en Redes,https://streamtv.laraenredes.com:3020/hybrid/play.m3u8
Larivision TV,https://cloud5.larivision.net/hls/live.m3u8
Las Estrellas (1080p),https://channel01-onlymex.akamaized.net/hls/live/2022749/event01/index.m3u8
Las Estrellas Latin America (1080p),http://15.204.246.24:8080/LasEstrellasHD/index.m3u8
Las Tortugas Ninja (720p),https://jmp2.uk/plu-61373f1a12dd9f00077dcd6f.m3u8
Las Tortugas Ninja (720p),https://jmp2.uk/plu-63dd5d7a4e83e700088fbca8.m3u8
Las Vegas Tonight with Dale Davidson (1080p),https://cdn.vegasplus.us/vegas/lasvegastonight/playlist.m3u8
Lassie (1080p),https://xumo-xumoent-ch833-p47sj.fast.nbcuni.com/live/master.m3u8
Latacunga TV (360p),https://stmv1.voxtvhd.com.br/latacungatv/latacungatv/playlist.m3u8
Latele (1080p),https://copacotf.desdeparaguay.net/latele/latele_py_alta/playlist.m3u8?admin=tvaccion
Latest TV (480p),https://5a0e89631aa14.streamlock.net/live/LatestTelevision/playlist.m3u8
Latina (1080p),http://190.93.224.42/LATINA/index.m3u8
Latina Clasicos (1080p),http://45.171.108.253:8888/LATINA/index.m3u8
Latina Noticias 24/7 (1080p),https://dai.google.com/linear/hls/event/oYQGDqEGTmGdHE_fz9oLlg/master.m3u8
Latina Podcast (720p),https://redirector.rudo.video/hls-video/plus226/latina4/latina4.smil/playlist.m3u8
Latina TV (1080p),https://streamtv.latinamedios.com:3413/live/latinatvlive.m3u8
Latina TV Internacional (720p),https://5790d294af2dc.streamlock.net/latinatv/latinatv/chunklist.m3u8
Latino Channel TV (1080p),https://cdn.vegasplus.us/vegas/latch/playlist.m3u8
Latino Classic TV (1080p),https://streams2.sofast.tv/v1/master/611d79b11b77e2f571934fd80ca1413453772ac7/4d419a88-a62c-496f-b8a1-984e746f8259/manifest.m3u8
Latino Vibes (1080p) [Geo-blocked],https://amg00375-fusemedia-latinovibes-xumo-qyjhw.amagi.tv/playlist.m3u8
LATV (1080p) [Geo-blocked],https://amg00779-latv-amg00779c1-cineverse-us-1746.playouts.now.amagi.tv/playlist/amg00779-latvnetworkllc-latv-cineverseus/playlist.m3u8
Latvijas Radio 3 Klasika (240p),https://5a44e5b800a41.streamlock.net/liveVLR3/mp4:Klasika/playlist.m3u8
Laura Dave Media TV (720p),https://streaming.lauradavemedia.com/ldm/index.m3u8
Lausitzwelle (1080p),https://h056.video-stream-hosting.de/easycast11-live/_definst_/mp4:livestreamhd2/playlist.m3u8?ref=
Law & Crime (720p),https://a-cdn.klowdtv.com/live3/law_720p/playlist.m3u8
Law & Order (720p),https://jmp2.uk/plu-68758038552299d2b08162e3.m3u8
Law TV (1080p),http://stream.mcquack.net/406/index.m3u8
LaXitosa Panamá (360p) [Not 24/7],https://stmvideo2.livecastv.com/lax953/lax953/playlist.m3u8
Lazio TV (576p),http://151.0.207.99:1935/live/LAZIOTV12/playlist.m3u8
LBC (1080p) [Geo-blocked],https://rotana.hibridcdn.net/rotananet/lbc_net-7Y83PP5adWixDF93/playlist.m3u8
LBC International (1080p),http://185.9.2.18/chid_521/index.m3u8
LBFD RTV (1080p),https://tnt-television.com/LBFD_RTV/index.m3u8
LCI HD (1080p),http://145.239.5.177/368/index.m3u8
LCN [Geo-blocked],https://tvalive.akamaized.net/hls/live/2014213/tvan01/tvan01.m3u8
Le Cronache TV (720p),http://77.68.40.210:8888/hls/cronache.m3u8
Le Figaro IDF (1080p),https://figarotv-live.freecaster.com/live/freecaster/figarotv.m3u8
Le Meilleur d'Arthur (1080p),https://amg02393-awpg-amg02393c2-rakuten-uk-2464.playouts.now.amagi.tv/playlist/amg02393-awpg-lemeilleurdarthur-rakutenuk/playlist.m3u8
Le Meilleur de la TV Realite (1080p),https://amg02393-awpg-amg02393c4-rakuten-uk-3886.playouts.now.amagi.tv/playlist/amg02393-awpg-lemeilleurdelatvrealite-rakutenuk/playlist.m3u8
Le miracle de l'amour,https://jmp2.uk/plu-60549c238c3f21000753d3e0.m3u8
Le Monde en 24h,https://stream.berosat.live/hls/monde24h-tv-index/monde24h-tv-index.m3u8
Le Nouveau Manager TV,https://lnmlive.com/live/lnmtv.m3u8
Le sorelle McLeod,https://jmp2.uk/plu-60a2837f8154ab0007c4dcdf.m3u8
Leaderboard Sports News (1080p),https://amg02703-amg02703c20-samsung-au-9093.playouts.now.amagi.tv/playlist.m3u8
Leave It to Beaver (1080p),https://xumo-xumoent-ch826-z0h0h.fast.nbcuni.com/live/master.m3u8
Leave it to Bryan,https://jmp2.uk/plu-62e91b5ca909cb0008114ae4.m3u8
Leesburg Lakefront TV (Leesburg FL) (720p),https://reflect-lakefront-leesburgflorida.cablecast.tv/live-6/live/live.m3u8
Legislative Assembly of British Columbia,https://cdn3.wowza.com/5/YldIU1hsTlljRWZF/hbs-prim-house-httpo/HouseP.smil/playlist.m3u8
Legislative Assembly of British Columbia Committee A,https://cdn3.wowza.com/5/YldIU1hsTlljRWZF/hbs-prim-dougfir-httpo/DougFirP.smil/playlist.m3u8
Legislative Assembly of El Salvador (1080p) [Not 24/7],https://streaming.asamblea.gob.sv/hls/plenariahd.m3u8
Legislative Assembly of Ontario,https://temp3.isilive.ca/live/_definst_/ontla/house-en/playlist.m3u8
Legislative Assembly of Ontario Committees (room 1),https://temp2.isilive.ca/live/_definst_/ontla/committee_1-en/playlist.m3u8
Legislative Assembly of Ontario Committees (room 2),https://lin13.isilive.ca/live/_definst_/ontla/committee_2-en/playlist.m3u8
Legislative Assembly of Ontario Committees (room 151),https://temp3.isilive.ca/live/_definst_/ontla/rm151-en/playlist.m3u8
Legislative Assembly TV Nunavut,http://temp2.isilive.ca/live/nunavut/live-eng/index.m3u8
LEGO Kids TV,https://jmp2.uk/plu-60fb01a24795a6000762fe83.m3u8
Leipzig Fernsehen (1080p),https://leipzig.iptv-playoutcenter.de/leipzig/leipzigfernsehen.stream_1/playlist.m3u8
Léman Bleu (1080p),http://livevideo.infomaniak.com/streaming/livecast/naxoo/playlist.m3u8
Lemar TV (720p),https://tgn.bozztv.com/eshgtv-dvrfl05/gin-lemar/index.m3u8
Lena TV [Not 24/7],https://5790d294af2dc.streamlock.net/lenaratv/lenaratv/playlist.m3u8
Lenca Television Canal 40 (720p) [Not 24/7],https://lencatelevision.com/hls/stream.m3u8
Léo Mattéï: Brigada de protección,https://jmp2.uk/plu-6964d2179ba4ac18051a18ce.m3u8
LEO Middelsé TV (480p),https://ms7.mx-cd.net/tv/238-2061506/Omroep_LEO_TV.smil/playlist.m3u8
Leomax 24 (1080p),https://tvshops.bonus-tv.ru/cdn/shop24/playlist.m3u8
Leominster TV Educational (720p),https://livestream.telvue.com/leominster2/f7b44cfafd5c52223d5498196c8a2e7b.sdp/playlist.m3u8
Leominster TV Government (720p),https://livestream.telvue.com/leominster3/f7b44cfafd5c52223d5498196c8a2e7b.sdp/playlist.m3u8
Leominster TV Public (720p) [Not 24/7],https://livestream.telvue.com/leominster1/f7b44cfafd5c52223d5498196c8a2e7b.sdp/playlist.m3u8
Lepanto TV,https://fr.crystalweb.net:1936/lepantotv/lepantotv/playlist.m3u8
Les Anges (1080p),https://amg02393-awpg-amg02393c5-rakuten-uk-2463.playouts.now.amagi.tv/playlist/amg02393-awpg-lesanges-rakutenuk/playlist.m3u8
Les Anges,https://jmp2.uk/plu-66b228d4cd0d3100085d27b7.m3u8
Les Années fac,https://jmp2.uk/plu-60afae68a7fc50000737186d.m3u8
Les filles d'à côté,https://jmp2.uk/plu-60549d97cd7b090007c73314.m3u8
Les Marseillais (720p),https://jmp2.uk/plu-66f55d565e4a6e0008c2b9d2.m3u8
Les Nouveaux Detectives,https://jmp2.uk/plu-5f8edb6df1ebb800072edf10.m3u8
Les Routes du Paradis,https://jmp2.uk/plu-65cce23bdc10a400080645ad.m3u8
Les Schtroumpfs,https://jmp2.uk/plu-68b16d2282862c1f067dc763.m3u8
Les Secrets de Nos Régions (1080p),https://amg02393-awpg-amg02393c6-rakuten-uk-2460.playouts.now.amagi.tv/playlist/amg02393-awpg-lessecretsdenosregions-rakutenuk/playlist.m3u8
Les Z'amours (720p),https://jmp2.uk/plu-652d0b756208700008d758ad.m3u8
Let's Make a deal (720p),https://jmp2.uk/plu-64c2201a2a7f2200089a0af2.m3u8
Let's Make A Deal (720p),https://jmp2.uk/plu-6267352efcf21c0007c76642.m3u8
Let's Make A Deal Classic (1080p),https://d35koolwpjpqaf.cloudfront.net/playlist.m3u8
Lex TV (720p),https://cdn3.wowza.com/5/M0lyamVmM2JWcjhQ/lfucg/G0264_005/playlist.m3u8
LGD Television (720p),https://streamtv.intervenhosting.net:3403/hybrid/play.m3u8
LGTV (1080p),https://livestream.telvue.com/lexmedia3/f7b44cfafd5c52223d5498196c8a2e7b.sdp/lexmedia3/stream1/playlist.m3u8
LHCAZTV,https://cdn3.wowza.com/5/cHYzekYzM2kvTVFH/lakehavasucity/G0643_003/playlist.m3u8
Liangshan TV [Not 24/7],http://118.122.2.29:9999/hls/47/index.m3u8
Libertas TV (1080p),https://stream.luci.xyz/hls/LTV.m3u8
Libya Al Ahrar TV (1080p),https://stream-hls.castr.net/64490fcefe045f1b63012886/live_22d9a1f0c69c11ee9441219c2cc6d61f/index.fmp4.m3u8
Libya Al Wataniya (360p),https://cdn-globecast.akamaized.net/live/eds/libya_al_watanya/hls_roku/index.m3u8
Liceum TV (576p),http://193.225.32.62:8890/live.m3u8
Lider TV (720p),https://cdn-tiva-video08-logicahost-com-br.smartbit.co/lidertvssp/lidertvssp/playlist.m3u8
Lider TV (720p),https://chankillo.agenciastreaming.com/lidertv/index.m3u8
Liebe Sünde,https://jmp2.uk/plu-68d276ce59fd82da32267d0d.m3u8
Lietuvos Rytas TV (1080p),https://live.lietuvosryto.tv/live/hls/eteris.m3u8
Life & Legend of Wyatt Earp,https://jmp2.uk/plu-62b97c5f0d8c8e0007cf48b9.m3u8
Life Downunder (720p),https://wtfn-lifedownunder-1-au.samsung.wurl.tv/playlist.m3u8
Life Downunder (720p),https://wtfn-lifedownunder-1-nz.samsung.wurl.tv/playlist.m3u8
Life Minute (720p),https://amg01468-lifeminutetv-lifeminute-klowdtv-r4hhz.amagi.tv/playlist/amg01468-lifeminutetv-lifeminute-klowdtv/playlist.m3u8
Life TV (432p) [Not 24/7],http://lifetv.bitflip.ee/live/stream1_1/index.m3u8
Life TV,http://88.212.15.19/live/lifetv/index.m3u8
Life TV (720p),https://lifetv.livebox.co.in/lifetvhls/lifetv.m3u8
Life TV (720p) [Not 24/7],https://live.artidijitalmedya.com/artidijital_lifetv/lifetv/playlist.m3u8
Life! Christian Broadcasting Network (360p),https://2-fss-2.streamhoster.com/pl_138/200226-1359204-1/playlist.m3u8
LIFE! End Times TV (360p),https://2-fss-1.streamhoster.com/pl_122/200226-1427780-1/playlist.m3u8
Lifetime (720p),http://40.160.24.53/LIFETIME/index.m3u8
Lifetime Asia (1080p),http://nmk.ioapk.com:5050/4gtv-live029/index.m3u8
Lifetime Latin America (1080p),http://138.121.15.230:9002/LIFETIME/index.m3u8
Lifetime Latin America Brazil (720p),http://138.255.2.6:8084/LIFETIME/index.m3u8
Lifetime Movie Favorites (720p),https://jmp2.uk/plu-63335b193583440007c859fb.m3u8
Lifetime Movie Favorites (720p) [Geo-blocked],https://pb-137agpk5fqieb.akamaized.net/v1/aenetworks_holidaymoviefavorites_1/samsungheadend_us/latest/main/hls/playlist.m3u8
Lifetime Movies (1080p),https://amg00276-amg00276c21-samsung-gb-5270.playouts.now.amagi.tv/playlist.m3u8
Lifetime Movies (1080p),http://23.237.104.106:8080/USA_LMN/index.m3u8
Lifetime Movies Love & Drama (1080p),https://d1s7megtamek6r.cloudfront.net/Lifetime_Love_and_Drama.m3u8
Lifetime Real Women (576p),http://40.160.24.58/LIFETIME_REAL_WOMEN/index.m3u8
LifeTv (1080p),https://lifetv.mpks.sk/s.m3u8
LifevisionTV (406p) [Not 24/7],https://tgn.bozztv.com/lifevision/lifevision/index.m3u8
Liga de Campeones por Movistar Plus+,https://7nyaler.streamhostingcdn.top/stream/36/index.m3u8
Light Channel (480p) [Not 24/7],https://streamer1.streamhost.org/salive/GMIlcbgM/playlist.m3u8
Light Channel (576p) [Not 24/7],http://streamer1.streamhost.org:1935/salive/lctvde/playlist.m3u8
Light Channel (480p) [Not 24/7],http://streamer1.streamhost.org:1935/salive/GMIlcbgM/playlist.m3u8
Light TV (480p) [Not 24/7],https://streams.comclark.com/pknsd/light_tv/playlist.m3u8
Lighting Lives Blessing Nations His Light (LLBN) (720p),https://brightstar-hislight-pull-secure.akamaized.net/brightstarhislight/stream.m3u8
Lighting Lives Blessing Nations His Word (LLBN) (720p),https://brightstar-hisword-pull-secure.akamaized.net/brightstarhisword/stream.m3u8
Lighting Lives Blessing Nations Smart Life Style TV (LLBN) (720p),https://brightstar-sls-pull-secure.akamaized.net/brightstarsls/stream.m3u8
Lighting Lives Blessing Nations TV Arabic (LLBN) (480p),https://brightstar-arabic-pull-secure.akamaized.net/brightstararabic/stream.m3u8
Lighting Lives Blessing Nations TV Chinese (LLBN) (480p),https://brightstar-chinese-pull-secure.akamaized.net/brightstarchinese/stream.m3u8
Lighting Lives Blessing Nations TV Korean (LLBN) (480p),https://brightstar-korean-pull-secure.akamaized.net/brightstarkorean/stream.m3u8
Lighting Lives Blessing Nations TV Latino (LLBN) (480p),https://brightstar-latino-pull-secure.akamaized.net/brightstarlatino/stream.m3u8
Lighting Lives Blessing Nations TV Romanian (LLBN) (480p),https://brightstar-romanian-pull-secure.akamaized.net/brightstarromanian/stream.m3u8
Lighting Lives Blessing Nations TV South Asia (LLBN) (480p),https://brightstar-southasia-pull-secure.akamaized.net/brightstarsouthasia/stream.m3u8
Lila TV Pencahue,https://tv.arkeo.cl:1936/radiolila/radiolila/playlist.m3u8
Limón TV (1080p) [Not 24/7],http://k4.usastreams.com/limontv1/limontv1/playlist.m3u8
Lindell TV (720p),https://rumble.com/live-hls/6v67mu/playlist.m3u8
Lindenstrasse (720p),https://ad2ef2da.wurl.com/master/f36d25e7e52f1ba8d7e56eb859c636563214f541/UmFrdXRlblRWLWV1X0FSRFBsdXNMaW5kZW5zdHJhZV9ITFM/playlist.m3u8
Line TV (720p) [Not 24/7],https://edge1.socialsmart.tv/linetv/bant1/playlist.m3u8
Lingkar TV,https://lingkartv.my.id/hls/lingkartv.m3u8
Linieros TV (480p) [Not 24/7],https://soportedvb.click:3017/live/linierostvlive.m3u8
LINQ TV (480p),https://ms7.mx-cd.net/dtv-09/246-2090022/Linq_Media_TV.smil/playlist.m3u8
Lionsgate Play,http://103.159.180.34:5001/live/2327.m3u8
Lira TV (720p) [Not 24/7],https://5d79ae45bc63b.streamlock.net/Liratv/Liratv/playlist.m3u8
LiraTV (720p),https://cloud2.streaminglivehd.com:1936/liratv/liratv/playlist.m3u8
Litoral Atlántico HD (720p),https://cdn4.streamgato.us:3595/live/litoralhdlive.m3u8
Little Angel's Playroom,https://jmp2.uk/plu-5eb301b7395671000780d100.m3u8
Little Angel's Playroom en Español,https://jmp2.uk/plu-60493283ffc52f000710edae.m3u8
Little Guyana TV (1080p),https://video1.getstreamhosting.com:1936/8122/8122/playlist.m3u8
Little House on the Prairie (1080p),https://xumo-xumoent-vc-121-ghge7.fast.nbcuni.com/live/master.m3u8
Little House on the Prairie (720p),https://jmp2.uk/plu-654933ac986ad20008a1f406.m3u8
Little Stars Universe,https://jmp2.uk/plu-51c75f7bb6f26ba1cd00002f.m3u8
Little Women LA (1080p) [Geo-blocked],https://pb-dg3i75yovavc4.akamaized.net/Little_Women_LA.m3u8
Littleton 8 TV (Littleton CO) (1080p),https://ch8.littletongov.org/live-2/live/live.m3u8
Littoral FM (720p),https://live.creacast.com/littoralfm-ch1/stream/playlist.m3u8
Liv (720p),https://live-fi.tvkaista.net/liv/live.m3u8?hd=true
Live99FM (1080p),https://media.streambrothers.com:1936/8014/8014/playlist.m3u8
Live Music,https://jmp2.uk/plu-5873fc21cad696fb37aa9054.m3u8
Live PD Presents (1080p),https://amg26277-amg26277c11-samsung-gb-11286.playouts.now.amagi.tv/playlist.m3u8
Live PD Presents (1080p),https://d8o79xse42g9s.cloudfront.net/Live_PD_Presents.m3u8
Live PD Presents (720p),https://jmp2.uk/plu-6887a4e01067b66fa16966ec.m3u8
LiveNOW from FOX (1080p) [Geo-blocked],https://pb-k5p02dtnr2162.akamaized.net/LiveNOW_from_FOX.m3u8
LiveXLive (1080p),https://livestream.liveone.com/lc1/p1.m3u8
Living Asia Channel (1080p),https://cdn.vegasplus.us/vegas/lac/playlist.m3u8
Living Faith TV (540p),https://cdn-unified-hls.streamspot.com/ingest1/0b5c0f18e9/playlist.m3u8?origin=1
Living India News (1080p),https://stream.ottlive.co.in/livingindia/index.m3u8
Living With Evil (720p),https://jmp2.uk/plu-68bb164fb3900870ec368759.m3u8
Lleida Televisió (1080p),https://liveingesta318.cdnmedia.tv/lleidatvlive/smil:live.smil/playlist.m3u8?DVR=
LMTV French (720p) [Not 24/7],https://video1.getstreamhosting.com:1936/8282/8282/playlist.m3u8
LN24SA (1080p),https://cdnstack.internetmultimediaonline.org/ln24/ln24.stream/playlist.m3u8
LN247 (1080p),https://go5lmb6oyawb-hls-live.5centscdn.com/station/3dfd3752af3d7aec5c53992c2da3a316.sdp/playlist.m3u8
LNK (1080p),http://stream.mcquack.net/30/index.m3u8
Loading (720p),https://stmv1.srvif.com/loadingtv/loadingtv/playlist.m3u8
Lobo TV (720p),https://5ca3e84a76d30.streamlock.net/tvlobo/videotvlobo/playlist.m3u8
Localish (1080p),https://dnmfq3sh1jipj.cloudfront.net/DisneyLocalish.m3u8
Location Location Location (1080p),https://d30q6vjmdwhh1y.cloudfront.net/LocationLocationLocation_GB.m3u8
LOE TV (720p),https://58c04fb1d143f.streamlock.net/loemedia/loemedia/playlist.m3u8
Logo (720p),http://40.160.24.53/LOGO_TV/index.m3u8
Logo Pluto TV,https://jmp2.uk/plu-5ce5a8954311f992edbe1da2.m3u8
Logos TV (1080p) [Not 24/7],https://streamer1.streamhost.org/salive/logosH/master.m3u8
Logos TV (1080p) [Not 24/7],https://5a8308add0b31.streamlock.net/logoschannel.com/logostv.smil/playlist.m3u8
Logos TV English (1080p) [Not 24/7],https://5aafcc5de91f1.streamlock.net/logoschannel.com/logoseng/playlist.m3u8
Logos TV Estudio (720p) [Not 24/7],https://streamer1.streamhost.org/salive/logosdirectaH/playlist.m3u8
Logos TV Kids (720p) [Not 24/7],https://streamer1.streamhost.org/salive/logoskidsH/playlist.m3u8
Logos TV Salud (720p) [Not 24/7],https://streamer1.streamhost.org/salive/logossaludH/playlist.m3u8
Lokshahi News (1080p),https://see.lokshahi.live/live/index.m3u8
LOL Just For Laughs (720p),https://jmp2.uk/plu-65d7211d0d45610008ffcf92.m3u8
LOL TV (1080p),https://streams2.sofast.tv/v1/master/611d79b11b77e2f571934fd80ca1413453772ac7/fc63d5fd-b50e-4d3e-abdf-697d9b6cbf70/manifest.m3u8
LOL! Network (720p),https://d1kt53vrikzr5o.cloudfront.net/v1/lol_lolnetwork_5/samsungheadend_us/latest/main/hls/playlist.m3u8
Lollywood HD TV,https://stream.berosat.live/hls/lollywood-hd/lollywood-hd.m3u8
Lolwe TV (576p) [Not 24/7],https://goliveafrica.media:9998/live/62580e144eb43/index.m3u8
Lombardia TV,https://5db313b643fd8.streamlock.net/lmbiatv/lmbiatv/playlist.m3u8
Lompoc TAP TV Channel 23 (720p),https://livestream.telvue.com/lompoccmttv1/f7b44cfafd5c52223d5498196c8a2e7b.sdp/playlist.m3u8
Lompoc TAP TV Channel 24 (720p),https://livestream.telvue.com/lompoccmttv2/f7b44cfafd5c52223d5498196c8a2e7b.sdp/playlist.m3u8
Lompoc TAP TV Channel 25 (720p),https://livestream.telvue.com/lompoccmttv3/f7b44cfafd5c52223d5498196c8a2e7b.sdp/playlist.m3u8
LON TV (720p),https://streamingserver02.omroepnuenen.nl/lon/lonweb/chunklist_w1463772894.m3u8
Lone Star (720p),https://6b88cde9.wurl.com/master/f36d25e7e52f1ba8d7e56eb859c636563214f541/UmFrdXRlblRWLWV1X0xvbmVTdGFyX0hMUw/playlist.m3u8
Lone Star (1080p),https://lonestar-rakuten.amagi.tv/playlist.m3u8
Lone Star (1080p),https://cineverse.g-mana.live/media/901011e7-9149-48cb-aabc-9218760e54fe/master.m3u8
Look Thoong TV (720p) [Not 24/7],https://livefta.malimarcdn.com/ftaedge00/lookthoongtv.sdp/playlist.m3u8
LooLoo Kids (1080p),https://amg02757-amg02757c5-samsung-gb-5765.playouts.now.amagi.tv/playlist/amg02757-loolookids-llkenfast-samsunggb/playlist.m3u8
LooLoo Kids TV (1080p),https://amg02757-amg02757c3-rakuten-de-6135.playouts.now.amagi.tv/playlist/amg02757-loolookids-llkdefast-rakutende/playlist.m3u8
Loreto TV (720p),https://loretotv.moxapps.shop/live/QFM7KYOlxWd47ybXB3Z1u2P13Py1/index.m3u8
Los Angeles Local Television Channel 36 (1080p),https://reflect-channel36-la.cablecast.tv/live-3/live/stream-1/live.m3u8
Los Angeles TV Radio,https://stmv6.voxtvhd.com.br/losangeles/losangeles/playlist.m3u8
Los archivos del FBI,https://jmp2.uk/plu-5f1acbed25948a0007ffbe65.m3u8
Los Asesinatos de Midsomer,https://jmp2.uk/plu-5f1aca8310a30e00074fab92.m3u8
Los caballeros del Zodiaco,https://jmp2.uk/plu-680ba8c3a48b3ead0db701cc.m3u8
Los Gipsy Kings (1080p),https://gipsy-kings-rakuten-tv-es.fast.rakuten.tv/v1/master/0547f18649bd788bec7b67b746e47670f558b6b2/production-LiveChannel-6752/master.m3u8
Los Gipsy Kings,https://jmp2.uk/plu-68adc3fdd8f7693ae347a63a.m3u8
Los misterios de Murdoch,https://jmp2.uk/plu-6682bd9b8768aa0008f25be5.m3u8
Los nuevos detectives,https://jmp2.uk/plu-5f1acba0d1f6340007db8843.m3u8
Los Padrinos Mágicos,https://jmp2.uk/plu-6322099c822bbc00074857db.m3u8
Los Pitufos,https://jmp2.uk/plu-68d27949793c71d988ca624c.m3u8
Los Pitufos,https://jmp2.uk/plu-68a3a97fd8f7693ae3f8575f.m3u8
Los Santos TV (720p),https://lstv.duckdns.org:449/hls/lstv.m3u8
LotPlus TV (720p),https://ontvcable.streamottmas.workers.dev/ontvcable.m3u8
Lotte Home Shopping (720p),https://pchlslivesw.lotteimall.com/live/livestream/lotteimalllive_mp4.m3u8
Lotte OneTV (720p),https://onetvhlslive.lotteimall.com/lotteonetvlive/lotteonetvlive.mp4.m3u8
Lotus Macau HD 720p (720p),https://cdn4.skygo.mn/live/disk1/Lotus/HLSv3-FTA/Lotus.m3u8
Louga TV (480p),https://stream.sen-gt.com/Mbacke/myStream/playlist.m3u8
Louis La Brocante,https://jmp2.uk/plu-5f8ed6d569d2d4000864a976.m3u8
Love 2 Hate TV (1080p),https://streams2.sofast.tv/v1/master/611d79b11b77e2f571934fd80ca1413453772ac7/4f3f3fb6-cec9-4a29-bc6c-90685947766e/manifest.m3u8
Love & Hip Hop,https://jmp2.uk/plu-5d51ddf0369acdb278dfb05e.m3u8
Love After Lockup (1080p),https://faedb543.wurl.com/master/f36d25e7e52f1ba8d7e56eb859c636563214f541/U2Ftc3VuZy1nYl9Mb3ZlQWZ0ZXJMb2NrdXBfSExT/playlist.m3u8
Love Boat,https://jmp2.uk/plu-655ca3d1fbc15b00081f1186.m3u8
Love Boat,https://jmp2.uk/plu-654a4cc3f91d250008ac11f6.m3u8
Love Boat,https://jmp2.uk/plu-65cb76723a116800079e1fc3.m3u8
Love Boat,https://jmp2.uk/plu-654a4fe9056b9700088804a0.m3u8
Love Boat,https://jmp2.uk/plu-654a517ff91d250008ac2d4a.m3u8
Love Island Danmark,https://jmp2.uk/plu-61c19bfb3bf4940007804d32.m3u8
Love Island UK,https://jmp2.uk/plu-62bed7cb3279cb0007735327.m3u8
Love Island USA,https://jmp2.uk/plu-695e2857026be6e9d3ad59d3.m3u8
Love Island: All Stars,https://jmp2.uk/plu-68ad8bececd330dcb0f050b5.m3u8
Love Nature (1080p),https://aegis-cloudfront-1.tubi.video/6d6d0f24-8445-4b4c-bdf6-44f9e38beaa4/playlist.m3u8
Love Nature 4K (2160p) [Geo-blocked],https://pb-ehs1glsha1juy.akamaized.net/Love_Nature_4K.m3u8
Love Nature en Espanol (1080p) [Geo-blocked],https://amg01515-amg01515c17-xumo-us-2489.playouts.now.amagi.tv/bamus-lovenaturespanish-roku/playlist.m3u8
Love Pets (1080p),https://amg01576-blueskyeenterta-lovepetsemea-samsungse-ctamh.amagi.tv/playlist/amg01576-blueskyeenterta-lovepetsemea-samsungse/playlist.m3u8
Love Stories TV (720p),https://84e619480232400a842ce499d053458a.mediatailor.us-east-1.amazonaws.com/v1/manifest/04fd913bb278d8775298c26fdca9d9841f37601f/ONO_LoveStoriesTV/18a65393-ba3b-4912-90d5-7188c128ac66/3.m3u8
Love Television (720p),https://streamer2.nexgen.bz/01-LOVE/index.m3u8
Love the Planet (1080p),https://amg01821-lovetvchannels-lovetheplanetuksamsung-samsunguk-apopw.amagi.tv/playlist/amg01821-lovetvchannels-lovetheplanetuksamsung-samsunguk/playlist.m3u8
Love The Planet DE (1080p) [Geo-blocked],https://amg01821-amg01821c12-rlaxx-gb-10461.playouts.now.amagi.tv/playlist.m3u8
Love The Planet ES (1080p) [Geo-blocked],https://amg01821-lovetv-amg01821c9-rlaxx-gb-10458.playouts.now.amagi.tv/playlist.m3u8
Love The Planet IT (1080p) [Geo-blocked],https://amg01821-amg01821c11-rlaxx-gb-10459.playouts.now.amagi.tv/playlist.m3u8
Love TV (1080p) [Not 24/7],https://stream.nasatv.com.mk/lovetv/hls/lovetv_live.m3u8
Loveland TV (Loveland CO) (1080p),https://reflect-cityofloveland-co.cablecast.tv/live-3/live/live.m3u8
Lóverseny közvetítés (420p),http://87.229.103.60:1935/liverelay/loverseny2.sdp/playlist.m3u8
LoveWorld Arabic (360p),https://go5lm6a6dawb-hls-live.5centscdn.com/lwarabic/53132d996b4263ec0d7b602292c46eaf.sdp/playlist.m3u8
LoveWorld Persia (720p),https://cdn3.wowza.com/5/aVJETlF0UFdmYTFu/LWPP/ngrp:persia.stream_all/playlist.m3u8
Loveworld UK (1080p) [Not 24/7],https://cdn3.wowza.com/5/L1Uzd2FrbVlLRG1W/live/smil:lwukweb.smil/playlist.m3u8
LoveWorld USA (720p),https://cdn3.wowza.com/5/RGtVZkFxL3FOQkxX/LWU/ngrp:lwu.stream_all/playlist.m3u8
LoveworldSAT (1080p),https://cdnstack.internetmultimediaonline.org/lwsat/lwsat.stream/index.m3u8
LOZ (Lokale Omroep Zeewolde) (720p),https://5e2b3e3114872.streamlock.net:1443/lozlive/smil:lozlive/playlist.m3u8
LRT Klasika (1080p),https://stream-live.lrt.lt/klasika/master.m3u8
LRT Lituanica (1080p) [Geo-blocked],https://stream-live.lrt.lt/lituanica/master.m3u8
LRT Opus (1080p),https://stream-live.lrt.lt/opus/master.m3u8
LRT Plius (1080p),http://stream.mcquack.net/353/index.m3u8
LRT Radijas (1080p),https://stream-live.lrt.lt/radijas/master.m3u8
LRT TV (1080p),http://stream.mcquack.net/31/index.m3u8
LS TV (480p),https://livefta.malimarcdn.com/ftaedge00/laostv.sdp/playlist.m3u8
LTN Family (576p),http://103.250.28.74:8000/play/a02j/index.m3u8
LTV (2160p) [Not 24/7],https://live.cdnlivecdn.com/live/c9fe062eed2978749aa00df6485940d298449f5e.m3u8
LTV (720p) [Not 24/7],https://5e85d90130e77.streamlock.net/6022/6022/playlist.m3u8
LTV1 (720p),https://ltvlive3167.bstrm.net/ltvlive/_definst_/ltvlive_ltv06_ltv1_g_x44_43186_default_1326_hls.smil/chunklist.m3u8
LTV1 (1080p),http://stream.mcquack.net/34/index.m3u8
LTV7 (720p),https://ltvlive3167.bstrm.net/ltvlive/_definst_/ltvlive_ltv07_ltv7_g_eb0_43187_default_1327_hls.smil/chunklist.m3u8
LTV7 (1080p),http://stream.mcquack.net/371/index.m3u8
Lucky Dog (720p),https://d3j95sejv6mybj.cloudfront.net/Lucky_Dog.m3u8
Luksusfælden,https://jmp2.uk/plu-61c19b7785706b00072d421a.m3u8
Luksusfellen,https://jmp2.uk/plu-61c1e060197fe600073c1ffb.m3u8
Luksusfellen Sverige,https://jmp2.uk/plu-61c1e0f1d6d97900076ea16f.m3u8
Luna TV Canal 53 (720p),https://tv.wracanal10.com:3671/live/lunatvcanal53live.m3u8
Lupin,https://jmp2.uk/plu-683457e5f59cc6a13212fce4.m3u8
Luxe Fireplace Vibes (1080p) [Geo-blocked],https://pb-0yvknepz2ngjh.akamaized.net/playlist.m3u8
Luxe TV (1080p),http://103.154.3.101:5001/live/1736.m3u8
Luxury Dreams TV (1080p),https://streams2.sofast.tv/v1/master/611d79b11b77e2f571934fd80ca1413453772ac7/2f8307f7-cae4-4b19-afc0-32f4ba4ab4d0/manifest.m3u8
Luyaa TV (480p) [Not 24/7],https://goliveafrica.media:9998/live/659e7c6432815/index.m3u8
Luys TV (1080p),https://b01c02nl.mediatriple.net/videoonlylive/mtpayqrfkgirxelive/broadcast_5e91c5ac96898.smil/playlist.m3u8
Luz Divina TV [Not 24/7],https://tv.wracanal10.com:3776/live/luzdivinatvlive.m3u8
Luz Naciente TV,https://streeming.protoscr.com:3858/live/streeminglive.m3u8
Lyxfällan,https://jmp2.uk/plu-61c18f62f5acaf0007f83135.m3u8
Lyxfällan Danmark,https://jmp2.uk/plu-61c19165decece0007e9b2f3.m3u8
Lyxfällan Norge,https://jmp2.uk/plu-67f7d328efc5473b6b4ac5f4.m3u8
M1 (1080p),http://stream.mcquack.net/218/index.m3u8
M1 HD,http://88.212.15.19/live/test_m_1_hungary_1200_atk/playlist.m3u8
M2 (1080p),http://88.212.15.19/live/m2_hun/index.m3u8
M2 (1080p),http://stream.mcquack.net/330/index.m3u8
m2o TV (1080p),https://4c4b867c89244861ac216426883d1ad0.msvdn.net/live/S62628868/uhdWBlkC1AoO/playlist.m3u8
M4 Sport,http://88.212.15.19/live/m4_hun/index.m3u8
M5 (1080p),http://88.212.15.19/live/test_m_5_hun_atk_1200/playlist.m3u8
M6 (1080p),http://99.27.51.147:8080/M6/index.m3u8
M6 Music (720p),http://145.239.5.177/320/index.m3u8
M95 Televisión Marbella (1080p) [Not 24/7],https://limited2.todostreaming.es/live/m95-livestream.m3u8
M Entertainment Channel (720p),https://mmtvs.exliatycl.online/mchannel/stream.m3u8
M News (1080p),https://cdn.rabta.stream/M-News/index.m3u8
M Sign Media (720p) [Not 24/7],http://rtmp2.logicwebs.in:1935/msign/msignmedia/playlist.m3u8
M Sports (1080p),https://cdn.rabta.stream/M-Sports/index.m3u8
M-1 (480p),https://m-1.data.lt/m-1/smil:m-1.smil/playlist.m3u8
M-Net HD (720p),http://ares.mnet.mk/hls/mnet.m3u8
M-Net Info,https://live.mnet.mk/hls/mnet-info.m3u8
M-Net Kids (720p),http://ares.mnet.mk/hls/mnet-kids.m3u8
M-Net Sport (720p),http://ares.mnet.mk/hls/mnet-sport.m3u8
Ma'an TV (720p),https://htvmada.mada.ps:4443/maannews/index.m3u8
Maah TV (720p),https://hls.maahtv.live/hls/stream.m3u8
Maasranga TV (720p),http://tvsen5.aynascope.net/maasrangatv/index.m3u8
MacGyver,https://jmp2.uk/plu-6245ccd0c6cdb800074632e4.m3u8
MacGyver,https://jmp2.uk/plu-68503d585965a2fd49fc2f0b.m3u8
MacGyver,https://jmp2.uk/plu-654a59742c1d33000865a797.m3u8
MacGyver,https://jmp2.uk/plu-654a59d483595c0008187514.m3u8
MacGyver,https://jmp2.uk/plu-63a19eceb3d0eb0007439c34.m3u8
MacGyver,https://jmp2.uk/plu-63eb9dc84e83e70008abea92.m3u8
MacGyver,https://jmp2.uk/plu-63eb95baa99571000898a078.m3u8
Mad Dog and Merrill (540p) [Not 24/7],https://rpn.bozztv.com/gusa/gusa-mwg/index.m3u8
Madani Channel Bangla (1080p),https://streaming.madanichannel.tv/static/streaming-playlists/hls/d3e49b76-ac06-4689-a641-9200445b647f/master.m3u8
Madani Channel English (720p),http://tvsen7.aynascope.net/MadaniTV/index.m3u8
Madani Channel Urdu (720p),https://streaming.madanichannel.tv/static/streaming-playlists/hls/b9790f10-cb0d-4e30-82bf-84a756234e58/master.m3u8
Madani TV (720p),https://stream.asianastream.com/madani/madanitv.smil/playlist.m3u8
Madaniyat va ma'rifat (576p),https://stream8.cinerama.uz/1005/tracks-v1a1/playlist.m3u8
Made in Hollywood,https://connection3-ent-nz.samsung.wurl.tv/playlist.m3u8
MadeinBO TV (1080p),https://srvx1.selftv.video/dmchannel/live/playlist.m3u8
Madha TV,https://cdn-3.pishow.tv/live/1265/master.m3u8
Madhimugam TV (576p),https://mumt01.tangotv.in/O5aw8Zn3MATHIMUGAMTV/index.m3u8
Madras FM TV (1080p),https://edge12.vedge.infomaniak.com/livecast/ik:madrasfmtv/manifest.m3u8
Madre,https://jmp2.uk/plu-69b32974814d27f4aed90fdd.m3u8
Madu TV (1080p) [Not 24/7],https://re1.siar.us/madutv/hd720/playlist.m3u8
Maestrat TV (1080p),https://stream.maestrat.tv/hls/stream.m3u8
MagellanTV Now (1080p),https://amg00376-magellan-amg00376c5-samsung-au-1708.playouts.now.amagi.tv/playlist/amg00376-magellantv-magellantvnowww-samsungau/playlist.m3u8
Magenta Musik 360 (1080p),https://streaming.magentamusik.de/csm/573870/magentamusik1/index.m3u8
Magic PowerRadio (288p) [Not 24/7],https://server-23.stream-server.nl:1936/Magic-PowerRadio/Magic-PowerRadio/playlist.m3u8
Magic TV (720p),https://bss1.neterra.tv/magictv/magictv.m3u8
Magic TV (720p),https://tv.broadcasting.ro/magictv/925f90db-5c88-4190-a53d-5163cdffe6f4.m3u8
Magna Channel (1080p) [Not 24/7],https://edge.medcom.id/live-edge/smil:magna.smil/playlist.m3u8
Magna Vision (1080p),https://j78dpa3edq5r-hls-live.5centscdn.com/abr/0864028584026e6ad9cdf922473177a4/playlist.m3u8
Magnificent Movies Network,https://mmn1-301f.kxcdn.com/hls/MMN-HLS.m3u8
Magyar Mozi TV,http://88.212.15.19/live/mozi/index.m3u8
Maha Movie (576p),https://cdn-6.pishow.tv/live/10007/master.m3u8
Maha Punjabi,https://cdn-4.pishow.tv/live/1521/master.m3u8
Mahaa Bhakti (1080p),https://mumbai-edge.smartplaytv.in/MahaBhakthi/index.m3u8
Mahaa News,https://cdn-1.pishow.tv/live/401/master.m3u8
Mahaasin TV,https://mahaasintv.livebox.co.in/mahaasintvhls/mahaasintv.m3u8
Mahabad,https://ncdn.telewebion.ir/mahabad/live/playlist.m3u8
Mahalla (576p),https://stream8.cinerama.uz/1013/tracks-v1a1/playlist.m3u8
Mai dire sì,https://jmp2.uk/plu-6349279ed5023700078f2bc2.m3u8
Maidan (720p),https://live-maidantv.cdnvideo.ru/maidantv/maidantv.smil/playlist.m3u8
Maimon TV Canal 3 (720p) [Not 24/7],https://tele-stream.telecasa.net/live/st3/maimontv-hd/index.m3u8
Maincast Cybersport (1080p),http://stream.mcquack.net/487/index.m3u8
Maincast Sport (1080p),http://stream.mcquack.net/490/index.m3u8
Mais MasterChef Brasil,https://jmp2.uk/plu-681111be5e0764e297fb200e.m3u8
Majestad Televisión (720p),https://videoserver.tmcreativos.com:19360/majestadtv/majestadtv.m3u8
Majestad Televisión (480p) [Not 24/7],https://livetv.305streamhd.com:3667/live/majestadtvlive.m3u8
Majid Al Mohandis (1080p),https://shd-amg-fast.edgenextcdn.net/tx019/playlist.m3u8
Makan 33 (1080p),https://kancdn.medonecdn.net/livehls/oil/kancdn-live/live/makan/live.livx/playlist.m3u8
Makao TV (1080i),https://live.obslivestream.com/makaomux/index.m3u8
Makina TV (720p) [Not 24/7],https://vdopanel.jlahozconsulting.com:3303/live/makinalive.m3u8
Makkah TV (576p),https://media2.streambrothers.com:1936/8122/8122/playlist.m3u8
Makkal TV (576i),https://5k8q87azdy4v-hls-live.wmncdn.net/MAKKAL/271ddf829afeece44d8732757fba1a66.sdp/playlist.m3u8
Makói Városi (576p),http://makomedia.mikrohalo.hu/hls/makotv.m3u8
Makon TV (576i),https://stream8.cinerama.uz/1497/tracks-v1a1/mono.m3u8
MakroDigital Television (1080p),https://makrodigitaltv.makrodigital.com/makrodigitaltelevision/iptv/playlist.m3u8
Malabar News (720p) [Not 24/7],http://cloud.logicwebs.in:1935/live/malabarnews/playlist.m3u8
Malai Murasu TV (1080p) [Geo-blocked],https://amg17783-amg17783c1-amgplt0173.playout.now3.amagi.tv/playlist/amg17783-amg17783c1-amgplt0173/playlist.m3u8
Malar TV (720p) [Not 24/7],https://cdn-3.pishow.tv/live/473/master.m3u8
Malchin TV (1080p),https://cdn4.skygo.mn/live/disk1/Malchin/DASH-FTA/Malchin.mpd
Maldives TV (720p),https://lana.psm.mv/live/mtv.m3u8
Malta (720p) [Not 24/7],https://webtvstream.bhtelecom.ba/malta.m3u8
Mama (576p),http://stream.mcquack.net/79/index.m3u8
Mama Benz TV (1080p),https://streams2.sofast.tv/v1/master/611d79b11b77e2f571934fd80ca1413453772ac7/65f99e10-8d57-460a-a6be-731d90cfe7b1/manifest.m3u8
Man with a Plan,https://jmp2.uk/plu-678f88bb272ded16b1558c5e.m3u8
Man with a Plan,https://jmp2.uk/plu-6825eeeeb19ce6d4a34ebb2a.m3u8
Man with a Plan,https://jmp2.uk/plu-6825efbb9eed174f7ffbe5b0.m3u8
Maná Church Online (1080p) [Not 24/7],https://w2.manasat.com/church-online/smil:church-online.smil/playlist.m3u8
Maná Cirkev Online (1080p) [Not 24/7],https://w2.manasat.com/cirkev-online/smil:cirkev-online.smil/playlist.m3u8
Maná Église Online (1080p) [Not 24/7],https://w2.manasat.com/eglise-online/smil:eglise-online.smil/playlist.m3u8
Maná Iglesia Online (1080p) [Not 24/7],https://w2.manasat.com/iglesia-online/smil:iglesia-online.smil/playlist.m3u8
Maná Igreja Online (1080p) [Not 24/7],https://w1.manasat.com/igrejaonline/smil:igrejaonline.smil/playlist.m3u8
Maná Tserkov' Onlayn (1080p) [Not 24/7],https://w2.manasat.com/tserkov-online/smil:tserkov-online.smil/playlist.m3u8
Manaclar Television [Not 24/7],https://5790d294af2dc.streamlock.net/manaclar/manaclar/playlist.m3u8
Manas TV (1080p),http://212.42.111.152:8080/hls/manas.m3u8
Manatee Schools Television MSTV (Manatee County FL) (1080p),https://reflect-mcsb-vod.cablecast.tv/live-16/live/live.m3u8
Manavisión (480p),https://play.once.net.ec/play/Ily2oYdd3E1fi9wK2zORoRovFU9P5xM0g3CNVK2MT0M/.m3u8
Mango (1080p) [Geo-blocked],https://lb2.pluscdn.pl/ch/1580235/3496/hls/a149fc4b/masterlist.m3u8
Mango Mobile TV (1080p),https://amg01911-mangotv-amg01911c1-xiaomi-in-1270.playouts.now.amagi.tv/playlist/amg01911-mangomassmedia-mangotv-xiaomiin/playlist.m3u8
Mangorn (720p),http://49.0.87.24:1936/HDDragon/Dragon/playlist.m3u8
Mańǵystaý (540p) [Not 24/7],https://stream.kaztrk.kz/regional/mangystautv/index.m3u8
Maniel TV,https://stream.inliveserver.com:19360/8010/8010.m3u8
Mannen som talar med hundar,https://jmp2.uk/plu-6501ae4998020f00085040ed.m3u8
Manorama News (1080p),https://mmtvnews1.akamaized.net/v1/master/673630b269b766886555eebfddd4f27f3de3ab50/mmtvNewsCampaign1/index.m3u8
Manoranjan Grand (720p),https://cdn-1.pishow.tv/live/1011/master.m3u8
Manoranjan Movies (720p),http://103.213.31.109:90/ManoranjanMovies/playlist.m3u8
Manoranjan Prime,https://cdn-4.pishow.tv/live/1474/master.m3u8
Manoranjan TV (720p),http://103.213.31.109:90/ManoranjanTv/playlist.m3u8
Manoto TV,https://ca-rt.onetv.app/manototv/index-0.m3u8?token=%2A%2A%2A
Mantavya News (576p),https://mumt02.tangotv.in/MANTAVYA24X7NEWS/index.m3u8
Manu Chat,https://vmi747311.contaboserver.net/hls/livetv.m3u8
Maqui TV,https://streamyes.alsolnet.com/maquiradio/live/playlist.m3u8
Maray TV,https://5eaccbab48461.streamlock.net:1936/8242/ngrp:8242_all/playlist.m3u8
Maraya (1080p),https://shd-amg-fast.edgenextcdn.net/tx008/playlist.m3u8
Marca TV (1080p),http://200.7.219.221:8088/live/livetv/index.m3u8
Marga Marga TV (720p),https://v1.tustreaming.cl/margamargatv/index.m3u8
Maria Vision (1080p),https://1601580044.rsc.cdn77.org/live/_jcn_/amlst:CHANNEL_2/playlist.m3u8
María Visión Mexico (360p) [Not 24/7],https://1601580044.rsc.cdn77.org/live/_jcn_/amlst:Mariavision/master.m3u8
Maria Vision USA (1080p),https://1601580044.rsc.cdn77.org/live/_jcn_/amls:PALMIAMI/playlist.m3u8
María+Visión Medjugorje (720p),https://1601580044.rsc.cdn77.org/live/_jcn_/amlst:Italiasette/playlist.m3u8
Marina TV (1080p),https://ffs.gulfsat.com/Marina-TV-HD/index.m3u8
Mario Pinto TV (720p) [Not 24/7],https://eu1.servers10.com:8081/8028/index.m3u8
Marjaeyat TV Arabic (1080p),https://livefa.marjaeyattv.com/mtv_ar/playlist.m3u8
Marjaeyat TV English (1080p),https://livefa.marjaeyattv.com/mtv_en/playlist.m3u8
Marjaeyat TV Persian (240p) [Not 24/7],https://livefa.marjaeyattv.com/mtv_fa/playlist.m3u8
Mark Rober TV (1080p),https://d217xu4o9hejvm.cloudfront.net/playlist.m3u8
Marka TV (720p) [Not 24/7],https://5790d294af2dc.streamlock.net/markatv/markatv/playlist.m3u8
Marla Vision (576p) [Not 24/7],https://soportedvb.click:3877/live/merlavisionlive.m3u8
Married... with Children,https://jmp2.uk/plu-66bb3212fe11e5000883ea6b.m3u8
Marsella TV,https://stmv2.voxtvhd.com.br/marsella/marsella/playlist.m3u8
Marsh TV (720p) [Not 24/7],http://cdn.dovecher.tv:8081/live/marsh/playlist.m3u8
Martin County MCTV (Martin County FL) (720p),https://cdn3.wowza.com/5/UWpORHhLSEs5SkJs/martin/G0074_002/playlist.m3u8
Mas23 TV,https://movil.ejeserver.com/live/mas23tv.m3u8
Más adrenalina,https://jmp2.uk/plu-687fea9a4fa995eff284a1c8.m3u8
Más FM 95.9 (720p),https://vivo.solumedia.com:19360/masfm/masfm.m3u8
Mas Norte TV [Not 24/7],https://live.arnoproducciones.com/hls/norte.m3u8
Más Noticias Televisión (720p),https://www.amixtv.com:8081/mntvh/index.m3u8
Más Talk (1080p),https://vod2live.univtec.com/manifest/89290956-94ab-4950-accb-a54bbd7e176f.m3u8
MAS TV,https://cdn.streamhispanatv.net:3011/live/mastvgtlive.m3u8
Masala TV (576p),http://103.250.28.74:8000/play/a02x/index.m3u8
Masha & the Bear (1080p) [Geo-blocked],https://amg01954-amg01954c2-samsung-gb-10391.playouts.now.amagi.tv/ts-eu-w1-n2/playlist/amg01954-animaccordltd-mashaandthebeareng-samsunggb/playlist.m3u8
Mashariki TV (720p) [Not 24/7],https://goliveafrica.media:9998/live/634adc0806f2b/index.m3u8
Mashriq TV (576p),http://103.250.28.74:8000/play/a02s/index.m3u8
MasMusica FM (720p),https://movil.ejeserver.com/live/masmusica.m3u8
Mason TV (1080p),http://stream.mcquack.net/346/index.m3u8
Master TV (720p),https://live-evg5.tv360.bitel.com.pe/bitel/mastertvSRT/playlist.m3u8
Master's TV (720p),https://mn-nl.mncdn.com/commectv_live/masterstv/index.m3u8
MasterChef,https://jmp2.uk/plu-6077045b6031bd00078de127.m3u8
MasterChef Argentina,https://jmp2.uk/plu-69fcaa88e022927e1c94c533.m3u8
MasterChef Brasil Profissionais,https://jmp2.uk/plu-681110afc188aa63faa147e0.m3u8
MasterChef Colombia,https://jmp2.uk/plu-69fcaa71ea95ffff0987f555.m3u8
MasterChef Danmarks største madtalenter,https://jmp2.uk/plu-61c19edbf535220007075c4e.m3u8
Masterchef UK (1080p),https://d1nn4ic5ci0eid.cloudfront.net/MasterchefUKPoweredbyBanijay_GB.m3u8
Mataró Televisió (1080p),https://liveingesta318.cdnmedia.tv/m1tvlive/smil:live.smil/playlist.m3u8?DVR=
Match! Boets (576p),http://stream.mcquack.net/112/index.m3u8
Match! Strana (720p),http://31.148.48.15/Match_Strana/index.m3u8
Match! Ultra (720p),http://stream.mcquack.net/169/index.m3u8
Matched Married Meet (1080p) [Geo-blocked],https://pb-zrn69przatyzi.akamaized.net/Matched_Married_Meet.m3u8
Matched Married Meet by Lifetime (720p),https://jmp2.uk/plu-6887a86be3703b7d42b3eca3.m3u8
MaTele (1080p) [Not 24/7],https://live.matele.be/hls/live.m3u8
Mathrubhumi News (576p) [Not 24/7],https://yuppmedtaorire.akamaized.net/v1/master/a0d007312bfd99c47f76b77ae26b1ccdaae76cb1/mathrubhuminews_nim_https/110322/mathrubhuminews/playlist.m3u8
Matlock,https://jmp2.uk/plu-6850426e53d981d1fdb0d966.m3u8
Matlock,https://jmp2.uk/plu-66290a779e68c20008a18cf3.m3u8
Matlock,https://jmp2.uk/plu-66290b7523e24f000832cc17.m3u8
Matlock,https://jmp2.uk/plu-66290c12801af8000850c1a9.m3u8
Matlock,https://jmp2.uk/plu-63da365f60bc8f0008a50f44.m3u8
Matlock,https://jmp2.uk/plu-60f754f98185580007eb0754.m3u8
Matrix TV Yogyakarta (720p),https://stream.matrixtv.id/hls/0/stream.m3u8
Mattel Jr. (720p),https://dc6v647pwrp79.cloudfront.net/matjr.m3u8
Mattel Junior,https://jmp2.uk/plu-6888928eb52fb742416673d2.m3u8
Mattel Junior,https://jmp2.uk/plu-686e74b0e48af72bc266e798.m3u8
Mattel Junior,https://jmp2.uk/plu-686cfe983ffa5e0c91cdb5df.m3u8
Maverick Black Cinema (1080p),https://maverick-maverick-black-cinema-3-us.roku.wurl.tv/playlist.m3u8
MaviKaradeniz (1080p) [Not 24/7],https://live.artidijitalmedya.com/artidijital_mavikaradeniz/mavikaradeniz/playlist.m3u8
Max & Ruby,https://jmp2.uk/plu-62fb6a4feb32e8000708f4d0.m3u8
MAX Anime (1080p),https://cdnlive.klicgo.net/maxanime/live/playlist.m3u8
Max Sport 1 (720p),http://213.91.179.28:8000/play/a0as
Max Sport 2 (720p),http://213.91.179.28:8000/play/a0at
Max Sport 3 (720p),http://213.91.179.28:8000/play/a0ar
Max Sport 4,http://213.91.179.28:8000/play/a05n
Max TV (1080p),https://streamer2.nexgen.bz/14-MAX/index.m3u8
Maxima TV,https://maximatv.net/hls/stream.m3u8
Maxivisión TV (720p),https://video03.logicahost.com.br/maxivisiontv/maxivisiontv/playlist.m3u8
MaxTV [Not 24/7],https://inliveserver.com:1936/8078/8078/playlist.m3u8
MaxTV/Dieu TV (1080p),https://cdn.katapy.io/cache/stream/katapytv/dieu/playlist.m3u8
Maya Channel,http://146.88.62.69:1935/Transcoder/มายาHD.stream_576p/playlist.m3u8
Maya TV (480p) [Not 24/7],https://media.streambrothers.com:19360/8356/8356.m3u8
Mayday Air Disaster (1080p),https://d1vx4007e1im6x.cloudfront.net/playlist.m3u8
Mayday Air Disaster,https://jmp2.uk/plu-6852811933a52de120f8b89d.m3u8
Mayday: Catastrophe Aérienne (720p),https://jmp2.uk/plu-686e74c777ed3360cb6908bf.m3u8
Mayday: Disastro Aereo (720p),https://jmp2.uk/plu-690cb9140d121b44ad925ac9.m3u8
Mayyazhi (720p) [Not 24/7],http://131.153.22.8:1935/MAYYAZHI/live/playlist.m3u8
Mazhavil Manorama (396p),https://yuppmedtaorire.akamaized.net/v1/master/a0d007312bfd99c47f76b77ae26b1ccdaae76cb1/mazhavilmanorama_nim_https/050522/mazhavilmanorama/playlist.m3u8
Mazhavil Manorama HD (1080p),https://cdn-7.pishow.tv/live/1129/master.m3u8
Mazzika (576p),http://149.100.11.235:8080/Mazzika/index.m3u8
MBC (1080p),https://cdn8.fntvchannel.com/v1/master/02eeb1726c343dc9c30c32e93dee82013e157021/FNTV-CHANNEL_CDN77/index.m3u8
MBC 1 (1080p),https://shd-gcp-live.edgenextcdn.net/live/bitmovin-mbc-1/15cf99af5de54063fdabfefe66adc075/index.m3u8
MBC 1 Egypt (1080p),https://shd-gcp-live.edgenextcdn.net/live/bitmovin-mbc-1-na/eec141533c90dd34722c503a296dd0d8/index.m3u8
MBC 1 USA (1080p) [Geo-blocked],https://shd-gcp-live.edgenextcdn.net/live/bitmovin-mbc-1-usa/fdac3a4fc0473f1f56e07ec1d63a4b7b/index.m3u8
MBC 3 USA (1080p) [Geo-blocked],https://shd-gcp-live.edgenextcdn.net/live/bitmovin-mbc-3-usa/5d58265a862a476dc7f97694addb5ded/index.m3u8
MBC 4 (1080p),https://shd-gcp-live.edgenextcdn.net/live/bitmovin-mbc-4/24f134f1cd63db9346439e96b86ca6ed/index.m3u8
MBC 5 (1080p),https://shd-gcp-live.edgenextcdn.net/live/bitmovin-mbc-5/ee6b000cee0629411b666ab26cb13e9b/index.m3u8
MBC America (1080p),https://cdn-us-east-prod-ingest-infra-dacast-com.akamaized.net/624ff8f9-db18-da92-4d42-896fa2ff3eb3/source/index.m3u8
MBC Andong (안동 MBC) (360p) [Not 24/7],http://andong.webcasting.co.kr/live/mbc/playlist.m3u8
MBC Bollywood (1080p) [Geo-blocked],https://shd-gcp-live.edgenextcdn.net/live/bitmovin-mbc-bollywood/546eb40d7dcf9a209255dd2496903764/index.m3u8
MBC Brasil TV,https://play.mbcbrasil.tv.br/playlist.m3u8
MBC Busan (부산MBC) (360p) [Not 24/7],https://stream.bsmbc.com/livetv/BusanMBC_TV_onairstream/playlist.m3u8
MBC Chuncheon (춘천 MBC) (480p) [Not 24/7],https://stream.chmbc.co.kr/TV/myStream/playlist.m3u8
MBC Chungbuk (MBC 충북) (720p) [Not 24/7],http://211.33.246.4:32954/cj_live/myStream.sdp/playlist.m3u8
MBC Daegu (대구 MBC) (480p) [Not 24/7],https://5ee1ec6f32118.streamlock.net/live/livetv/playlist.m3u8
MBC Daejeon (대전 MBC) (720p) [Not 24/7],https://ns1.tjmbc.co.kr/live/myStream.sdp/playlist.m3u8
MBC Drama (1080p),https://shd-gcp-live.edgenextcdn.net/live/bitmovin-mbc-drama/2c28a458e2f3253e678b07ac7d13fe71/index.m3u8
MBC Drama (480p) [Geo-blocked],http://mytv.dothome.co.kr/ch/catv/26.php
MBC Drama USA (1080p),https://shd-gcp-live.edgenextcdn.net/live/bitmovin-mbc-drama-usa/ea2f5db904aff224b7066e59c7f585a2/index.m3u8
MBC FM (1080p),https://dbbv9umqcd7cs.cloudfront.net/out/v1/db15b75c3cc0400c91961468d6a232ac/index.m3u8
MBC Gangwon (MBC 강원영동) (1080p) [Not 24/7],http://123.254.93.7:1935/tvlive/livestream2/playlist.m3u8
MBC Gwangju (광주 MBC) (1080p) [Geo-blocked] [Not 24/7],https://media.kjmbc.co.kr/hls/live/stream/playlist.m3u8
MBC Gyeongnam (경남 MBC) (1080p) [Not 24/7],https://624a79c87201d.streamlock.net/MBCTV/TV1.stream/playlist.m3u8
MBC Iraq (1080p),https://shd-gcp-live.edgenextcdn.net/live/bitmovin-mbc-iraq/e38c44b1b43474e1c39cb5b90203691e/index.m3u8
MBC Jeju (제주 MBC) (352p) [Not 24/7],https://wowza.jejumbc.com/live/tv_jejumbc/playlist.m3u8
MBC Jeonju (450p),https://5ee9633b25727.streamlock.net/jmbc_tv/_definst_/jmbc_tv.stream/playlist.m3u8
MBC Loud,https://radio-loud-fm.mbc.net/radio-loud-fm_1.m3u8
MBC Masr (1080p),https://shd-gcp-live.edgenextcdn.net/live/bitmovin-mbc-masr/956eac069c78a35d47245db6cdbb1575/index.m3u8
MBC Masr 2 (1080p),https://shd-gcp-live.edgenextcdn.net/live/bitmovin-mbc-masr-2/754931856515075b0aabf0e583495c68/index.m3u8
MBC Masr Drama (1080p),https://shd-gcp-live.edgenextcdn.net/live/bitmovin-mbc-masr-drama/567b703c19ede6598222de81b0e4508b/index.m3u8
MBC Masr USA (1080p),https://shd-gcp-live.edgenextcdn.net/live/bitmovin-mbc-masr-usa/cd8d40acdab28aac0582faa3bd3983f1/index.m3u8
